Rk,Player,Nation,Pos,Squad,Age,Born,Playing Time MP,Playing Time Min,Playing Time Mn/MP,Playing Time Min%,Playing Time 90s,Starts Starts,Starts Mn/Start,Starts Compl,Subs Subs,Subs Mn/Sub,Subs unSub,Team Success PPM,Team Success onG,Team Success onGA,Team Success +/-,Team Success +/-90,Team Success On-Off,Team Success (xG) onxG,Team Success (xG) onxGA,Team Success (xG) xG+/-,Team Success (xG) xG+/-90,Team Success (xG) On-Off
1,Abner,BRA,DF,Betis,22,2000,13,607,47,17.7,6.7,7,74,3,6,15,8,1.08,7,10,-3,-0.44,-0.70,10.3,10.9,-0.6,-0.09,-0.15
2,Álvaro Aceves,ESP,GK,Valladolid,19,2003,1,13,13,0.4,0.1,0,,0,1,13,13,0.00,0,0,0,0.00,+0.79,0.3,0.2,+0.1,+0.73,+1.43
3,Marcos Acuña,ARG,DF,Sevilla,30,1991,30,1912,64,55.9,21.2,21,79,10,9,28,0,1.33,27,34,-7,-0.33,-0.33,27.1,29.5,-2.5,-0.12,+0.21
4,Julen Agirrezabala,ESP,GK,Athletic Club,21,2000,8,675,84,19.7,7.5,7,90,7,1,45,26,0.75,5,6,-1,-0.13,-0.30,10.2,6.9,+3.3,+0.43,-0.03
5,Álvaro Aguado,ESP,MF,Valladolid,26,1996,34,1888,56,55.2,21.0,18,78,11,16,31,4,1.15,19,36,-17,-0.81,-0.05,21.7,36.0,-14.3,-0.68,+0.03
6,Joseph Aidoo,GHA,DF,Celta Vigo,26,1995,35,3119,89,91.2,34.7,35,89,33,0,,0,1.14,40,48,-8,-0.23,+0.37,40.2,40.7,-0.5,-0.01,+0.66
7,Sergio Akieme,ESP,DF,Almería,24,1997,29,2297,79,67.2,25.5,27,84,23,2,9,4,0.93,31,45,-14,-0.55,-0.39,29.6,42.8,-13.3,-0.52,-0.22
8,Babatunde Akinsola,NGA,FW,Valladolid,19,2003,1,11,11,0.3,0.1,0,,0,1,11,4,0.00,0,1,-1,-8.18,-7.42,0.2,0.5,-0.3,-2.22,-1.53
9,Paul Akouokou,CIV,MF|DF,Betis,24,1997,12,447,37,13.1,5.0,3,89,2,9,20,19,1.67,2,6,-4,-0.81,-1.08,3.5,8.9,-5.4,-1.08,-1.28
10,David Alaba,AUT,DF,Real Madrid,30,1992,23,1838,80,53.7,20.4,21,86,16,2,19,3,2.30,49,18,+31,+1.52,+1.06,43.8,21.5,+22.3,+1.09,+0.28
11,Ángel Alarcón,ESP,FW,Barcelona,18,2004,4,25,6,0.7,0.3,0,,0,4,6,10,2.25,0,0,0,0.00,-1.33,,,,,
12,Tomás Alarcón,CHI,MF,Cádiz,23,1999,4,223,56,6.5,2.5,2,83,1,2,29,4,0.00,0,7,-7,-2.83,-2.37,1.2,5.4,-4.2,-1.70,-1.26
13,Jordi Alba,ESP,DF,Barcelona,33,1989,24,1419,59,41.5,15.8,14,83,6,10,26,12,2.17,27,8,+19,+1.21,-0.19,30.7,13.3,+17.5,+1.11,-0.01
14,Raúl Albiol,ESP,DF,Villarreal,36,1985,25,2119,85,62.0,23.5,24,88,22,1,15,2,1.52,29,23,+6,+0.25,-0.64,33.8,27.7,+6.0,+0.26,-0.14
15,Rubén Alcaraz,ESP,MF,Cádiz,31,1991,31,2043,66,59.7,22.7,22,80,10,9,31,0,1.29,18,26,-8,-0.35,+0.63,24.5,34.4,-9.8,-0.43,+0.22
16,Omar Alderete,PAR,DF,Getafe,25,1996,25,2047,82,59.9,22.7,23,87,19,2,23,6,1.04,19,24,-5,-0.22,+0.17,23.2,27.7,-4.5,-0.20,+0.12
17,Iván Alejo,ESP,MF|FW,Cádiz,27,1995,31,1311,42,38.3,14.6,13,69,2,18,23,2,1.06,8,26,-18,-1.24,-1.02,17.1,25.8,-8.7,-0.60,-0.13
18,Carles Aleñá,ESP,MF|FW,Getafe,24,1998,35,2119,61,62.0,23.5,26,75,7,9,20,0,1.00,17,27,-10,-0.42,-0.36,21.3,25.1,-3.8,-0.16,+0.22
19,Alejandro Alfaro,ESP,MF,Elche,20,2002,1,15,15,0.4,0.2,0,,0,1,15,1,0.00,0,0,0,0.00,+0.98,0.0,0.4,-0.4,-2.24,-1.39
20,Ángel Algobia,ESP,MF,Getafe,23,1999,26,1138,44,33.3,12.6,11,71,3,15,24,10,1.19,17,15,+2,+0.16,+0.67,15.6,14.6,+1.1,+0.09,+0.50
21,Mohamed Ali Cho,FRA,FW|MF,Real Sociedad,18,2004,19,587,31,17.2,6.5,5,61,0,14,20,5,1.89,11,9,+2,+0.31,-0.14,10.2,6.8,+3.4,+0.52,+0.01
22,Domingos André Ribeiro Almeida,POR,MF,Valencia,22,2000,34,2539,75,74.2,28.2,29,84,14,5,23,2,1.15,30,32,-2,-0.07,+0.03,37.4,32.4,+5.0,+0.18,+0.09
23,Nando Almodóvar,ESP,GK,Cádiz,18,2003,0,,,,,0,,0,0,,1,,,,,,,,,,,
24,José Alonso Lara,ESP,MF,Betis,22,2000,0,,,,,0,,0,0,,1,,,,,,,,,,,
25,Marcos Alonso,ESP,DF,Barcelona,31,1990,24,1172,49,34.3,13.0,11,80,8,13,22,10,2.29,22,11,+11,+0.84,-0.72,23.2,14.0,+9.2,+0.71,-0.62
26,Carlos Álvarez,ESP,MF,Sevilla,18,2003,1,10,10,0.3,0.1,0,,0,1,10,7,3.00,0,1,-1,-9.00,-8.84,0.1,0.2,-0.1,-0.67,-0.46
27,Gastón Álvarez,URU,DF,Getafe,22,2000,22,1501,68,43.9,16.7,16,86,10,6,22,14,1.41,17,15,+2,+0.12,+0.73,20.6,19.7,+0.9,+0.05,+0.54
28,Hugo Álvarez,ESP,DF,Celta Vigo,19,2003,0,,,,,0,,0,0,,2,,,,,,,,,,,
29,Iker Álvarez,AND,GK,Villarreal,21,2001,0,,,,,0,,0,0,,17,,,,,,,,,,,
30,Yeray Álvarez,ESP,DF,Athletic Club,27,1995,28,2332,83,68.2,25.9,27,86,21,1,12,2,1.50,33,30,+3,+0.12,+0.03,33.0,25.1,+7.9,+0.30,-0.48
31,Diego Alves,BRA,GK,Celta Vigo,37,1985,0,,,,,0,,0,0,,6,,,,,,,,,,,
32,Selim Amallah,MAR,MF|FW,Valladolid,25,1996,7,267,38,7.8,3.0,3,56,0,4,25,2,1.14,6,4,+2,+0.67,+1.59,4.0,5.4,-1.5,-0.50,+0.21
33,Emmanuel Amankwaa Akurugu,GHA,DF,Getafe,20,2001,0,,,,,0,,0,0,,1,,,,,,,,,,,
34,Amath,SEN,MF|FW,Mallorca,26,1996,28,1227,44,35.9,13.6,12,68,3,16,26,3,1.25,13,14,-1,-0.07,+0.13,14.7,15.1,-0.4,-0.03,+0.42
35,Jordan Amavi,FRA,DF,Getafe,28,1994,5,200,40,5.8,2.2,1,58,0,4,36,23,0.80,2,2,0,0.00,+0.31,0.6,1.5,-0.9,-0.39,-0.16
36,Marcos André,BRA,FW|MF,Valencia,25,1996,17,447,26,13.1,5.0,3,52,0,14,21,5,0.76,9,7,+2,+0.40,+0.55,7.3,7.6,-0.3,-0.06,-0.24
37,Fabrizio Angileri,ARG,DF,Getafe,28,1994,15,585,39,17.1,6.5,7,70,2,8,12,15,1.13,7,15,-8,-1.23,-1.14,5.2,10.1,-4.9,-0.75,-0.61
38,Josep Antoni Gayá,ESP,DF|MF,Mallorca,22,2000,2,98,49,2.9,1.1,1,90,1,1,8,19,1.50,0,2,-2,-1.84,-1.73,0.0,2.3,-2.3,-3.86,-3.62
39,José Antonio,ESP,MF|DF,Cádiz,18,2004,2,46,23,1.3,0.5,0,,0,2,23,4,0.00,1,1,0,0.00,+0.61,1.1,0.7,+0.4,+0.76,+1.30
40,Anuar,MAR,MF|FW,Valladolid,27,1995,3,210,70,6.1,2.3,3,70,1,0,,3,0.33,2,5,-3,-1.29,-0.53,1.6,4.4,-2.9,-1.22,-0.57
41,Arvin Appiah,ENG,FW|MF,Almería,21,2001,0,,,,,0,,0,0,,3,,,,,,,,,,,
42,Mauro Arambarri,URU,MF,Getafe,26,1995,13,992,76,29.0,11.0,13,76,5,0,,0,1.08,11,18,-7,-0.64,-0.49,11.5,13.2,-1.7,-0.16,+0.13
43,Egoitz Arana,ESP,GK,Real Sociedad,20,2002,0,,,,,0,,0,0,,5,,,,,,,,,,,
44,Ronald Araújo,URU,DF,Barcelona,23,1999,22,1800,82,52.6,20.0,21,85,16,1,24,2,2.45,42,5,+37,+1.85,+1.13,44.4,14.0,+30.4,+1.52,+0.86
45,Matías Árbol,ESP,GK,Sevilla,19,2002,0,,,,,0,,0,0,,12,,,,,,,,,,,
46,Adu Ares,ESP,FW|MF,Athletic Club,20,2001,8,84,11,2.5,0.9,0,,0,8,11,7,0.63,1,3,-2,-2.14,-2.30,2.5,1.9,+0.5,+0.56,+0.11
47,Sergio Arribas,ESP,MF|FW,Real Madrid,20,2001,2,19,10,0.6,0.2,0,,0,2,10,1,1.50,0,1,-1,-4.74,-5.80,0.9,0.1,+0.8,+3.81,+2.86
48,Roberto Arroyo,ESP,MF,Valladolid,18,2003,1,15,15,0.4,0.2,0,,0,1,15,3,0.00,0,1,-1,-6.00,-5.23,0.0,0.8,-0.8,-4.79,-4.12
49,Ricard Artero,ESP,MF|FW,Girona,19,2003,7,133,19,3.9,1.5,0,,0,7,19,19,2.00,2,2,0,0.00,-0.08,2.6,3.0,-0.5,-0.31,-0.20
50,Santiago Arzamendia,PAR,DF|MF,Cádiz,24,1998,12,483,40,14.1,5.4,5,81,3,7,11,26,0.92,1,15,-14,-2.61,-2.33,3.8,12.0,-8.2,-1.53,-1.17
51,Sergio Asenjo,ESP,GK,Valladolid,33,1989,10,900,90,26.3,10.0,10,90,10,0,,20,0.80,7,21,-14,-1.40,-0.83,8.8,18.1,-9.3,-0.93,-0.32
52,Marco Asensio,ESP,FW|MF,Real Madrid,26,1996,31,1442,47,42.2,16.0,15,80,7,16,16,6,1.90,34,16,+18,+1.12,+0.17,38.7,16.0,+22.7,+1.42,+0.79
53,Iago Aspas,ESP,FW,Celta Vigo,34,1987,37,2868,78,83.9,31.9,31,89,27,6,20,0,1.16,36,46,-10,-0.31,-0.31,37.9,37.5,+0.3,+0.01,+0.52
54,Ander Astralaga,ESP,GK,Barcelona,18,2004,0,,,,,0,,0,0,,2,,,,,,,,,,,
55,Pierre-Emerick Aubameyang,GAB,FW,Barcelona,33,1989,1,9,9,0.3,0.1,0,,0,1,9,2,1.00,0,0,0,0.00,-1.32,0.4,0.1,+0.3,+2.87,+1.76
56,Ludwig Augustinsson,SWE,DF,Mallorca,28,1994,4,132,33,3.9,1.5,1,71,0,3,20,6,0.00,1,4,-3,-2.05,-1.96,1.2,2.6,-1.5,-1.00,-0.73
57,Ezequiel Ávila,ARG,FW|MF,Osasuna,28,1994,29,1709,59,50.0,19.0,23,68,1,6,23,3,1.31,18,17,+1,+0.05,+0.37,19.2,20.2,-1.0,-0.05,+0.22
58,Iddrisu Baba,GHA,MF|DF,Mallorca,26,1996,29,1705,59,49.9,18.9,20,76,10,9,21,6,1.45,14,24,-10,-0.53,-0.74,16.6,25.5,-8.9,-0.46,-0.33
59,Srđan Babić,SRB,DF,Almería,26,1996,34,2998,88,87.7,33.3,33,89,32,1,45,3,1.15,42,56,-14,-0.42,+0.01,39.5,51.7,-12.2,-0.37,+0.67
60,Loïc Bade,FRA,DF,Sevilla,22,2000,19,1449,76,42.4,16.1,16,88,15,3,11,1,1.84,24,16,+8,+0.50,+1.18,21.9,19.1,+2.8,+0.17,+0.66
61,Édgar Badía,ESP,GK,Elche,30,1992,36,3240,90,94.7,36.0,36,90,36,0,,0,0.69,29,63,-34,-0.94,+0.56,35.8,67.0,-31.2,-0.87,-0.21
62,Alex Baena,ESP,MF|FW,Villarreal,21,2001,35,1947,56,56.9,21.6,19,81,9,16,26,0,1.71,32,23,+9,+0.42,-0.19,36.3,30.3,+6.0,+0.28,-0.08
63,Miguel Baeza,ESP,MF,Celta Vigo,22,2000,0,,,,,0,,0,0,,3,,,,,,,,,,,
64,Alejandro Balde,ESP,DF,Barcelona,18,2003,33,2471,75,72.3,27.5,30,81,21,3,9,4,2.45,48,15,+33,+1.20,-0.41,53.8,25.9,+27.9,+1.02,-0.35
65,Mikel Balenziaga,ESP,DF,Athletic Club,34,1988,3,115,38,3.4,1.3,1,69,0,2,23,27,1.00,1,3,-2,-1.57,-1.73,0.8,1.5,-0.6,-0.50,-0.99
66,Iván Balliu,ALB,DF,Rayo Vallecano,30,1992,37,3232,87,94.5,35.9,37,87,31,0,,0,1.30,43,47,-4,-0.11,+1.80,38.8,45.7,-7.0,-0.19,-0.65
67,Léo Baptistão,BRA,FW|MF,Almería,29,1992,28,1726,62,50.5,19.2,24,69,1,4,19,1,1.29,28,30,-2,-0.10,+0.64,20.6,28.7,-8.2,-0.43,+0.05
68,Francisco Barbosa,ESP,GK,Betis,23,1999,0,,,,,0,,0,0,,1,,,,,,,,,,,
69,Barcia,ESP,DF,Celta Vigo,21,2000,0,,,,,0,,0,0,,1,,,,,,,,,,,
70,Keidi Bare,ALB,MF,Espanyol,24,1997,18,503,28,14.7,5.6,4,60,0,14,19,7,0.89,5,12,-7,-1.25,-0.94,6.2,10.4,-4.2,-0.75,-0.52
71,Kike Barja,ESP,FW|MF,Osasuna,25,1997,27,1312,49,38.4,14.6,15,70,1,12,22,11,1.30,19,18,+1,+0.07,+0.32,15.0,18.6,-3.6,-0.25,-0.13
72,Ander Barrenetxea,ESP,FW|DF,Real Sociedad,20,2001,23,878,38,25.7,9.8,9,65,0,14,21,5,2.00,14,5,+9,+0.92,+0.67,14.7,8.5,+6.2,+0.64,+0.18
73,Pablo Barrios,ESP,MF,Atlético Madrid,19,2003,21,724,34,21.2,8.0,6,64,1,15,23,5,2.05,13,9,+4,+0.50,-0.60,13.8,10.4,+3.4,+0.42,-0.17
74,Álvaro Bastida,ESP,MF,Cádiz,18,2004,0,,,,,0,,0,0,,1,,,,,,,,,,,
75,Rodrigo Battaglia,ARG,MF,Mallorca,31,1991,15,686,46,20.1,7.6,8,73,2,7,14,9,1.47,5,7,-2,-0.26,-0.13,4.6,11.2,-6.7,-0.88,-0.72
76,Bebé,CPV,FW,Rayo Vallecano,32,1990,4,60,15,1.8,0.7,0,,0,4,15,13,0.25,1,1,0,0.00,+0.21,1.0,0.1,+1.0,+1.45,+1.64
77,Héctor Bellerín,ESP,DF,Barcelona,27,1995,3,143,48,4.2,1.6,1,90,1,2,27,8,3.00,4,0,+4,+2.52,+1.25,5.4,0.6,+4.7,+2.98,+1.95
78,Vicente Bellmunt,ESP,GK,Getafe,22,2000,0,,,,,0,,0,0,,1,,,,,,,,,,,
79,Fran Beltrán,ESP,MF,Celta Vigo,23,1999,36,2855,79,83.5,31.7,33,84,22,3,28,0,1.17,35,44,-9,-0.28,-0.12,37.4,35.9,+1.5,+0.05,+0.73
80,Iker Benito,ESP,FW|MF,Osasuna,19,2002,4,176,44,5.1,2.0,2,72,0,2,17,5,2.25,2,0,+2,+1.02,+1.22,0.9,3.2,-2.3,-1.18,-1.07
81,Karim Benzema,FRA,FW,Real Madrid,34,1987,24,2038,85,59.6,22.6,24,85,18,0,,0,2.08,46,17,+29,+1.28,+0.63,47.5,23.9,+23.6,+1.04,+0.20
82,Yuri Berchiche,ESP,DF,Athletic Club,32,1990,29,2406,83,70.4,26.7,27,87,24,2,28,1,1.10,23,32,-9,-0.34,-1.49,35.7,27.8,+7.9,+0.29,-0.54
83,Álex Berenguer,ESP,FW,Athletic Club,27,1995,37,2297,62,67.2,25.5,26,78,10,11,25,1,1.30,30,33,-3,-0.12,-0.68,33.7,25.4,+8.4,+0.33,-0.39
84,Emilio Bernard,ESP,GK,Valencia,22,1999,0,,,,,0,,0,0,,2,,,,,,,,,,,
85,Pedro Bigas,ESP,DF,Elche,31,1990,28,2020,72,59.1,22.4,25,77,17,3,28,4,0.57,11,41,-30,-1.34,-0.89,18.1,37.9,-19.8,-0.88,-0.06
86,El Bilal Touré,MLI,FW,Almería,20,2001,21,1264,60,37.0,14.0,15,73,1,6,27,3,1.10,23,23,0,0.00,+0.67,17.3,18.6,-1.4,-0.10,+0.56
87,Junior Bita,CIV,MF,Athletic Club,17,2005,0,,,,,0,,0,0,,3,,,,,,,,,,,
88,Lautaro Blanco,ARG,DF|MF,Elche,23,1999,17,872,51,25.5,9.7,9,70,2,8,31,6,1.00,9,16,-7,-0.72,+0.34,11.0,18.0,-7.0,-0.72,+0.18
89,Theo Bongonda,COD,MF|FW,Cádiz,26,1995,31,1938,63,56.7,21.5,24,72,4,7,30,5,1.19,18,25,-7,-0.33,+0.65,23.0,32.2,-9.2,-0.43,+0.21
90,Yassine Bounou,MAR,GK,Sevilla,31,1991,25,2151,86,62.9,23.9,25,86,23,0,,12,1.04,27,42,-15,-0.63,-1.19,28.1,37.8,-9.7,-0.41,-0.53
91,Lucas Boyé,ARG,FW,Elche,26,1996,35,2462,70,72.0,27.4,29,81,14,6,21,0,0.69,24,47,-23,-0.84,+0.47,27.5,44.8,-17.3,-0.63,+0.80
92,Martin Braithwaite,DEN,FW|MF,Espanyol,31,1991,31,2456,79,71.8,27.3,29,83,14,2,29,0,0.94,35,46,-11,-0.40,+0.16,32.4,40.5,-8.1,-0.30,+0.01
93,Juan Brandáriz,ESP,DF,Almería,23,1999,21,1489,71,43.5,16.5,15,89,13,6,27,9,1.10,20,30,-10,-0.60,-0.32,20.3,31.7,-11.4,-0.69,-0.43
94,Darko Brašanac,SRB,MF,Osasuna,30,1992,25,1041,42,30.4,11.6,9,74,3,16,23,2,1.36,11,14,-3,-0.26,-0.18,12.0,14.5,-2.5,-0.21,-0.07
95,Claudio Bravo,CHI,GK,Betis,39,1983,12,1080,90,31.6,12.0,12,90,12,0,,21,1.67,13,9,+4,+0.33,+0.29,16.8,14.9,+1.9,+0.16,+0.18
96,Diego Bri,ESP,FW,Atlético Madrid,19,2002,0,,,,,0,,0,0,,1,,,,,,,,,,,
97,Ante Budimir,CRO,FW,Osasuna,31,1991,31,1798,58,52.6,20.0,22,73,3,9,20,6,1.48,22,19,+3,+0.15,+0.59,22.1,22.0,+0.2,+0.01,+0.37
98,Santiago Bueno,URU,DF,Girona,23,1998,34,3010,89,88.0,33.4,34,89,32,0,,0,1.44,55,48,+7,+0.21,+1.09,45.3,46.0,-0.7,-0.02,+0.84
99,Sergio Busquets,ESP,MF,Barcelona,34,1988,30,2339,78,68.4,26.0,28,81,17,2,30,4,2.43,41,11,+30,+1.15,-0.51,49.4,22.6,+26.8,+1.03,-0.25
100,Leandro Cabrera,URU,DF,Espanyol,31,1991,32,2669,83,78.0,29.7,31,86,27,1,1,2,1.03,40,54,-14,-0.47,-0.11,38.5,45.0,-6.5,-0.22,+0.38
101,Cala,ESP,DF,Cádiz,32,1989,3,137,46,4.0,1.5,1,72,0,2,33,9,0.67,0,3,-3,-1.97,-1.42,0.8,2.5,-1.7,-1.15,-0.65
102,Fernando Calero,ESP,DF|MF,Espanyol,26,1995,27,1611,60,47.1,17.9,20,73,7,7,23,9,1.07,21,29,-8,-0.45,0.00,21.8,25.7,-3.8,-0.21,+0.17
103,Alexander Callens,PER,DF,Girona,30,1992,6,120,20,3.5,1.3,0,,0,6,20,7,1.83,1,0,+1,+0.75,+0.70,1.2,2.1,-0.9,-0.66,-0.56
104,Dawda Camara,MTN,FW,Girona,19,2002,0,,,,,0,,0,0,,1,,,,,,,,,,,
105,Eduardo Camavinga,FRA,MF|DF,Real Madrid,19,2002,37,2010,54,58.8,22.3,21,78,11,16,23,0,2.11,51,16,+35,+1.57,+1.31,47.6,20.8,+26.8,+1.20,+0.58
106,Sergio Camello,ESP,FW,Rayo Vallecano,21,2001,38,2401,63,70.2,26.7,27,78,4,11,26,0,1.29,36,38,-2,-0.07,+0.45,31.7,36.2,-4.5,-0.17,-0.03
107,Sergio Canales,ESP,FW|MF,Betis,31,1991,31,2402,77,70.2,26.7,28,82,14,3,40,0,1.52,31,28,+3,+0.11,-0.06,32.6,34.7,-2.1,-0.08,-0.38
108,Lucas Cañizares,ESP,GK,Real Madrid,20,2002,0,,,,,0,,0,0,,6,,,,,,,,,,,
109,Ander Capa,ESP,DF,Athletic Club,30,1992,7,109,16,3.2,1.2,1,61,0,6,8,27,1.43,2,0,+2,+1.65,+1.60,2.3,1.2,+1.1,+0.91,+0.47
110,Étienne Capoue,FRA,MF,Villarreal,34,1988,28,1955,70,57.2,21.7,22,82,12,6,25,1,1.50,33,26,+7,+0.32,-0.41,35.1,26.5,+8.6,+0.40,+0.20
111,Isaac Carcelen,ESP,DF,Cádiz,29,1993,27,2199,81,64.3,24.4,25,84,18,2,52,2,1.26,20,23,-3,-0.12,+1.35,29.6,34.6,-4.9,-0.20,+0.90
112,Carlo,ESP,MF,Villarreal,21,2001,0,,,,,0,,0,0,,4,,,,,,,,,,,
113,Juan Carlos,ESP,GK,Girona,34,1988,10,900,90,26.3,10.0,10,90,10,0,,28,0.80,14,18,-4,-0.40,-0.65,13.3,12.9,+0.3,+0.03,+0.21
114,José Carlos Lazo,ESP,MF|FW,Almería,26,1996,1,20,20,0.6,0.2,0,,0,1,20,1,0.00,0,1,-1,-4.50,-4.10,0.4,0.1,+0.3,+1.19,+1.64
115,José Carlos Lazo,ESP,MF|FW,Espanyol,26,1996,10,159,16,4.6,1.8,0,,0,10,16,23,0.90,7,2,+5,+2.83,+3.44,3.1,2.0,+1.2,+0.66,+1.00
116,Carmona,ESP,MF|DF,Elche,20,2002,9,589,65,17.2,6.5,8,72,2,1,15,0,1.00,5,10,-5,-0.76,+0.25,8.1,9.6,-1.5,-0.23,+0.76
117,Carmona,ESP,DF,Sevilla,20,2002,10,527,53,15.4,5.9,5,69,1,5,36,5,1.00,6,11,-5,-0.85,-0.79,4.7,13.7,-9.0,-1.53,-1.56
118,Yannick Carrasco,BEL,DF|MF,Atlético Madrid,28,1993,35,2317,66,67.7,25.7,26,77,7,9,36,1,2.06,43,25,+18,+0.70,-0.85,42.4,31.4,+11.0,+0.43,-0.39
119,Sergio Carreira,ESP,DF,Villarreal,21,2000,0,,,,,0,,0,0,,1,,,,,,,,,,,
120,Coke Carrillo,ESP,GK,Celta Vigo,20,2002,0,,,,,0,,0,0,,17,,,,,,,,,,,
121,Dani Carvajal,ESP,DF,Real Madrid,30,1992,27,1784,66,52.2,19.8,20,82,8,7,20,5,1.96,38,22,+16,+0.81,-0.46,38.4,21.3,+17.1,+0.86,-0.21
122,William Carvalho,POR,MF,Betis,30,1992,33,2438,74,71.3,27.1,31,77,14,2,22,0,1.70,34,24,+10,+0.37,+0.83,37.9,32.0,+5.9,+0.21,+0.64
123,Marc Casado,ESP,MF,Barcelona,18,2003,0,,,,,0,,0,0,,8,,,,,,,,,,,
124,Casemiro,BRA,MF,Real Madrid,30,1992,1,8,8,0.2,0.1,0,,0,1,8,0,3.00,0,0,0,0.00,-1.03,0.0,0.3,-0.3,-3.45,-4.42
125,Kiko Casilla,ESP,GK,Getafe,35,1986,0,,,,,0,,0,0,,37,,,,,,,,,,,
126,Valentín Castellanos,ARG,FW,Girona,23,1998,35,2597,74,75.9,28.9,33,77,8,2,22,0,1.29,43,41,+2,+0.07,-0.04,35.4,38.6,-3.1,-0.11,+0.05
127,Samu Castillejo,ESP,FW|MF,Valencia,27,1995,25,1362,54,39.8,15.1,17,70,3,8,21,4,0.88,14,15,-1,-0.07,+0.02,17.8,14.0,+3.8,+0.25,+0.16
128,Catena,ESP,DF,Rayo Vallecano,27,1994,35,3103,89,90.7,34.5,35,89,32,0,,0,1.34,41,48,-7,-0.20,+0.08,41.0,44.3,-3.3,-0.10,+0.67
129,Edinson Cavani,URU,FW,Valencia,35,1987,25,1449,58,42.4,16.1,20,69,4,5,14,1,0.88,18,15,+3,+0.19,+0.46,19.3,17.9,+1.5,+0.09,-0.11
130,Dani Ceballos,ESP,MF,Real Madrid,25,1996,30,1564,52,45.7,17.4,19,74,5,11,15,3,2.17,26,14,+12,+0.69,-0.62,30.8,16.6,+14.1,+0.81,-0.28
131,Iván Cédric,ESP,FW,Valladolid,20,2001,0,,,,,0,,0,0,,3,,,,,,,,,,,
132,Álex Centelles,ESP,DF,Almería,24,1997,15,1123,75,32.8,12.5,11,88,9,4,38,12,1.06,19,21,-2,-0.16,+0.39,15.9,19.7,-3.8,-0.30,+0.22
133,Franco Cervi,ARG,MF|DF,Celta Vigo,28,1994,36,1894,53,55.4,21.0,21,76,6,15,21,1,1.11,19,37,-18,-0.86,-1.33,23.9,26.2,-2.3,-0.11,-0.08
134,Pep Chavarría,ESP,FW|MF,Rayo Vallecano,24,1998,16,366,23,10.7,4.1,2,68,0,14,17,18,1.75,7,7,0,0.00,+0.24,5.6,4.6,+1.0,+0.24,+0.45
135,Pape Cheikh Diop,SEN,MF,Elche,24,1997,2,37,19,1.1,0.4,0,,0,2,19,10,0.33,2,1,+1,+2.43,+3.44,0.2,0.9,-0.8,-1.82,-0.98
136,Andreas Christensen,DEN,DF,Barcelona,26,1996,23,1760,77,51.5,19.6,22,80,15,1,6,4,2.30,33,13,+20,+1.02,-0.60,34.9,19.5,+15.4,+0.79,-0.67
137,Samuel Chukwueze,NGA,FW|MF,Villarreal,23,1999,37,2339,63,68.4,26.0,27,77,9,10,25,1,1.73,41,33,+8,+0.31,-0.61,42.0,34.9,+7.2,+0.28,-0.11
138,Víctor Chust,ESP,DF,Cádiz,22,2000,14,965,69,28.2,10.7,10,78,8,4,48,4,0.86,7,20,-13,-1.21,-0.85,8.7,20.1,-11.3,-1.06,-0.74
139,Pathé Ciss,SEN,MF|DF,Rayo Vallecano,28,1994,32,1282,40,37.5,14.2,12,77,6,20,18,6,1.47,9,27,-18,-1.26,-1.68,15.3,21.4,-6.1,-0.43,-0.43
140,Carlos Clerc,ESP,DF|MF,Elche,30,1992,32,2639,82,77.2,29.3,31,84,21,1,22,5,0.72,24,50,-26,-0.89,+0.38,29.1,50.7,-21.7,-0.74,+0.51
141,Manu Cocca,ARG,DF,Elche,19,2002,0,,,,,0,,0,0,,2,,,,,,,,,,,
142,Álex Collado,ESP,MF,Elche,23,1999,16,729,46,21.3,8.1,8,64,2,8,27,11,0.50,6,17,-11,-1.36,-0.49,6.9,13.4,-6.5,-0.80,+0.07
143,Diego Collado,ESP,FW,Villarreal,21,2001,2,6,3,0.2,0.1,0,,0,2,3,1,1.50,1,0,+1,+15.00,+14.53,1.6,0.1,+1.5,+22.48,+22.21
144,Eray Cömert,SUI,DF,Valencia,24,1998,23,1672,73,48.9,18.6,19,84,15,4,20,12,1.22,22,22,0,0.00,+0.15,24.6,24.7,0.0,0.00,-0.30
145,Santi Comesaña,ESP,MF,Rayo Vallecano,25,1996,35,2451,70,71.7,27.2,29,77,7,6,36,0,1.20,36,33,+3,+0.11,+1.13,33.3,34.9,-1.7,-0.06,+0.34
146,Diego Conde,ESP,GK,Getafe,23,1998,0,,,,,0,,0,0,,36,,,,,,,,,,,
147,Martín Conde,ESP,DF,Celta Vigo,19,2003,0,,,,,0,,0,0,,2,,,,,,,,,,,
148,Copete,ESP,DF,Mallorca,22,1999,28,2206,79,64.5,24.5,27,81,16,1,14,6,1.39,22,26,-4,-0.16,-0.01,22.0,31.4,-9.4,-0.38,-0.25
149,Francis Coquelin,FRA,MF,Villarreal,31,1991,16,748,47,21.9,8.3,9,68,1,7,19,1,1.38,10,6,+4,+0.48,-0.02,11.0,11.2,-0.2,-0.02,-0.42
150,Jesús Corona,MEX,FW,Sevilla,29,1993,4,111,28,3.2,1.2,1,62,0,3,16,9,0.75,3,2,+1,+0.81,+1.03,1.5,1.3,+0.2,+0.14,+0.36
151,Adrián Corral,ESP,DF,Atlético Madrid,19,2003,0,,,,,0,,0,0,,2,,,,,,,,,,,
152,Ángel Correa,ARG,FW|MF,Atlético Madrid,27,1995,35,1455,42,42.5,16.2,13,69,1,22,25,1,1.94,29,15,+14,+0.87,-0.19,31.1,19.4,+11.7,+0.72,+0.30
153,Thierry Correia,POR,DF,Valencia,23,1999,27,2009,74,58.7,22.3,24,81,14,3,19,0,1.19,27,26,+1,+0.04,+0.30,33.4,23.2,+10.3,+0.46,+0.74
154,Jaume Costa,ESP,DF,Mallorca,34,1988,32,2599,81,76.0,28.9,30,84,19,2,45,1,1.44,31,32,-1,-0.03,+0.51,25.0,36.8,-11.8,-0.41,-0.47
155,Samu Costa,POR,MF,Almería,21,2000,32,1989,62,58.2,22.1,22,83,15,10,16,6,1.16,23,47,-24,-1.09,-1.59,23.8,41.5,-17.7,-0.80,-0.84
156,Thibaut Courtois,BEL,GK,Real Madrid,30,1992,31,2790,90,81.6,31.0,31,90,31,0,,1,2.10,61,29,+32,+1.03,+0.03,61.5,32.3,+29.2,+0.94,-0.11
157,Yan Couto,BRA,DF|MF,Girona,20,2002,25,1158,46,33.9,12.9,12,77,5,13,18,4,1.12,20,15,+5,+0.39,+0.47,15.4,16.7,-1.3,-0.10,+0.03
158,Cristian,ESP,GK,Valencia,24,1998,0,,,,,0,,0,0,,26,,,,,,,,,,,
159,Juan Cruz Armada,ESP,DF,Osasuna,30,1992,27,2062,76,60.3,22.9,21,89,20,6,31,9,1.33,21,27,-6,-0.26,-0.33,25.3,28.1,-2.8,-0.12,+0.11
160,Juan Cruz,ESP,FW,Betis,22,2000,6,178,30,5.2,2.0,1,63,0,5,23,12,1.33,5,2,+3,+1.52,+1.46,3.6,1.6,+2.0,+1.02,+1.04
161,Jorge Cuenca,ESP,DF,Villarreal,22,1999,10,506,51,14.8,5.6,5,84,4,5,17,28,1.40,5,7,-2,-0.36,-1.00,6.8,8.8,-2.0,-0.36,-0.79
162,Braian Cufré,ARG,DF,Mallorca,25,1996,5,220,44,6.4,2.4,2,90,2,3,13,13,0.80,2,2,0,0.00,+0.17,4.1,1.1,+3.0,+1.21,+1.61
163,Matheus Cunha,BRA,FW|MF,Atlético Madrid,23,1999,11,377,34,11.0,4.2,2,68,0,9,27,2,1.82,10,6,+4,+0.95,-0.02,8.1,5.9,+2.2,+0.52,-0.03
164,Curro,ESP,MF,Almería,26,1996,2,43,22,1.3,0.5,0,,0,2,22,1,1.50,0,2,-2,-4.19,-3.81,0.4,0.6,-0.3,-0.58,-0.13
165,Arnaut Danjuma,NED,FW,Villarreal,25,1997,10,479,48,14.0,5.3,6,69,2,4,16,2,1.40,4,7,-3,-0.56,-1.24,5.6,6.0,-0.5,-0.09,-0.46
166,Sergi Darder,ESP,MF,Espanyol,28,1993,38,3320,87,97.1,36.9,38,87,31,0,,0,0.97,51,64,-13,-0.35,+3.25,47.8,56.6,-8.8,-0.24,+2.13
167,Lulo Dasilva,ESP,MF,Sevilla,19,2002,0,,,,,0,,0,0,,1,,,,,,,,,,,
168,Rodrigo De Paul,ARG,MF,Atlético Madrid,28,1994,30,1923,64,56.2,21.4,24,74,5,6,27,3,2.07,40,20,+20,+0.94,-0.09,33.4,23.5,+9.9,+0.46,-0.20
169,Alberto Del Moral,ESP,MF,Villarreal,22,2000,1,5,5,0.1,0.1,0,,0,1,5,1,0.00,0,0,0,0.00,-0.50,0.0,0.0,0.0,-0.60,-0.91
170,Thomas Delaney,DEN,MF,Sevilla,30,1991,8,309,39,9.0,3.4,2,62,0,6,31,6,0.25,2,7,-5,-1.46,-1.40,2.9,8.1,-5.2,-1.51,-1.43
171,Fran Delgado,ESP,DF,Betis,21,2001,1,12,12,0.4,0.1,0,,0,1,12,3,3.00,0,0,0,0.00,-0.13,0.3,0.0,+0.3,+2.49,+2.47
172,Ousmane Dembélé,FRA,FW,Barcelona,25,1997,25,1410,56,41.2,15.7,16,73,3,9,28,0,2.36,32,11,+21,+1.34,+0.04,32.1,15.5,+16.6,+1.06,-0.10
173,Mouctar Diakhaby,GUI,DF,Valencia,25,1996,29,2446,84,71.5,27.2,28,86,24,1,36,4,1.14,32,29,+3,+0.11,+0.66,35.5,27.7,+7.8,+0.29,+0.47
174,Mamady Diarra,MLI,MF|DF,Cádiz,22,2000,2,66,33,1.9,0.7,1,61,0,1,5,2,0.00,0,1,-1,-1.36,-0.77,0.7,1.9,-1.2,-1.61,-1.11
175,Youba Diarra,MLI,MF,Cádiz,24,1998,5,98,20,2.9,1.1,1,45,0,4,13,15,1.00,0,5,-5,-4.59,-4.10,1.6,3.2,-1.6,-1.51,-1.01
176,Sergio Diez Roldan,ESP,DF,Atlético Madrid,19,2003,0,,,,,0,,0,0,,10,,,,,,,,,,,
177,Stole Dimitrievski,MKD,GK,Rayo Vallecano,28,1993,37,3324,90,97.2,36.9,37,90,36,0,,1,1.32,44,49,-5,-0.14,+2.68,43.0,48.1,-5.1,-0.14,+0.69
178,Djené,TOG,DF,Getafe,30,1991,33,2840,86,83.0,31.6,33,86,29,0,,0,1.03,27,39,-12,-0.38,-0.54,30.8,35.5,-4.7,-0.15,+0.58
179,Marko Dmitrović,SRB,GK,Sevilla,30,1992,15,1269,85,37.1,14.1,13,90,13,2,50,21,1.73,20,13,+7,+0.50,+1.08,18.2,16.4,+1.8,+0.13,+0.53
180,Matt Doherty,IRL,DF,Atlético Madrid,30,1992,2,18,9,0.5,0.2,0,,0,2,9,17,3.00,1,0,+1,+5.00,+4.05,0.2,0.1,+0.2,+0.89,+0.34
181,Kasper Dolberg,DEN,FW,Sevilla,24,1997,4,197,49,5.8,2.2,2,75,1,2,24,7,0.50,2,2,0,0.00,+0.20,1.7,4.1,-2.4,-1.08,-0.93
182,Jaume Doménech,ESP,GK,Valencia,31,1990,0,,,,,0,,0,0,,12,,,,,,,,,,,
183,Carlos Dominguez,ESP,DF,Celta Vigo,21,2001,3,108,36,3.2,1.2,1,90,1,2,9,35,3.00,2,1,+1,+0.83,+1.13,0.8,1.3,-0.5,-0.38,-0.31
184,Javier Dominguez,ESP,DF,Celta Vigo,21,2001,0,,,,,0,,0,0,,4,,,,,,,,,,,
185,Mario Dominguez,ESP,MF,Valencia,18,2004,0,,,,,0,,0,0,,3,,,,,,,,,,,
186,John Donald,ESP,MF|DF,Elche,21,2000,14,1092,78,31.9,12.1,13,81,10,1,45,10,0.86,11,14,-3,-0.25,+1.07,13.9,19.7,-5.9,-0.48,+0.55
187,Carlos Dotor,ESP,MF,Real Madrid,21,2001,0,,,,,0,,0,0,,1,,,,,,,,,,,
188,Domingos Duarte,POR,DF,Getafe,27,1995,31,2657,86,77.7,29.5,30,88,28,1,13,5,0.94,26,40,-14,-0.47,-0.83,24.9,38.4,-13.6,-0.46,-0.96
189,Pablo Durán,ESP,MF|DF,Celta Vigo,21,2001,4,36,9,1.1,0.4,0,,0,4,9,6,0.50,0,1,-1,-2.50,-2.26,0.5,0.7,-0.2,-0.55,-0.48
190,Hugo Duro,ESP,FW,Valencia,22,1999,30,1385,46,40.5,15.4,12,75,6,18,27,5,1.13,16,20,-4,-0.26,-0.30,21.1,18.8,+2.3,+0.15,-0.01
191,Íñigo Eguaras,ESP,MF,Almería,30,1992,25,967,39,28.3,10.7,10,73,4,15,16,11,1.40,11,19,-8,-0.74,-0.45,11.1,19.8,-8.6,-0.80,-0.49
192,Aritz Elustondo,ESP,DF,Real Sociedad,28,1994,25,1449,58,42.4,16.1,16,78,8,9,22,4,2.20,26,14,+12,+0.75,+0.56,21.7,14.1,+7.6,+0.47,-0.06
193,Rodrigo Ely,BRA,DF,Almería,28,1993,36,3155,88,92.3,35.1,36,88,33,0,,0,1.03,45,61,-16,-0.46,-0.46,38.8,57.8,-18.9,-0.54,-1.18
194,Adri Embarba,ESP,FW|MF,Almería,30,1992,29,1472,51,43.0,16.4,18,68,1,11,22,5,1.14,23,27,-4,-0.24,+0.31,22.0,22.4,-0.4,-0.03,+0.74
195,Adri Embarba,ESP,FW,Espanyol,30,1992,1,35,35,1.0,0.4,0,,0,1,35,0,1.00,2,1,+1,+2.57,+3.05,1.0,0.2,+0.8,+2.12,+2.45
196,Youssef En-Nesyri,MAR,FW,Sevilla,25,1997,31,1661,54,48.6,18.5,17,76,6,14,26,6,1.42,26,22,+4,+0.22,+0.78,25.6,23.3,+2.3,+0.12,+0.64
197,Gonzalo Escalante,ARG,MF,Cádiz,29,1993,14,1121,80,32.8,12.5,13,83,8,1,45,1,1.57,13,13,0,0.00,+0.90,16.6,17.2,-0.6,-0.05,+0.71
198,Sergio Escudero,ESP,DF,Valladolid,32,1989,23,1439,63,42.1,16.0,17,76,8,6,25,10,1.13,15,21,-6,-0.38,+0.72,16.9,23.1,-6.2,-0.39,+0.53
199,Alfonso Espino,URU,DF,Cádiz,30,1992,36,3122,87,91.3,34.7,35,89,33,1,18,1,1.17,29,43,-14,-0.40,+2.31,39.7,53.4,-13.7,-0.40,+1.46
200,Bernardo Espinosa,COL,DF,Girona,33,1989,20,1225,61,35.8,13.6,14,82,10,6,13,16,1.05,14,26,-12,-0.88,-1.50,18.8,22.5,-3.7,-0.27,-0.24
201,Estanis,ESP,FW,Barcelona,18,2003,0,,,,,0,,0,0,,3,,,,,,,,,,,
202,Pervis Estupiñán,ECU,DF,Villarreal,24,1998,0,,,,,0,,0,0,,1,,,,,,,,,,,
203,Karl Etta,CMR,MF,Cádiz,18,2004,0,,,,,0,,0,0,,1,,,,,,,,,,,
204,Edu Expósito,ESP,MF,Espanyol,25,1996,28,1160,41,33.9,12.9,13,65,0,15,21,9,0.89,21,26,-5,-0.39,+0.09,16.7,19.3,-2.6,-0.20,+0.15
205,Nicolás Ezequiel Fernández,ARG,MF|DF,Elche,22,2000,18,514,29,15.0,5.7,3,65,1,15,21,12,0.44,5,10,-5,-0.88,+0.12,6.4,12.3,-5.8,-1.02,-0.19
206,Abdessamad Ezzalzouli,MAR,FW|MF,Osasuna,20,2001,28,1504,54,44.0,16.7,19,72,2,9,16,0,1.43,20,15,+5,+0.30,+0.77,16.8,19.5,-2.7,-0.16,+0.01
207,Radamel Falcao,COL,FW|MF,Rayo Vallecano,36,1986,27,616,23,18.0,6.8,3,75,1,24,16,5,1.11,6,9,-3,-0.44,-0.28,8.3,10.5,-2.2,-0.32,-0.20
208,Fali,ESP,DF|MF,Cádiz,28,1993,25,1714,69,50.1,19.0,22,73,11,3,33,6,1.16,17,25,-8,-0.42,+0.37,20.4,27.7,-7.3,-0.39,+0.28
209,Mamadou Fall,SEN,DF,Villarreal,19,2002,1,30,30,0.9,0.3,0,,0,1,30,0,3.00,1,0,+1,+3.00,+2.52,1.8,0.2,+1.6,+4.80,+4.53
210,Biel Farres,ESP,DF,Girona,20,2002,0,,,,,0,,0,0,,5,,,,,,,,,,,
211,Ansu Fati,ESP,FW,Barcelona,19,2002,36,1393,39,40.7,15.5,12,71,1,24,22,1,2.36,36,5,+31,+2.00,+1.16,31.8,13.1,+18.7,+1.21,+0.16
212,Zouhair Feddal,MAR,DF,Valladolid,33,1989,8,375,47,11.0,4.2,4,68,2,4,26,5,1.25,5,7,-2,-0.48,+0.35,3.4,9.2,-5.9,-1.41,-0.80
213,Nabil Fekir,FRA,MF,Betis,29,1993,15,961,64,28.1,10.7,12,73,5,3,28,0,1.73,19,10,+9,+0.84,+0.99,19.9,10.1,+9.7,+0.91,+1.22
214,Felipe,BRA,DF,Atlético Madrid,33,1989,3,194,65,5.7,2.2,2,90,2,1,14,11,0.33,1,3,-2,-0.93,-2.02,2.4,2.3,0.0,+0.02,-0.56
215,Luiz Felipe,ITA,DF,Betis,25,1997,23,1763,77,51.5,19.6,22,79,16,1,16,3,1.35,23,23,0,0.00,-0.27,27.6,25.3,+2.3,+0.12,+0.18
216,João Félix,POR,FW|MF,Atlético Madrid,22,1999,14,650,46,19.0,7.2,7,74,1,7,18,1,1.86,11,8,+3,+0.42,-0.69,9.0,8.6,+0.4,+0.05,-0.62
217,Kiko Femenía,ESP,DF,Villarreal,31,1991,20,1133,57,33.1,12.6,13,78,6,7,17,9,1.45,13,14,-1,-0.08,-0.87,17.9,16.0,+1.9,+0.15,-0.24
218,Aitor Fernández,ESP,GK,Osasuna,31,1991,21,1890,90,55.3,21.0,21,90,21,0,,17,1.67,23,19,+4,+0.19,+0.72,20.6,24.3,-3.6,-0.17,-0.02
219,Álex Fernández,ESP,MF|FW,Cádiz,29,1992,28,1576,56,46.1,17.5,17,78,9,11,23,3,1.11,12,26,-14,-0.80,-0.36,17.2,29.6,-12.4,-0.71,-0.34
220,Álvaro Fernández,ESP,GK,Espanyol,24,1998,11,990,90,28.9,11.0,11,90,11,0,,23,1.33,17,18,-1,-0.09,+0.50,13.5,15.3,-1.8,-0.16,+0.20
221,Carlos Fernández,ESP,FW,Real Sociedad,26,1996,24,631,26,18.5,7.0,8,54,0,16,13,4,1.79,7,8,-1,-0.14,-0.69,7.7,7.2,+0.5,+0.07,-0.54
222,Marcos Fernández Cózar,,DF,Mallorca,19,2003,0,,,,,0,,0,0,,7,,,,,,,,,,,
223,Federico Fernández,ARG,DF,Elche,33,1989,1,90,90,2.6,1.0,1,90,1,0,,4,0.00,1,2,-1,-1.00,-0.03,1.1,0.9,+0.3,+0.29,+1.18
224,Joaquín Fernández,ESP,DF,Valladolid,26,1996,27,2156,80,63.0,24.0,24,83,21,3,53,6,1.26,26,42,-16,-0.67,+0.33,26.0,38.0,-12.0,-0.50,+0.52
225,Valery Fernández,ESP,MF|DF,Girona,22,1999,25,967,39,28.3,10.7,7,75,1,18,24,9,1.24,14,14,0,0.00,-0.11,14.8,18.1,-3.2,-0.30,-0.25
226,Fernando,ESP,GK,Almería,32,1990,37,3285,89,96.1,36.5,37,89,36,0,,1,1.11,48,61,-13,-0.36,+1.64,44.2,60.3,-16.1,-0.44,+0.18
227,Fernando,BRA,MF|DF,Sevilla,35,1987,22,1577,72,46.1,17.5,19,81,11,3,14,2,1.50,28,21,+7,+0.40,+1.08,20.5,21.6,-1.0,-0.06,+0.28
228,Fidel,ESP,MF|FW,Elche,32,1989,27,1714,63,50.1,19.0,21,73,4,6,30,1,0.81,14,29,-15,-0.79,+0.37,20.1,32.2,-12.0,-0.63,+0.45
229,Fortuño,ESP,GK,Espanyol,20,2001,0,,,,,0,,0,0,,5,,,,,,,,,,,
230,Dimitri Foulquier,FRA,DF,Valencia,29,1993,30,1738,58,50.8,19.3,17,88,15,13,19,8,1.17,17,24,-7,-0.36,-0.58,19.8,25.3,-5.5,-0.28,-0.89
231,Juan Foyth,ARG,DF,Villarreal,24,1998,24,1958,82,57.3,21.8,22,86,17,2,36,3,1.92,41,24,+17,+0.78,+0.66,36.7,30.1,+6.6,+0.30,-0.01
232,Iván Fresneda,ESP,DF,Valladolid,17,2004,22,1743,79,51.0,19.4,18,85,15,4,51,12,0.86,20,34,-14,-0.72,+0.14,19.9,35.7,-15.8,-0.80,-0.23
233,Toni Fuidias,ESP,GK,Girona,21,2001,0,,,,,0,,0,0,,35,,,,,,,,,,,
234,Diego Fuoli,ESP,GK,Almería,24,1997,0,,,,,0,,0,0,,15,,,,,,,,,,,
235,Javi Galán,ESP,DF,Celta Vigo,27,1994,37,3160,85,92.4,35.1,36,87,32,1,15,0,1.16,42,49,-7,-0.20,+0.84,40.2,41.4,-1.2,-0.03,+0.52
236,Iñigo Ruiz de Galarreta,ESP,MF,Mallorca,28,1993,30,2449,82,71.6,27.2,28,87,19,2,3,0,1.53,29,25,+4,+0.15,+1.07,27.6,25.5,+2.0,+0.08,+1.31
237,Benjamín Garay,ARG,DF,Mallorca,22,2000,0,,,,,0,,0,0,,6,,,,,,,,,,,
238,Aleix García,ESP,MF,Girona,25,1997,30,2337,78,68.3,26.0,26,83,18,4,46,0,1.13,39,37,+2,+0.08,-0.01,35.7,32.5,+3.2,+0.12,+0.77
239,Álvaro García,ESP,FW|MF,Rayo Vallecano,29,1992,35,2870,82,83.9,31.9,34,84,15,1,28,0,1.31,35,41,-6,-0.19,+0.14,37.0,40.0,-3.0,-0.09,+0.40
240,Borja García,ESP,MF|FW,Girona,31,1990,11,679,62,19.9,7.5,10,66,2,1,16,6,1.55,16,12,+4,+0.53,+0.56,10.2,11.2,-1.1,-0.14,-0.03
241,Carlos García,ESP,DF,Cádiz,22,2000,1,25,25,0.7,0.3,0,,0,1,25,8,1.00,1,0,+1,+3.60,+4.24,0.5,1.0,-0.4,-1.59,-1.07
242,Dani García,ESP,MF,Athletic Club,32,1990,25,1485,59,43.4,16.5,18,77,6,7,15,6,1.44,24,19,+5,+0.30,+0.35,23.6,18.2,+5.5,+0.33,-0.22
243,David García,ESP,DF,Osasuna,28,1994,32,2680,84,78.4,29.8,31,86,27,1,16,1,1.56,32,35,-3,-0.10,+0.14,31.7,33.4,-1.6,-0.05,+0.51
244,Eric García,ESP,DF|MF,Barcelona,21,2001,24,1417,59,41.4,15.7,15,79,10,9,25,14,2.00,30,10,+20,+1.27,-0.08,30.6,14.0,+16.7,+1.06,-0.09
245,Fran Garcia,ESP,DF,Rayo Vallecano,22,1999,38,3407,90,99.6,37.9,38,90,36,0,,0,1.29,45,53,-8,-0.21,-0.21,43.4,49.8,-6.4,-0.17,-2.65
246,Joan García,ESP,GK,Espanyol,21,2001,1,90,90,2.6,1.0,1,90,1,0,,35,1.00,3,3,0,0.00,+0.46,0.6,1.8,-1.2,-1.20,-0.92
247,Raúl García,ESP,FW|MF,Athletic Club,36,1986,35,967,28,28.3,10.7,6,71,1,29,19,3,1.29,12,13,-1,-0.09,-0.28,16.1,11.9,+4.2,+0.39,-0.10
248,Rubén García,ESP,FW|MF,Osasuna,29,1993,29,1159,40,33.9,12.9,11,69,0,18,22,4,1.31,9,13,-4,-0.31,-0.27,12.2,14.6,-2.4,-0.19,-0.04
249,Santiago García,,MF,Getafe,20,2001,0,,,,,0,,0,0,,1,,,,,,,,,,,
250,Unai García,ESP,DF,Osasuna,30,1992,21,1713,82,50.1,19.0,20,86,15,1,1,15,1.62,19,19,0,0.00,+0.26,21.0,18.9,+2.1,+0.11,+0.56
251,Felix Garreta,ESP,DF,Betis,18,2004,1,90,90,2.6,1.0,1,90,1,0,,3,1.00,0,0,0,0.00,-0.14,0.5,0.4,0.0,+0.02,-0.01
252,Aleix Garrido,ESP,FW,Barcelona,18,2004,1,7,7,0.2,0.1,0,,0,1,7,2,3.00,0,0,0,0.00,-1.32,0.1,0.5,-0.4,-5.00,-6.13
253,Sékou Gassama,SEN,FW,Valladolid,27,1995,1,36,36,1.1,0.4,0,,0,1,36,2,0.00,0,2,-2,-5.00,-4.26,1.0,0.1,+0.9,+2.22,+2.94
254,Gavi,ESP,MF|FW,Barcelona,17,2004,36,2531,70,74.0,28.1,30,78,13,6,33,0,2.36,52,11,+41,+1.46,+0.55,53.9,21.9,+32.0,+1.14,+0.10
255,Paulo Gazzaniga,ARG,GK,Girona,30,1992,28,2520,90,73.7,28.0,28,90,28,0,,7,1.46,44,37,+7,+0.25,+0.65,37.2,42.1,-4.9,-0.18,-0.21
256,Bryan Gil,ESP,FW|DF,Sevilla,21,2001,17,918,54,26.8,10.2,10,72,1,7,29,2,1.47,13,13,0,0.00,+0.25,13.8,11.2,+2.6,+0.26,+0.63
257,David Gil,ESP,GK,Cádiz,28,1994,4,360,90,10.5,4.0,4,90,4,0,,23,1.00,3,5,-2,-0.50,+0.12,6.1,8.2,-2.1,-0.53,0.00
258,Óscar Gil,ESP,DF,Espanyol,25,1997,33,2559,78,74.8,28.4,31,82,17,2,16,0,1.06,34,48,-14,-0.49,-0.18,35.5,44.5,-9.0,-0.32,-0.06
259,Álvaro Giménez,ESP,FW,Cádiz,31,1991,1,17,17,0.5,0.2,0,,0,1,17,15,0.00,0,1,-1,-5.29,-4.71,0.0,0.0,0.0,-0.24,+0.29
260,Aitor Gismera,ESP,MF,Atlético Madrid,18,2004,0,,,,,0,,0,0,,1,,,,,,,,,,,
261,Dani Gómez,ESP,MF|FW,Espanyol,24,1998,8,88,11,2.6,1.0,0,,0,8,11,18,0.38,2,1,+1,+1.02,+1.51,2.8,1.6,+1.1,+1.13,+1.47
262,Jonathan Gomez,USA,DF,Real Sociedad,18,2003,0,,,,,0,,0,0,,2,,,,,,,,,,,
263,Maxi Gómez,URU,FW,Valencia,25,1996,3,108,36,3.2,1.2,0,,0,3,36,0,1.00,0,1,-1,-0.83,-0.78,0.8,1.0,-0.1,-0.12,-0.28
264,Moi Gómez,ESP,MF|FW,Osasuna,28,1994,33,2453,74,71.7,27.3,28,83,17,5,23,1,1.42,21,27,-6,-0.22,-0.31,27.0,29.1,-2.1,-0.08,+0.31
265,Papu Gómez,ARG,FW|MF,Sevilla,34,1988,19,1065,56,31.1,11.8,11,79,5,8,25,4,0.95,10,15,-5,-0.42,-0.35,17.1,18.3,-1.2,-0.10,+0.15
266,Sergi Gómez,ESP,DF,Espanyol,30,1992,29,2339,81,68.4,26.0,26,84,18,3,52,4,0.79,35,46,-11,-0.42,+0.08,31.6,40.8,-9.2,-0.36,-0.17
267,Unai Gómez,ESP,MF,Athletic Club,19,2003,0,,,,,0,,0,0,,8,,,,,,,,,,,
268,Antonio Gomis,ESP,GK,Atlético Madrid,19,2003,1,6,6,0.2,0.1,0,,0,1,6,22,1.00,0,1,-1,-15.00,-16.00,0.0,0.2,-0.2,-2.42,-2.98
269,Diego González,ESP,DF,Elche,27,1995,16,958,60,28.0,10.6,8,85,5,8,35,16,0.50,8,23,-15,-1.41,-0.60,8.9,24.4,-15.6,-1.46,-0.84
270,Édgar González,ESP,DF,Betis,25,1997,25,1772,71,51.8,19.7,18,88,16,7,27,10,1.72,28,20,+8,+0.41,+0.57,27.8,26.2,+1.6,+0.08,+0.10
271,Fran González,ESP,DF,Real Madrid,23,1998,0,,,,,0,,0,0,,1,,,,,,,,,,,
272,Giovanni González,URU,DF,Mallorca,27,1994,15,926,62,27.1,10.3,9,87,7,6,24,15,1.56,13,8,+5,+0.49,+0.88,10.3,8.8,+1.6,+0.15,+0.61
273,Nicolás González,ESP,MF,Valencia,20,2002,26,1405,54,41.1,15.6,18,68,3,8,22,0,1.35,22,21,+1,+0.06,+0.24,23.4,18.2,+5.2,+0.33,+0.30
274,Roberto González,ESP,FW|MF,Betis,21,2001,2,54,27,1.6,0.6,0,,0,2,27,1,3.00,1,0,+1,+1.67,+1.56,2.2,0.3,+1.9,+3.17,+3.18
275,Urko González,ESP,DF,Real Sociedad,21,2001,0,,,,,0,,0,0,,16,,,,,,,,,,,
276,Andoni Gorosabel,ESP,DF,Real Sociedad,25,1996,27,1708,63,49.9,19.0,19,80,9,8,23,5,1.78,23,19,+4,+0.21,-0.42,28.7,17.0,+11.7,+0.62,+0.22
277,José Gragera,ESP,MF|DF,Espanyol,21,2000,9,460,51,13.5,5.1,5,74,1,4,22,3,0.89,3,6,-3,-0.59,-0.16,4.1,6.8,-2.7,-0.53,-0.26
278,Ivo Grbić,CRO,GK,Atlético Madrid,26,1996,12,922,77,27.0,10.2,10,89,9,2,14,25,1.92,28,13,+15,+1.46,+0.67,17.9,14.9,+3.0,+0.29,-0.35
279,Dominik Greif,SVK,GK,Mallorca,25,1997,1,90,90,2.6,1.0,1,90,1,0,,24,0.00,0,3,-3,-3.00,-2.92,0.1,3.6,-3.5,-3.52,-3.31
280,Clément Grenier,FRA,MF,Mallorca,31,1991,21,718,34,21.0,8.0,6,71,1,15,20,14,1.48,9,11,-2,-0.25,-0.12,7.2,13.1,-5.9,-0.74,-0.56
281,Antoine Griezmann,FRA,FW|MF,Atlético Madrid,31,1991,38,2859,75,83.6,31.8,31,86,23,7,29,0,2.03,61,29,+32,+1.01,+0.21,55.1,34.2,+20.9,+0.66,+0.65
282,Andrés Guardado,MEX,MF,Betis,35,1986,26,1373,53,40.1,15.3,16,75,6,10,18,9,1.65,22,23,-1,-0.07,-0.33,20.3,21.5,-1.2,-0.08,-0.20
283,Sergi Guardiola,ESP,FW,Valladolid,31,1991,14,502,36,14.7,5.6,8,54,0,6,12,2,0.79,1,6,-5,-0.90,-0.13,3.1,10.0,-6.9,-1.23,-0.63
284,Sergi Guardiola,ESP,FW,Cádiz,31,1991,17,1165,69,34.1,12.9,14,77,2,3,31,1,1.35,14,10,+4,+0.31,+1.39,18.7,18.4,+0.3,+0.02,+0.83
285,Nemanja Gudelj,SRB,DF|MF,Sevilla,30,1991,34,2779,82,81.3,30.9,31,87,28,3,30,2,1.29,36,46,-10,-0.32,-0.75,37.3,42.6,-5.3,-0.17,+0.21
286,Gui Guedes,POR,MF,Almería,20,2002,0,,,,,0,,0,0,,8,,,,,,,,,,,
287,Javier Guerra,ESP,MF,Valencia,19,2003,10,605,61,17.7,6.7,6,88,5,4,20,7,1.50,7,6,+1,+0.15,+0.28,9.6,5.2,+4.3,+0.64,+0.60
288,Ander Guevara,ESP,MF,Real Sociedad,25,1997,8,221,28,6.5,2.5,2,55,0,6,19,23,2.75,5,1,+4,+1.63,+1.29,5.1,1.5,+3.6,+1.46,+1.01
289,Pape Gueye,SEN,MF,Sevilla,23,1999,16,1171,73,34.2,13.0,15,76,8,1,36,0,1.38,16,21,-5,-0.38,-0.30,17.6,18.6,-1.0,-0.07,+0.21
290,Marc Guiu,ESP,FW,Barcelona,16,2006,0,,,,,0,,0,0,,1,,,,,,,,,,,
291,Gerard Gumbau,ESP,MF,Elche,27,1994,35,2737,78,80.0,30.4,31,84,20,4,36,0,0.69,24,54,-30,-0.99,-0.06,31.4,56.7,-25.3,-0.83,+0.13
292,Gorka Guruzeta,ESP,FW,Athletic Club,25,1996,30,1421,47,41.5,15.8,17,68,2,13,20,8,1.23,16,16,0,0.00,-0.18,22.5,14.5,+8.0,+0.51,+0.08
293,Raúl Guti,ESP,MF,Elche,25,1996,28,1117,40,32.7,12.4,12,67,3,16,20,9,0.68,11,25,-14,-1.13,-0.23,10.2,24.6,-14.4,-1.19,-0.49
294,Miguel Gutiérrez,ESP,DF,Girona,21,2001,34,2390,70,69.9,26.6,27,81,12,7,29,2,1.24,36,36,0,0.00,-0.26,34.9,34.5,+0.3,+0.01,+0.44
295,Munir El Haddadi,MAR,MF|FW,Getafe,26,1995,28,1150,41,33.6,12.8,10,69,0,18,25,3,1.14,15,14,+1,+0.08,+0.55,16.6,18.2,-1.7,-0.13,+0.18
296,Munir El Haddadi,MAR,FW|MF,Sevilla,26,1995,0,,,,,0,,0,0,,2,,,,,,,,,,,
297,Dennis Hadzikadunic,BIH,DF,Mallorca,24,1998,8,614,77,18.0,6.8,7,84,5,1,24,8,1.38,9,12,-3,-0.44,-0.34,6.8,10.7,-3.9,-0.57,-0.33
298,Haissem Hassan,FRA,FW|MF,Villarreal,20,2002,2,52,26,1.5,0.6,0,,0,2,26,13,1.50,1,0,+1,+1.73,+1.25,0.5,1.0,-0.5,-0.87,-1.20
299,Eden Hazard,BEL,FW,Real Madrid,31,1991,6,196,33,5.7,2.2,2,59,0,4,20,27,3.00,5,1,+4,+1.84,+0.86,4.4,1.8,+2.6,+1.21,+0.26
300,Luiz Henrique,BRA,FW,Betis,21,2001,33,1807,55,52.8,20.1,21,68,3,12,31,2,1.42,13,25,-12,-0.60,-1.55,20.2,29.3,-9.0,-0.45,-1.03
301,Mario Hermoso,ESP,DF,Atlético Madrid,27,1995,26,2110,81,61.7,23.4,24,87,21,2,15,10,2.19,52,19,+33,+1.41,+1.13,41.9,25.7,+16.2,+0.69,+0.37
302,Javi Hernández,ESP,DF,Girona,24,1998,25,1116,45,32.6,12.4,13,73,3,12,14,9,1.60,23,19,+4,+0.32,+0.36,16.5,19.7,-3.1,-0.25,-0.20
303,Aridane Hernández,ESP,DF,Osasuna,33,1989,23,1793,78,52.4,19.9,20,88,19,3,13,12,1.17,17,25,-8,-0.40,-0.57,18.4,27.3,-9.0,-0.45,-0.60
304,Luis Hernández,ESP,DF,Cádiz,33,1989,35,3149,90,92.1,35.0,35,90,34,0,,1,1.17,28,46,-18,-0.51,+1.15,39.6,55.5,-15.9,-0.45,+0.88
305,Mario Hernández,ESP,DF,Rayo Vallecano,23,1999,3,103,34,3.0,1.1,1,64,0,2,20,34,1.67,2,3,-1,-0.87,-0.68,3.8,1.9,+1.9,+1.64,+1.85
306,Unai Hernandez,ESP,MF,Barcelona,17,2004,0,,,,,0,,0,0,,1,,,,,,,,,,,
307,Jorge Herrando,ESP,DF,Osasuna,21,2001,1,25,25,0.7,0.3,1,25,0,0,,8,0.00,0,0,0,0.00,+0.13,0.0,0.7,-0.7,-2.28,-2.13
308,Ander Herrera,ESP,MF,Athletic Club,32,1989,17,697,41,20.4,7.7,9,59,0,8,21,5,1.47,10,10,0,0.00,-0.13,12.9,7.4,+5.5,+0.71,+0.32
309,Sergio Herrera,ESP,GK,Osasuna,29,1993,17,1530,90,44.7,17.0,17,90,17,0,,19,1.06,14,23,-9,-0.53,-0.72,18.8,21.4,-2.6,-0.16,+0.02
310,Yangel Herrera,VEN,MF|FW,Girona,24,1998,20,963,48,28.2,10.7,12,63,2,8,27,1,1.00,12,19,-7,-0.65,-1.02,11.9,17.6,-5.7,-0.53,-0.57
311,Iago Herrerín,ESP,GK,Valencia,34,1988,0,,,,,0,,0,0,,26,,,,,,,,,,,
312,Marius Herzig,GER,GK,Sevilla,22,1999,0,,,,,0,,0,0,,1,,,,,,,,,,,
313,Omar El Hilali,MAR,DF|MF,Espanyol,18,2003,5,92,18,2.7,1.0,1,53,0,4,10,14,0.80,2,2,0,0.00,+0.46,0.9,1.6,-0.7,-0.66,-0.37
314,Martin Hongla,CMR,DF|MF,Valladolid,24,1998,16,1306,82,38.2,14.5,15,84,9,1,44,0,1.00,15,25,-10,-0.69,+0.16,15.0,25.5,-10.4,-0.72,-0.04
315,Pablo Ibáñez,ESP,MF,Osasuna,23,1998,25,1064,43,31.1,11.8,12,75,3,13,13,13,1.48,12,14,-2,-0.17,-0.05,8.8,15.0,-6.2,-0.52,-0.52
316,Iglesias,ESP,DF|MF,Getafe,24,1998,32,2146,67,62.7,23.8,21,86,16,11,31,3,1.06,18,32,-14,-0.59,-0.80,19.9,28.7,-8.8,-0.37,-0.32
317,Borja Iglesias,ESP,FW,Betis,29,1993,35,2365,68,69.2,26.3,29,76,6,6,29,0,1.63,36,24,+12,+0.46,+1.05,37.0,30.6,+6.4,+0.24,+0.68
318,Asier Illarramendi,ESP,MF,Real Sociedad,32,1990,24,1076,45,31.5,12.0,13,69,2,11,16,13,2.04,15,5,+10,+0.84,+0.61,14.1,9.3,+4.8,+0.40,-0.16
319,Iru,ESP,GK,Athletic Club,23,1998,0,,,,,0,,0,0,,15,,,,,,,,,,,
320,Alexander Isak,SWE,FW,Real Sociedad,22,1999,2,152,76,4.4,1.7,2,76,0,0,,0,1.50,2,3,-1,-0.59,-1.06,1.7,2.0,-0.2,-0.14,-0.68
321,Isco,ESP,MF|FW,Sevilla,30,1992,12,799,67,23.4,8.9,10,74,4,2,28,0,0.83,9,14,-5,-0.56,-0.49,8.3,15.4,-7.1,-0.81,-0.78
322,Alejandro Iturbe,ESP,GK,Atlético Madrid,18,2003,0,,,,,0,,0,0,,8,,,,,,,,,,,
323,Diego Iturralde,ESP,DF,Sevilla,19,2003,1,45,45,1.3,0.5,1,45,0,0,,2,0.00,0,1,-1,-2.00,-1.84,0.1,1.3,-1.2,-2.47,-2.30
324,Nicolas Jackson,SEN,FW,Villarreal,21,2001,26,1598,61,46.7,17.8,16,78,5,10,35,3,1.62,35,18,+17,+0.96,+0.86,31.8,21.1,+10.7,+0.60,+0.55
325,Adnan Januzaj,BEL,FW,Sevilla,27,1995,2,47,24,1.4,0.5,1,45,0,1,2,12,0.00,0,0,0,0.00,+0.19,0.0,0.4,-0.4,-0.72,-0.52
326,Luis Javier Suárez,COL,FW,Almería,24,1997,21,1490,71,43.6,16.6,18,79,8,3,22,0,1.05,22,28,-6,-0.36,+0.10,19.7,28.3,-8.6,-0.52,-0.13
327,Salim El Jebari,MAR,MF,Atlético Madrid,18,2004,0,,,,,0,,0,0,,1,,,,,,,,,,,
328,Pere Joan,ESP,GK,Mallorca,20,2002,0,,,,,0,,0,0,,6,,,,,,,,,,,
329,Joaquín,ESP,MF|FW,Betis,41,1981,22,496,23,14.5,5.5,2,63,0,20,19,11,1.18,10,3,+7,+1.27,+1.33,12.0,6.5,+5.5,+1.02,+1.15
330,John Joe,IRL,MF,Getafe,18,2003,0,,,,,0,,0,0,,6,,,,,,,,,,,
331,Christian Joel,CUB,GK,Celta Vigo,23,1999,0,,,,,0,,0,0,,13,,,,,,,,,,,
332,Frenkie de Jong,NED,MF,Barcelona,25,1997,33,2534,77,74.1,28.2,29,83,20,4,29,1,2.33,56,20,+36,+1.28,-0.14,58.4,24.3,+34.2,+1.21,+0.39
333,Joan Jordán,ESP,MF,Sevilla,28,1994,23,1592,69,46.5,17.7,19,78,11,4,28,4,1.26,18,28,-10,-0.57,-0.71,21.4,28.3,-6.9,-0.39,-0.34
334,Josan,ESP,DF|MF,Elche,32,1989,26,1078,41,31.5,12.0,9,76,4,17,23,10,0.62,13,18,-5,-0.42,+0.81,13.5,28.2,-14.7,-1.23,-0.54
335,Willian José,BRA,FW,Betis,30,1991,28,731,26,21.4,8.1,6,76,2,22,13,7,1.61,8,11,-3,-0.37,-0.64,10.5,12.3,-1.8,-0.22,-0.32
336,Joselu,ESP,FW,Espanyol,32,1990,34,2990,88,87.4,33.2,33,90,33,1,20,1,0.94,43,61,-18,-0.54,-0.75,42.5,53.2,-10.7,-0.32,-0.17
337,Juanmi,ESP,FW,Betis,29,1993,22,925,42,27.0,10.3,9,75,3,13,19,3,1.68,18,18,0,0.00,-0.18,18.1,16.8,+1.3,+0.13,+0.13
338,Juanpe,ESP,DF,Girona,31,1991,19,1426,75,41.7,15.8,17,83,13,2,6,11,1.21,29,25,+4,+0.25,+0.30,18.3,24.0,-5.7,-0.36,-0.41
339,Lago Junior,CIV,FW|MF,Mallorca,31,1990,5,52,10,1.5,0.6,0,,0,5,10,9,0.20,0,2,-2,-3.46,-3.35,1.0,1.3,-0.3,-0.51,-0.22
340,Vinicius Júnior,BRA,FW,Real Madrid,22,2000,33,2823,86,82.5,31.4,32,87,21,1,30,0,2.00,58,32,+26,+0.83,-1.13,58.9,32.2,+26.8,+0.85,-0.63
341,Filip Jørgensen,DEN,GK,Villarreal,20,2002,2,180,90,5.3,2.0,2,90,2,0,,24,0.50,2,3,-1,-0.50,-1.06,2.4,2.8,-0.4,-0.19,-0.53
342,Tino Kadewere,ZIM,FW|MF,Mallorca,26,1996,15,542,36,15.8,6.0,5,62,0,10,23,11,1.20,8,7,+1,+0.17,+0.38,5.9,6.8,-0.9,-0.15,+0.17
343,Kaiky,BRA,DF,Almería,18,2004,13,581,45,17.0,6.5,7,79,3,6,5,13,1.31,6,13,-7,-1.08,-0.80,6.7,13.5,-6.8,-1.06,-0.73
344,Lee Kang-in,KOR,MF|FW,Mallorca,21,2001,36,2823,78,82.5,31.4,33,83,12,3,29,0,1.31,32,32,0,0.00,+0.90,29.5,34.1,-4.6,-0.15,+0.86
345,Jon Karrikaburu,ESP,FW,Real Sociedad,19,2002,6,93,16,2.7,1.0,0,,0,6,16,11,1.00,0,3,-3,-2.90,-3.42,1.5,1.8,-0.3,-0.31,-0.84
346,Kenedy,BRA,FW|DF,Valladolid,26,1996,12,275,23,8.0,3.1,2,43,0,10,19,5,0.50,2,9,-7,-2.29,-1.63,4.1,7.6,-3.4,-1.13,-0.47
347,Franck Kessié,CIV,MF,Barcelona,25,1996,28,990,35,28.9,11.0,7,66,1,21,25,7,2.14,16,7,+9,+0.82,-0.70,18.3,12.1,+6.2,+0.57,-0.77
348,Kiké,ESP,FW,Osasuna,32,1989,35,1021,29,29.9,11.3,7,78,2,28,17,2,1.26,8,18,-10,-0.88,-1.07,12.3,17.6,-5.4,-0.47,-0.44
349,Kikín,ESP,DF,Cádiz,19,2003,0,,,,,0,,0,0,,2,,,,,,,,,,,
350,Justin Kluivert,NED,FW|MF,Valencia,23,1999,26,1447,56,42.3,16.1,15,78,3,11,25,1,1.00,22,21,+1,+0.06,+0.24,26.6,19.0,+7.6,+0.47,+0.55
351,Koba Koindredi,FRA,MF,Valencia,20,2001,0,,,,,0,,0,0,,2,,,,,,,,,,,
352,Koke,ESP,MF,Atlético Madrid,30,1992,33,2545,77,74.4,28.3,30,82,12,3,26,1,2.18,53,24,+29,+1.03,+0.20,46.7,28.5,+18.2,+0.64,+0.36
353,Luca Koleosho,ITA,FW|DF,Espanyol,17,2004,4,59,15,1.7,0.7,0,,0,4,15,6,0.50,3,1,+2,+3.05,+3.56,1.9,1.2,+0.8,+1.19,+1.52
354,Geoffrey Kondogbia,CTA,MF,Atlético Madrid,29,1993,20,1006,50,29.4,11.2,10,82,6,10,19,13,2.10,15,11,+4,+0.36,-0.87,14.6,12.7,+1.8,+0.16,-0.55
355,Ilias Kostis,GRE,DF,Atlético Madrid,19,2003,0,,,,,0,,0,0,,1,,,,,,,,,,,
356,Jules Koundé,FRA,DF,Barcelona,23,1998,29,2426,84,70.9,27.0,28,86,24,1,9,2,2.38,51,12,+39,+1.45,+0.45,53.0,21.6,+31.4,+1.16,+0.17
357,Toni Kroos,GER,MF,Real Madrid,32,1990,30,2155,72,63.0,23.9,25,82,12,5,22,3,2.00,48,23,+25,+1.04,+0.05,43.8,26.7,+17.1,+0.71,-0.67
358,Takefusa Kubo,JPN,FW|MF,Real Sociedad,21,2001,35,2439,70,71.3,27.1,29,77,7,6,34,2,1.91,38,21,+17,+0.63,+0.72,37.2,20.8,+16.5,+0.61,+0.35
359,César de la Hoz,ESP,MF,Almería,30,1992,25,1673,67,48.9,18.6,18,84,12,7,23,8,1.48,25,30,-5,-0.27,+0.30,24.5,27.3,-2.7,-0.15,+0.59
360,Luca de la Torre,USA,MF,Celta Vigo,24,1998,28,1481,53,43.3,16.5,16,72,2,12,27,6,1.32,22,17,+5,+0.30,+1.00,18.2,19.4,-1.2,-0.07,0.00
361,Érik Lamela,ARG,FW|MF,Sevilla,30,1992,32,1844,58,53.9,20.5,20,77,9,12,25,2,1.22,22,29,-7,-0.34,-0.34,23.1,32.1,-9.0,-0.44,-0.50
362,Cyle Larin,CAN,FW,Valladolid,27,1995,19,1469,77,43.0,16.3,16,87,13,3,26,1,1.21,20,26,-6,-0.37,+0.74,19.4,27.4,-8.0,-0.49,+0.36
363,Juanmi Latasa,ESP,FW,Getafe,21,2001,18,448,25,13.1,5.0,2,89,1,16,17,17,0.89,5,1,+4,+0.80,+1.26,5.8,6.4,-0.5,-0.11,+0.16
364,Toni Lato,ESP,DF|MF,Valencia,24,1997,24,914,38,26.7,10.2,9,70,0,15,19,9,1.29,12,11,+1,+0.10,+0.24,11.2,12.2,-1.0,-0.10,-0.34
365,Lázaro,BRA,FW|MF,Almería,20,2002,19,716,38,20.9,8.0,7,70,2,12,19,16,0.53,13,13,0,0.00,+0.53,11.9,12.1,-0.3,-0.04,+0.52
366,Robin Le Normand,ESP,DF,Real Sociedad,25,1996,33,2796,85,81.8,31.1,31,89,30,2,13,1,1.79,37,25,+12,+0.39,-0.19,42.7,27.8,+14.8,+0.48,-0.17
367,Benjamin Lecomte,FRA,GK,Espanyol,31,1991,10,899,90,26.3,10.0,10,90,9,0,,4,0.80,10,14,-4,-0.40,+0.06,11.2,11.2,0.0,0.00,+0.41
368,Jeremías Ledesma,ARG,GK,Cádiz,29,1993,34,3060,90,89.5,34.0,34,90,34,0,,0,1.12,27,48,-21,-0.62,-0.12,35.5,53.3,-17.8,-0.52,0.00
369,Florian Lejeune,FRA,DF,Rayo Vallecano,31,1991,31,2565,83,75.0,28.5,31,83,26,0,,4,1.26,32,37,-5,-0.18,+0.14,32.6,38.6,-6.0,-0.21,-0.22
370,Iñigo Lekue,ESP,DF,Athletic Club,29,1993,20,1321,66,38.6,14.7,14,82,8,6,29,11,1.35,26,15,+11,+0.75,+1.05,24.8,13.4,+11.4,+0.78,+0.53
371,Thomas Lemar,FRA,MF,Atlético Madrid,26,1995,27,1252,46,36.6,13.9,17,60,0,10,24,2,2.00,27,10,+17,+1.22,+0.39,21.3,11.5,+9.9,+0.71,+0.25
372,Ruben Lendinez,ESP,DF,Valencia,19,2003,0,,,,,0,,0,0,,4,,,,,,,,,,,
373,Sergio León,ESP,FW,Valladolid,33,1989,29,1334,46,39.0,14.8,14,71,3,15,23,7,1.07,14,28,-14,-0.94,-0.25,14.2,27.3,-13.1,-0.88,-0.32
374,Robert Lewandowski,POL,FW,Barcelona,33,1988,34,2847,84,83.2,31.6,33,85,27,1,34,0,2.24,62,20,+42,+1.33,+0.07,66.5,26.1,+40.3,+1.28,+0.96
375,Samuel Lino,BRA,FW|MF,Valencia,22,1999,38,2887,76,84.4,32.1,33,82,17,5,37,0,1.11,39,38,+1,+0.03,+0.71,42.8,36.0,+6.7,+0.21,+0.37
376,Pol Lirola,ESP,DF,Elche,24,1997,12,628,52,18.4,7.0,7,73,3,5,23,19,0.25,5,17,-12,-1.72,-0.91,5.2,11.6,-6.3,-0.91,-0.06
377,Javier Llabrés,ESP,FW,Mallorca,19,2002,1,17,17,0.5,0.2,0,,0,1,17,7,3.00,0,0,0,0.00,+0.16,0.0,0.2,-0.2,-0.82,-0.53
378,Miguel Llabrés,ESP,MF,Mallorca,22,2000,0,,,,,0,,0,0,,8,,,,,,,,,,,
379,Marcos Llorente,ESP,MF|DF,Atlético Madrid,27,1995,22,1703,77,49.8,18.9,21,80,11,1,30,2,2.00,28,11,+17,+0.90,-0.15,32.0,16.3,+15.7,+0.83,+0.55
380,Giovani Lo Celso,ARG,MF|FW,Villarreal,26,1996,22,1126,51,32.9,12.5,14,69,2,8,21,1,1.73,21,12,+9,+0.72,+0.33,25.4,14.1,+11.4,+0.91,+0.89
381,Renan Lodi,BRA,DF|MF,Atlético Madrid,24,1998,0,,,,,0,,0,0,,2,,,,,,,,,,,
382,Alberto López,ESP,GK,Sevilla,18,2003,0,,,,,0,,0,0,,24,,,,,,,,,,,
383,David López,ESP,DF,Girona,32,1989,20,1652,83,48.3,18.4,19,85,14,1,45,7,1.15,26,24,+2,+0.11,+0.06,22.6,25.7,-3.1,-0.17,-0.10
384,Diego López,ESP,GK,Rayo Vallecano,40,1981,2,96,48,2.8,1.1,1,90,1,1,6,30,0.00,1,4,-3,-2.81,-2.68,0.9,1.8,-0.9,-0.82,-0.69
385,Diego López,ESP,FW|MF,Valencia,20,2002,10,447,45,13.1,5.0,5,68,0,5,22,0,1.50,6,6,0,0.00,+0.09,8.5,3.5,+5.0,+1.01,+0.98
386,Francisco Lopez,ESP,FW,Celta Vigo,20,2002,0,,,,,0,,0,0,,5,,,,,,,,,,,
387,Jesús López,ESP,GK,Elche,19,2002,0,,,,,0,,0,0,,17,,,,,,,,,,,
388,Luis López,ESP,GK,Real Madrid,21,2001,0,,,,,0,,0,0,,35,,,,,,,,,,,
389,Unai López,ESP,MF,Rayo Vallecano,26,1995,34,1254,37,36.7,13.9,12,67,1,22,20,4,1.35,15,20,-5,-0.36,-0.23,16.2,18.4,-2.1,-0.15,+0.01
390,Anthony Lozano,HON,FW,Cádiz,29,1993,28,1443,52,42.2,16.0,14,75,5,14,28,5,1.14,14,19,-5,-0.31,+0.51,14.9,23.4,-8.5,-0.53,-0.01
391,Pol Lozano,ESP,MF,Espanyol,22,1999,4,17,4,0.5,0.2,0,,0,4,4,7,0.75,0,1,-1,-5.29,-4.87,0.1,0.9,-0.8,-4.26,-3.98
392,José Luis Gayà,ESP,DF,Valencia,27,1995,31,2709,87,79.2,30.1,31,87,25,0,,1,1.06,32,37,-5,-0.17,-0.42,39.4,33.6,+5.9,+0.20,+0.20
393,Mario de Luis,ESP,GK,Real Madrid,20,2002,0,,,,,0,,0,0,,1,,,,,,,,,,,
394,José Luis Morales,ESP,FW|MF,Villarreal,35,1987,29,1211,42,35.4,13.5,11,74,4,18,22,1,1.52,20,11,+9,+0.67,+0.26,20.2,17.3,+2.8,+0.21,-0.15
395,Andriy Lunin,UKR,GK,Real Madrid,23,1999,7,630,90,18.4,7.0,7,90,7,0,,30,1.86,14,7,+7,+1.00,-0.03,14.0,6.7,+7.4,+1.05,+0.11
396,Awer Mabil,AUS,MF|FW,Cádiz,26,1995,5,165,33,4.8,1.8,1,61,0,4,26,8,0.00,1,6,-5,-2.73,-2.23,0.9,5.2,-4.3,-2.33,-1.90
397,Darwin Machís,VEN,FW,Valladolid,29,1993,11,599,54,17.5,6.7,7,73,2,4,22,2,1.73,5,3,+2,+0.30,+1.32,7.2,9.6,-2.3,-0.35,+0.41
398,Pablo Maffeo,ESP,DF,Mallorca,25,1997,35,2975,85,87.0,33.1,34,87,30,1,29,0,1.26,31,40,-9,-0.27,-0.88,29.4,42.1,-12.7,-0.38,-0.73
399,Lisandro Magallán,ARG,DF,Elche,28,1993,14,902,64,26.4,10.0,11,78,7,3,13,6,1.14,14,11,+3,+0.30,+1.73,15.9,20.3,-4.4,-0.44,+0.56
400,Jon Magunacelaya,ESP,MF|FW,Real Sociedad,22,2000,2,65,33,1.9,0.7,0,,0,2,33,2,0.50,0,2,-2,-2.77,-3.25,0.5,1.5,-1.0,-1.38,-1.92
401,Nemanja Maksimović,SRB,MF,Getafe,27,1995,29,2053,71,60.0,22.8,26,75,9,3,36,7,1.28,19,26,-7,-0.31,-0.04,19.1,26.9,-7.8,-0.34,-0.24
402,Hugo Mallo,ESP,DF,Celta Vigo,31,1991,26,2163,83,63.2,24.0,26,83,17,0,,7,1.12,27,34,-7,-0.29,-0.08,28.5,28.0,+0.5,+0.02,+0.26
403,Mickael Malsa,MTQ,MF,Valladolid,26,1995,5,69,14,2.0,0.8,0,,0,5,14,9,1.80,0,2,-2,-2.61,-1.86,0.7,2.1,-1.5,-1.89,-1.23
404,Giorgi Mamardashvili,GEO,GK,Valencia,21,2000,38,3420,90,100.0,38.0,38,90,38,0,,0,1.11,42,45,-3,-0.08,,49.3,43.5,+5.8,+0.15,
405,Reinildo Mandava,MOZ,DF,Atlético Madrid,28,1994,22,1857,84,54.3,20.6,22,84,18,0,,1,1.77,29,17,+12,+0.58,-0.86,27.4,22.1,+5.4,+0.26,-0.64
406,Aïssa Mandi,ALG,DF,Villarreal,30,1991,21,1461,70,42.7,16.2,16,86,13,5,16,17,1.95,34,17,+17,+1.05,+0.96,31.8,23.6,+8.2,+0.51,+0.35
407,Marcão,BRA,DF,Sevilla,26,1996,5,375,75,11.0,4.2,4,90,4,1,15,3,1.40,3,5,-2,-0.48,-0.33,2.9,6.1,-3.2,-0.78,-0.64
408,Agustín Marchesín,ARG,GK,Celta Vigo,34,1988,19,1710,90,50.0,19.0,19,90,19,0,,0,1.05,18,29,-11,-0.58,-0.63,21.2,19.7,+1.6,+0.08,+0.31
409,Óscar de Marcos,ESP,DF,Athletic Club,33,1989,37,2819,76,82.4,31.3,32,84,22,5,25,0,1.30,41,34,+7,+0.22,+0.67,45.1,27.9,+17.2,+0.55,+0.52
410,Alberto Marí,ESP,FW|MF,Valencia,21,2001,5,86,17,2.5,1.0,0,,0,5,17,6,1.60,2,0,+2,+2.09,+2.23,1.2,0.3,+0.9,+0.92,+0.79
411,José Mari,ESP,MF,Cádiz,34,1987,18,397,22,11.6,4.4,2,55,0,16,18,10,1.10,8,9,-1,-0.23,+0.43,4.8,9.1,-4.3,-0.98,-0.52
412,José María Giménez,URU,DF,Atlético Madrid,27,1995,28,2423,87,70.8,26.9,26,90,26,2,42,3,2.21,52,21,+31,+1.15,+0.61,46.5,28.1,+18.4,+0.68,+0.45
413,Mariano,DOM,FW,Real Madrid,28,1993,9,157,17,4.6,1.7,1,58,0,8,12,20,1.22,3,1,+2,+1.15,+0.13,4.9,2.0,+2.8,+1.61,+0.68
414,Pablo Marín,ESP,MF|FW,Real Sociedad,19,2003,10,360,36,10.5,4.0,3,74,0,7,20,5,1.70,2,4,-2,-0.50,-1.03,6.6,3.4,+3.2,+0.80,+0.33
415,Diego Mariño,ESP,GK,Almería,32,1990,1,45,45,1.3,0.5,0,,0,1,45,17,0.00,0,2,-2,-4.00,-3.63,0.3,1.2,-0.9,-1.87,-1.44
416,Mario Maroto,ESP,MF,Valladolid,18,2003,0,,,,,0,,0,0,,2,,,,,,,,,,,
417,Unai Marrero,ESP,GK,Real Sociedad,20,2001,0,,,,,0,,0,0,,11,,,,,,,,,,,
418,Roger Martí,ESP,FW,Elche,31,1991,12,655,55,19.2,7.3,8,73,1,4,18,6,0.42,3,12,-9,-1.24,-0.33,5.0,14.0,-9.0,-1.23,-0.47
419,Roger Martí,ESP,FW,Cádiz,31,1991,14,639,46,18.7,7.1,8,68,0,6,16,1,1.43,5,9,-4,-0.56,+0.05,7.9,9.7,-1.8,-0.25,+0.33
420,Ander Martin,ESP,MF|FW,Real Sociedad,21,2000,3,41,14,1.2,0.5,0,,0,3,14,7,3.00,0,0,0,0.00,-0.43,1.0,0.5,+0.5,+1.11,+0.61
421,Andrés Martín,ESP,FW|MF,Rayo Vallecano,23,1999,9,205,23,6.0,2.3,3,56,0,6,6,15,0.67,2,1,+1,+0.44,+0.69,2.2,2.4,-0.3,-0.12,+0.04
422,Carlos Martín,ESP,FW|MF,Atlético Madrid,20,2002,4,28,7,0.8,0.3,0,,0,4,7,8,1.75,1,1,0,0.00,-0.98,0.6,0.7,-0.1,-0.22,-0.78
423,Daniel Martín,ESP,GK,Betis,24,1998,0,,,,,0,,0,0,,29,,,,,,,,,,,
424,Iván Martín,ESP,MF,Girona,23,1999,24,1586,66,46.4,17.6,18,79,5,6,27,7,1.63,27,25,+2,+0.11,+0.06,23.1,26.3,-3.2,-0.18,-0.12
425,Mario Martín,ESP,MF,Real Madrid,18,2004,0,,,,,0,,0,0,,3,,,,,,,,,,,
426,Arnau Martinez,ESP,DF,Girona,19,2003,33,2732,83,79.9,30.4,32,85,25,1,9,3,1.18,46,49,-3,-0.10,-0.88,40.4,45.9,-5.5,-0.18,-0.29
427,Iñigo Martínez,ESP,DF,Athletic Club,31,1991,15,1338,89,39.1,14.9,15,89,14,0,,4,1.80,25,16,+9,+0.61,+0.82,22.7,12.6,+10.1,+0.68,+0.37
428,Javi Martínez,ESP,MF,Osasuna,22,1999,0,,,,,0,,0,0,,3,,,,,,,,,,,
429,Roger Martínez,ESP,DF,Espanyol,18,2004,1,7,7,0.2,0.1,0,,0,1,7,5,1.00,0,1,-1,-12.86,-12.44,0.1,0.2,-0.1,-1.25,-0.95
430,Omar Mascarell,ESP,MF|DF,Elche,29,1993,28,2447,87,71.5,27.2,28,87,25,0,,0,0.46,18,52,-34,-1.25,-0.97,24.7,47.4,-22.7,-0.84,+0.08
431,Jordi Masip,ESP,GK,Valladolid,33,1989,28,2507,90,73.3,27.9,28,90,27,0,,6,1.14,26,42,-16,-0.57,+0.81,29.5,46.6,-17.1,-0.61,+0.29
432,Jaime Mata,ESP,FW|MF,Getafe,33,1988,18,437,24,12.8,4.9,5,76,1,13,4,15,1.42,8,5,+3,+0.62,+1.04,7.8,4.4,+3.4,+0.70,+1.08
433,Matas,ESP,GK,Girona,20,2002,0,,,,,0,,0,0,,2,,,,,,,,,,,
434,Borja Mayoral,ESP,FW,Getafe,25,1997,35,2759,79,80.7,30.7,33,82,14,2,19,3,1.00,26,40,-14,-0.46,-0.87,27.0,36.5,-9.5,-0.31,-0.33
435,Mamadou Mbaye,SEN,DF,Cádiz,24,1998,14,760,54,22.2,8.4,7,81,6,7,27,14,1.36,5,17,-12,-1.42,-1.05,8.6,15.1,-6.5,-0.77,-0.31
436,Fernando Medrano,ESP,DF,Celta Vigo,22,2000,1,13,13,0.4,0.1,0,,0,1,13,8,0.00,0,0,0,0.00,+0.26,0.1,0.0,0.0,+0.18,+0.25
437,Gonzalo Melero,ESP,MF,Almería,28,1994,27,1855,69,54.2,20.6,24,74,1,3,30,2,1.26,34,28,+6,+0.29,+1.56,26.6,29.5,-2.9,-0.14,+0.68
438,Memphis,NED,FW,Atlético Madrid,28,1994,8,270,34,7.9,3.0,3,62,0,5,17,2,2.75,9,1,+8,+2.67,+1.84,5.6,2.0,+3.5,+1.18,+0.68
439,Memphis,NED,FW,Barcelona,28,1994,2,114,57,3.3,1.3,2,57,0,0,,6,3.00,4,0,+4,+3.16,+1.91,3.8,0.4,+3.4,+2.72,+1.67
440,Houboulang Mendes,GNB,DF,Almería,24,1998,14,886,63,25.9,9.8,11,74,4,3,25,20,1.00,12,28,-16,-1.63,-1.63,10.8,21.9,-11.1,-1.13,-0.92
441,Brais Méndez,ESP,MF,Real Sociedad,25,1997,34,2407,71,70.4,26.7,28,78,12,6,36,1,1.79,40,25,+15,+0.56,+0.47,36.3,21.7,+14.6,+0.54,+0.12
442,Diego Méndez,ESP,MF,Rayo Vallecano,18,2003,1,1,1,0.0,0.0,0,,0,1,1,5,1.00,0,0,0,0.00,+0.21,0.0,0.0,0.0,0.00,+0.16
443,Rodrigo Mendoza,ESP,MF,Elche,17,2005,0,,,,,0,,0,0,,2,,,,,,,,,,,
444,Ferland Mendy,FRA,DF,Real Madrid,27,1995,18,1351,75,39.5,15.0,17,78,6,1,29,5,2.11,26,17,+9,+0.60,-0.71,26.7,17.0,+9.6,+0.64,-0.53
445,Jorge Meré,ESP,DF,Cádiz,25,1997,10,601,60,17.6,6.7,6,84,4,4,24,6,1.50,6,10,-4,-0.60,+0.01,9.9,12.4,-2.6,-0.38,+0.17
446,Mikel Merino,ESP,MF,Real Sociedad,26,1996,33,2494,76,72.9,27.7,28,84,18,5,30,0,1.85,37,31,+6,+0.22,-0.76,38.9,26.3,+12.5,+0.45,-0.21
447,Roque Mesa,ESP,MF,Valladolid,33,1989,29,1617,56,47.3,18.0,20,69,3,9,26,6,1.13,15,25,-10,-0.56,+0.44,16.7,28.4,-11.7,-0.65,+0.07
448,Sergio Mestre,ESP,GK,Atlético Madrid,17,2005,0,,,,,0,,0,0,,2,,,,,,,,,,,
449,Miguelito,ESP,DF,Mallorca,21,2001,0,,,,,0,,0,0,,1,,,,,,,,,,,
450,Éder Militão,BRA,DF,Real Madrid,24,1998,33,2703,82,79.0,30.0,30,88,28,3,22,2,2.00,60,29,+31,+1.03,+0.03,60.7,33.0,+27.6,+0.92,-0.20
451,Luis Milla,ESP,MF,Getafe,27,1994,27,1856,69,54.3,20.6,22,79,12,5,23,3,1.15,15,21,-6,-0.29,0.00,14.0,23.2,-9.2,-0.44,-0.43
452,Pere Milla,ESP,FW|MF,Elche,29,1992,31,1843,59,53.9,20.5,21,77,8,10,23,0,0.69,18,45,-27,-1.32,-0.75,21.0,36.6,-15.6,-0.75,+0.23
453,Marko Milovanović,SRB,FW,Almería,18,2003,2,15,8,0.4,0.2,0,,0,2,8,3,0.00,0,1,-1,-6.00,-5.60,0.3,0.7,-0.4,-2.34,-1.90
454,Óscar Mingueza,ESP,DF,Celta Vigo,23,1999,21,1284,61,37.5,14.3,13,84,8,8,24,6,1.14,15,20,-5,-0.35,-0.14,17.3,16.1,+1.3,+0.09,+0.26
455,Rafa Mir,ESP,FW,Sevilla,25,1997,26,1298,50,38.0,14.4,16,71,7,10,16,12,1.15,18,24,-6,-0.42,-0.37,19.2,21.7,-2.5,-0.17,+0.06
456,Juan Miranda,ESP,DF,Betis,22,2000,21,1472,70,43.0,16.4,16,85,11,5,22,16,1.57,20,18,+2,+0.12,-0.02,23.0,21.5,+1.5,+0.09,+0.10
457,Stefan Mitrović,SRB,DF,Getafe,32,1990,22,1680,76,49.1,18.7,18,89,16,4,22,16,1.36,16,17,-1,-0.05,+0.46,16.5,19.6,-3.1,-0.17,+0.16
458,Luka Modrić,CRO,MF,Real Madrid,36,1985,33,1744,53,51.0,19.4,19,76,4,14,22,1,2.12,41,20,+21,+1.08,+0.12,34.1,20.4,+13.7,+0.71,-0.52
459,Johan Mojica,COL,DF,Villarreal,29,1992,17,642,38,18.8,7.1,5,89,4,12,16,18,1.41,9,12,-3,-0.42,-1.13,7.6,13.1,-5.5,-0.77,-1.33
460,Johan Mojica,COL,DF|MF,Elche,29,1992,3,270,90,7.9,3.0,3,90,3,0,,0,0.33,1,5,-4,-1.33,-0.39,2.1,5.6,-3.5,-1.15,-0.32
461,Nahuel Molina,ARG,DF,Atlético Madrid,24,1998,33,2867,87,83.8,31.9,33,87,28,0,,1,2.03,58,28,+30,+0.94,-0.20,51.3,35.3,+16.1,+0.50,-0.29
462,Jon Moncayola,ESP,MF|DF,Osasuna,24,1998,37,2448,66,71.6,27.2,25,86,16,12,25,0,1.43,24,36,-12,-0.44,-1.09,28.5,33.3,-4.8,-0.17,-0.03
463,Monchu,ESP,MF,Valladolid,22,1999,33,2031,62,59.4,22.6,23,78,13,10,24,3,0.97,17,40,-23,-1.02,-0.57,23.6,39.1,-15.5,-0.69,+0.01
464,Eric Monjonell,ESP,DF,Girona,20,2001,0,,,,,0,,0,0,,1,,,,,,,,,,,
465,César Montes,MEX,DF,Espanyol,25,1997,20,1590,80,46.5,17.7,18,87,17,2,11,0,0.90,26,40,-14,-0.79,-0.64,23.0,32.8,-9.8,-0.55,-0.47
466,Cristóbal Montiel,ESP,MF,Mallorca,22,2000,0,,,,,0,,0,0,,2,,,,,,,,,,,
467,Gonzalo Montiel,ARG,DF,Sevilla,25,1997,28,1524,54,44.6,16.9,17,74,8,11,24,6,1.25,18,28,-10,-0.59,-0.73,21.0,26.7,-5.7,-0.34,-0.23
468,Luis Montiel,ESP,MF,Mallorca,18,2004,0,,,,,0,,0,0,,2,,,,,,,,,,,
469,Martín Montoya,ESP,DF,Betis,31,1991,6,453,76,13.2,5.0,6,76,3,0,,28,1.17,6,10,-4,-0.79,-1.07,6.2,7.2,-1.0,-0.20,-0.27
470,Álvaro Morata,ESP,FW,Atlético Madrid,29,1992,36,1900,53,55.6,21.1,23,68,3,13,25,1,2.03,40,10,+30,+1.42,+1.01,34.5,19.7,+14.8,+0.70,+0.33
471,Jon Morcillo,ESP,FW|MF,Athletic Club,23,1998,10,76,8,2.2,0.8,0,,0,10,8,9,2.20,1,1,0,0.00,-0.11,1.1,0.7,+0.4,+0.55,+0.09
472,Alberto Moreno,ESP,DF,Villarreal,30,1992,24,1296,54,37.9,14.4,14,78,3,10,20,6,1.96,24,15,+9,+0.62,+0.20,26.7,15.6,+11.1,+0.77,+0.74
473,Alberto Moreno,ESP,MF,Atlético Madrid,20,2002,0,,,,,0,,0,0,,3,,,,,,,,,,,
474,Álex Moreno,ESP,DF,Betis,29,1993,15,1350,90,39.5,15.0,15,90,15,0,,1,1.80,19,13,+6,+0.40,+0.44,18.4,17.6,+0.8,+0.05,+0.03
475,Diego Moreno,ESP,DF,Osasuna,21,2001,11,638,58,18.7,7.1,7,85,4,4,11,7,1.45,6,9,-3,-0.42,-0.36,5.7,10.8,-5.1,-0.73,-0.69
476,Diego Moreno,ESP,DF,Valladolid,20,2002,0,,,,,0,,0,0,,1,,,,,,,,,,,
477,Gerard Moreno,ESP,FW,Villarreal,30,1992,21,1230,59,36.0,13.7,14,78,7,7,19,1,2.05,21,9,+12,+0.88,+0.59,23.0,17.9,+5.1,+0.37,+0.10
478,Marco Moreno,ESP,DF,Atlético Madrid,21,2001,0,,,,,0,,0,0,,16,,,,,,,,,,,
479,Tete Morente,ESP,MF|DF,Elche,25,1996,32,2068,65,60.5,23.0,23,81,11,9,24,4,0.66,20,33,-13,-0.57,+1.03,23.3,38.5,-15.2,-0.66,+0.49
480,Ilaix Moriba,GUI,MF,Valencia,19,2003,24,1011,42,29.6,11.2,10,76,3,14,18,5,1.13,10,16,-6,-0.53,-0.65,14.5,14.3,+0.2,+0.02,-0.19
481,Manu Morlanes,ESP,MF,Villarreal,23,1999,4,158,40,4.6,1.8,2,70,0,2,10,11,2.00,3,4,-1,-0.57,-1.12,1.8,2.7,-0.9,-0.51,-0.86
482,Manu Morlanes,ESP,MF,Mallorca,23,1999,12,706,59,20.6,7.8,9,74,0,3,14,6,1.42,10,10,0,0.00,+0.20,8.4,9.7,-1.3,-0.17,+0.16
483,Loren Morón,ESP,FW,Betis,28,1993,2,15,8,0.4,0.2,0,,0,2,8,15,3.00,0,0,0,0.00,-0.13,0.3,0.0,+0.3,+1.76,+1.73
484,Morro,ESP,GK,Rayo Vallecano,21,2000,0,,,,,0,,0,0,,10,,,,,,,,,,,
485,Cristhian Mosquera,COL,DF,Valencia,18,2004,3,145,48,4.2,1.6,1,90,1,2,28,28,2.00,0,2,-2,-1.24,-1.21,1.7,1.6,+0.1,+0.05,-0.10
486,Abdul Mumin,GHA,DF,Rayo Vallecano,24,1998,16,922,58,27.0,10.2,9,90,9,7,16,18,1.25,13,17,-4,-0.39,-0.25,11.1,13.5,-2.3,-0.23,-0.09
487,Iker Muniain,ESP,MF|FW,Athletic Club,29,1992,30,1689,56,49.4,18.8,19,77,5,11,21,2,1.43,29,18,+11,+0.59,+0.95,28.1,17.2,+10.8,+0.58,+0.24
488,Aihen Muñoz,ESP,DF,Real Sociedad,24,1997,23,1756,76,51.3,19.5,20,84,17,3,27,10,1.74,26,21,+5,+0.26,-0.34,28.6,17.7,+10.9,+0.56,+0.10
489,Álvaro Muñoz,URU,FW,Real Madrid,18,2004,6,79,13,2.3,0.9,0,,0,6,13,3,1.83,4,2,+2,+2.28,+1.28,2.1,0.3,+1.8,+2.01,+1.07
490,Curro Muñoz,ESP,MF,Cádiz,19,2003,0,,,,,0,,0,0,,1,,,,,,,,,,,
491,Iker Muñoz,ESP,MF,Osasuna,19,2002,8,254,32,7.4,2.8,2,82,1,6,15,5,1.25,1,4,-3,-1.06,-1.01,3.2,6.3,-3.2,-1.12,-1.04
492,Pablo Muñoz,ESP,MF,Rayo Vallecano,18,2003,2,12,6,0.4,0.1,0,,0,2,6,6,2.00,1,0,+1,+7.50,+7.74,0.8,0.3,+0.5,+3.63,+3.80
493,Vedat Muriqi,KVX,FW,Mallorca,28,1994,35,2937,84,85.9,32.6,34,85,16,1,36,0,1.40,32,35,-3,-0.09,+0.47,29.2,39.1,-9.9,-0.30,-0.05
494,Yunus Musah,USA,MF,Valencia,19,2002,33,2110,64,61.7,23.4,26,76,8,7,20,1,1.12,26,26,0,0.00,+0.21,27.7,28.1,-0.4,-0.02,-0.45
495,Francisco Mwepu,ZAM,FW,Cádiz,22,2000,1,21,21,0.6,0.2,0,,0,1,21,0,0.00,0,0,0,0.00,+0.61,1.1,0.1,+1.0,+4.28,+4.83
496,Nacho,ESP,DF,Real Madrid,32,1990,27,1637,61,47.9,18.2,18,85,14,9,13,9,2.04,29,14,+15,+0.82,-0.39,32.5,16.8,+15.8,+0.87,-0.18
497,Juanjo Narváez,COL,MF|FW,Valladolid,27,1995,5,148,30,4.3,1.6,1,61,0,4,22,10,0.80,1,4,-3,-1.82,-1.08,1.4,2.7,-1.3,-0.77,-0.08
498,Matija Nastasić,SRB,DF,Mallorca,29,1993,14,906,65,26.5,10.1,10,84,8,4,16,9,1.21,9,13,-4,-0.40,-0.33,6.9,13.2,-6.3,-0.63,-0.45
499,Juan Navarro,ESP,GK,Elche,23,1998,0,,,,,0,,0,0,,1,,,,,,,,,,,
500,Roberto Navarro,ESP,MF|FW,Real Sociedad,20,2002,17,351,21,10.3,3.9,1,61,0,16,18,21,1.88,0,6,-6,-1.54,-2.18,6.2,5.0,+1.2,+0.31,-0.23
501,Jesús Navas,ESP,DF|FW,Sevilla,36,1985,32,1981,62,57.9,22.0,21,78,12,11,31,4,1.47,32,27,+5,+0.23,+0.98,25.4,27.8,-2.3,-0.11,+0.24
502,Álvaro Negredo,ESP,FW,Cádiz,36,1985,21,757,36,22.1,8.4,9,64,1,12,15,13,0.67,6,17,-11,-1.31,-0.90,9.7,17.1,-7.4,-0.88,-0.45
503,Tanguy Nianzou,FRA,DF,Sevilla,20,2002,19,1366,72,39.9,15.2,16,78,11,3,38,8,1.21,17,27,-10,-0.66,-0.79,16.8,23.7,-6.9,-0.45,-0.41
504,Saúl Ñíguez,ESP,MF|DF,Atlético Madrid,27,1994,31,1100,35,32.2,12.2,11,75,5,20,14,6,2.26,28,14,+14,+1.15,+0.25,19.2,17.5,+1.7,+0.14,-0.61
505,Fernando Niño,ESP,MF|FW,Villarreal,21,2000,3,22,7,0.6,0.2,0,,0,3,7,2,0.00,0,0,0,0.00,-0.50,0.3,0.1,+0.2,+0.72,+0.41
506,Peru Nolaskoain,ESP,DF|MF,Athletic Club,23,1998,0,,,,,0,,0,0,,2,,,,,,,,,,,
507,Randy Ntekja,FRA,FW|MF,Elche,24,1997,14,726,52,21.2,8.1,10,65,0,4,18,1,1.14,5,9,-4,-0.50,+0.61,8.2,14.2,-6.1,-0.75,+0.13
508,Randy Ntekja,FRA,FW|MF,Rayo Vallecano,24,1997,10,116,12,3.4,1.3,0,,0,10,12,4,1.40,2,2,0,0.00,+0.22,3.2,2.1,+1.1,+0.85,+1.04
509,Unai Núñez,ESP,DF,Celta Vigo,25,1997,36,3151,88,92.1,35.0,35,90,35,1,1,1,1.19,41,48,-7,-0.20,+0.80,37.8,41.9,-4.1,-0.12,-0.57
510,Jan Oblak,SVN,GK,Atlético Madrid,29,1993,28,2492,89,72.9,27.7,28,89,26,0,,0,2.00,42,20,+22,+0.79,-0.66,44.4,26.3,+18.1,+0.65,+0.38
511,Brian Ocampo,URU,MF|FW,Cádiz,23,1999,18,1119,62,32.7,12.4,15,69,2,3,26,1,1.17,10,17,-7,-0.56,+0.06,10.2,19.3,-9.1,-0.73,-0.31
512,Lucas Ocampos,ARG,FW|MF,Sevilla,28,1994,19,1165,61,34.1,12.9,11,84,6,8,30,3,1.58,20,20,0,0.00,+0.28,18.2,15.9,+2.2,+0.17,+0.58
513,Álvaro Odriozola,ESP,DF,Real Madrid,26,1995,3,39,13,1.1,0.4,0,,0,3,13,29,3.00,2,0,+2,+4.62,+3.63,1.7,0.2,+1.5,+3.56,+2.62
514,Olasagasti,ESP,MF|DF,Real Sociedad,21,2000,3,65,22,1.9,0.7,0,,0,3,22,2,1.33,0,0,0,0.00,-0.43,0.8,1.0,-0.2,-0.31,-0.84
515,Lucas Olaza,URU,DF,Valladolid,28,1994,23,1494,65,43.7,16.6,16,81,10,7,27,10,1.00,13,27,-14,-0.84,-0.10,15.1,28.5,-13.5,-0.81,-0.21
516,Brian Oliván,ESP,DF,Espanyol,28,1994,30,2403,80,70.3,26.7,29,82,18,1,17,1,1.10,37,44,-7,-0.26,+0.62,34.2,39.6,-5.5,-0.21,+0.32
517,Lucas Oliveira Rosa,BRA,DF,Valladolid,22,2000,17,931,55,27.2,10.3,11,75,6,6,17,15,1.24,9,17,-8,-0.77,+0.02,11.8,17.4,-5.6,-0.54,+0.21
518,Aimar Oroz,ESP,MF|FW,Osasuna,20,2001,31,2013,65,58.9,22.4,23,78,7,8,26,2,1.45,29,24,+5,+0.22,+0.86,26.9,25.7,+1.2,+0.05,+0.54
519,Pedro Ortiz,ESP,MF,Sevilla,21,2000,1,1,1,0.0,0.0,0,,0,1,1,1,1.00,0,0,0,0.00,+0.18,0.0,0.0,0.0,0.00,+0.21
520,Mikel Oyarzabal,ESP,FW|MF,Real Sociedad,25,1997,23,1214,53,35.5,13.5,14,69,3,9,27,1,1.83,17,12,+5,+0.37,-0.08,18.5,12.1,+6.4,+0.48,-0.05
521,Cenk Özkacar,TUR,DF,Valencia,21,2000,17,1365,80,39.9,15.2,14,87,13,3,50,19,1.24,13,18,-5,-0.33,-0.42,19.3,18.0,+1.3,+0.08,-0.12
522,Fernando Pacheco,ESP,GK,Almería,30,1992,1,90,90,2.6,1.0,1,90,1,0,,10,0.00,1,2,-1,-1.00,-0.59,1.0,1.0,0.0,0.00,+0.46
523,Fernando Pacheco,ESP,GK,Espanyol,30,1992,16,1440,90,42.1,16.0,16,90,16,0,,3,0.94,23,33,-10,-0.62,-0.31,23.1,31.4,-8.3,-0.52,-0.37
524,Jon Pacheco,ESP,DF,Real Sociedad,21,2001,17,1193,70,34.9,13.3,12,90,12,5,23,16,2.29,21,13,+8,+0.60,+0.28,18.9,10.3,+8.6,+0.65,+0.22
525,Gonçalo Paciência,POR,FW|MF,Celta Vigo,27,1994,25,662,26,19.4,7.4,5,61,0,20,18,9,0.92,7,7,0,0.00,+0.33,10.0,8.6,+1.4,+0.19,+0.32
526,Helibelton Palacios,COL,DF,Elche,29,1993,24,1915,80,56.0,21.3,23,81,16,1,45,2,0.63,15,41,-26,-1.22,-0.56,19.4,40.7,-21.3,-1.00,-0.32
527,Isaac Palazón Camacho,ESP,FW|MF,Rayo Vallecano,27,1994,37,2965,80,86.7,32.9,36,81,11,1,45,0,1.32,40,45,-5,-0.15,+0.44,36.8,40.2,-3.4,-0.10,+0.41
528,Javi Pamies,ESP,DF,Elche,19,2003,0,,,,,0,,0,0,,5,,,,,,,,,,,
529,Aitor Paredes,ESP,DF,Athletic Club,22,2000,16,859,54,25.1,9.5,9,89,8,7,8,22,1.25,9,18,-9,-0.94,-1.40,16.9,12.6,+4.3,+0.45,0.00
530,Daniel Parejo,ESP,MF,Villarreal,33,1989,37,3285,89,96.1,36.5,37,89,33,0,,0,1.65,57,39,+18,+0.49,-0.17,58.9,48.3,+10.6,+0.29,-0.49
531,Moises Parra Gutierrez,ESP,FW,Getafe,20,2002,1,10,10,0.3,0.1,0,,0,1,10,2,0.00,0,0,0,0.00,+0.29,0.1,0.3,-0.3,-2.28,-2.04
532,Raúl Parra,ESP,DF,Cádiz,22,1999,6,310,52,9.1,3.4,4,69,0,2,17,17,1.67,3,3,0,0.00,+0.67,3.7,5.1,-1.4,-0.41,+0.12
533,Pascu,ESP,DF|FW,Villarreal,19,2003,2,10,5,0.3,0.1,0,,0,2,5,8,2.00,1,0,+1,+9.00,+8.52,0.2,0.5,-0.3,-2.78,-3.10
534,Javier Pastore,ARG,MF,Elche,33,1989,1,5,5,0.1,0.1,0,,0,1,5,6,1.00,0,0,0,0.00,+0.98,0.0,0.1,-0.1,-1.44,-0.59
535,Gabriel Paulista,BRA,DF,Valencia,31,1990,21,1504,72,44.0,16.7,18,82,13,3,9,8,1.24,20,24,-4,-0.24,-0.29,21.5,19.6,+2.0,+0.12,-0.07
536,Nicolás Paz,ARG,MF,Real Madrid,17,2004,0,,,,,0,,0,0,,1,,,,,,,,,,,
537,Alfonso Pedraza,ESP,DF,Villarreal,26,1996,26,1633,63,47.7,18.1,20,78,11,6,13,2,1.92,28,15,+13,+0.72,+0.41,28.4,23.3,+5.1,+0.28,-0.06
538,Pedri,ESP,MF,Barcelona,19,2002,26,1976,76,57.8,22.0,22,83,12,4,38,0,2.62,47,9,+38,+1.73,+0.98,48.6,17.6,+31.0,+1.41,+0.70
539,Adrià Pedrosa,ESP,DF|MF,Espanyol,24,1998,7,229,33,6.7,2.5,2,64,0,5,20,2,0.86,4,3,+1,+0.39,+0.90,5.3,2.6,+2.7,+1.07,+1.47
540,Iñaki Peña,ESP,GK,Barcelona,23,1999,2,73,37,2.1,0.8,0,,0,2,37,36,0.00,2,2,0,0.00,-1.34,1.2,1.4,-0.2,-0.29,-1.43
541,Marcos Peña,ESP,MF,Almería,17,2005,0,,,,,0,,0,0,,5,,,,,,,,,,,
542,Rubén Peña,ESP,DF|MF,Osasuna,31,1991,20,1277,64,37.3,14.2,14,79,5,6,29,2,1.45,22,17,+5,+0.35,+0.77,18.3,17.8,+0.4,+0.03,+0.31
543,Alberto Perea,ESP,MF,Cádiz,31,1990,1,45,45,1.3,0.5,1,45,0,0,,0,0.00,0,1,-1,-2.00,-1.41,0.2,0.4,-0.2,-0.36,+0.17
544,Ayoze Pérez,ESP,FW|MF,Betis,29,1993,19,1386,73,40.5,15.4,17,79,5,2,21,0,1.53,18,17,+1,+0.06,-0.11,21.1,20.2,+0.9,+0.06,+0.04
545,Carles Pérez,ESP,MF|FW,Celta Vigo,24,1998,35,2144,61,62.7,23.8,23,77,8,12,30,1,1.14,26,26,0,0.00,+0.71,25.4,28.3,-2.9,-0.12,-0.13
546,Charlie Perez,ESP,GK,Valencia,20,2002,0,,,,,0,,0,0,,2,,,,,,,,,,,
547,Francisco Perez,ESP,FW|MF,Valencia,19,2002,7,141,20,4.1,1.6,0,,0,7,20,22,0.14,1,3,-2,-1.28,-1.25,1.3,2.3,-1.0,-0.62,-0.80
548,Juan Pérez,ESP,GK,Osasuna,26,1996,0,,,,,0,,0,0,,17,,,,,,,,,,,
549,Kike Pérez,ESP,MF,Valladolid,25,1997,36,2307,64,67.5,25.6,28,74,10,8,28,1,0.94,17,44,-27,-1.05,-0.81,25.7,42.7,-17.0,-0.66,+0.09
550,Lucas Pérez,ESP,FW,Cádiz,33,1988,14,628,45,18.4,7.0,5,80,2,9,25,1,0.79,7,14,-7,-1.00,-0.49,6.5,14.9,-8.5,-1.21,-0.84
551,Luis Pérez,ESP,DF,Valladolid,27,1995,18,1213,67,35.5,13.5,15,74,10,3,32,6,1.00,9,29,-20,-1.48,-1.08,14.2,25.6,-11.4,-0.85,-0.24
552,Germán Pezzella,ARG,DF,Betis,31,1991,31,2511,81,73.4,27.9,29,83,22,2,48,2,1.52,33,28,+5,+0.18,+0.18,36.2,36.5,-0.3,-0.01,-0.17
553,Ronaël Pierre-Gabriel,FRA,DF,Espanyol,24,1998,8,236,30,6.9,2.6,2,53,0,6,22,9,1.00,3,5,-2,-0.76,-0.34,2.5,3.1,-0.6,-0.23,+0.07
554,Diego Piñeiro,ESP,GK,Real Madrid,18,2004,0,,,,,0,,0,0,,1,,,,,,,,,,,
555,Yeremi Pino,ESP,FW|MF,Villarreal,19,2002,36,2447,68,71.5,27.2,31,75,8,5,27,1,1.75,42,31,+11,+0.40,-0.34,44.9,35.7,+9.2,+0.34,+0.10
556,Gerard Piqué,ESP,DF,Barcelona,35,1987,6,384,64,11.2,4.3,4,89,3,2,15,7,3.00,9,1,+8,+1.87,+0.63,11.4,3.7,+7.8,+1.83,+0.80
557,Miralem Pjanić,BIH,MF,Barcelona,32,1990,0,,,,,0,,0,0,,4,,,,,,,,,,,
558,Óscar Plano,ESP,FW|MF,Valladolid,31,1991,33,2038,62,59.6,22.6,22,77,6,11,31,5,1.00,18,33,-15,-0.66,+0.31,21.0,35.2,-14.3,-0.63,+0.15
559,Gonzalo Plata,ECU,FW,Valladolid,21,2000,34,2302,68,67.3,25.6,26,79,11,8,32,0,1.12,26,37,-11,-0.43,+1.10,30.2,42.4,-12.2,-0.48,+0.66
560,Ezequiel Ponce,ARG,FW|MF,Elche,25,1997,33,1122,34,32.8,12.5,8,68,1,25,23,3,0.58,14,17,-3,-0.24,+1.09,16.2,24.4,-8.2,-0.66,+0.30
561,Francisco Portillo,ESP,MF|FW,Almería,32,1990,27,722,27,21.1,8.0,4,69,1,23,19,11,0.85,10,16,-6,-0.75,-0.41,10.8,15.6,-4.8,-0.59,-0.18
562,Portu,ESP,MF|DF,Getafe,30,1992,34,1770,52,51.8,19.7,17,84,8,17,21,1,1.12,18,24,-6,-0.31,-0.03,19.8,27.8,-8.0,-0.41,-0.33
563,José Pozo,ESP,MF|FW,Rayo Vallecano,26,1996,8,88,11,2.6,1.0,1,45,0,7,6,23,1.13,1,3,-2,-2.05,-1.88,0.8,3.1,-2.3,-2.37,-2.27
564,Manuel Pozo,ESP,FW,Valladolid,20,2001,1,19,19,0.6,0.2,0,,0,1,19,2,0.00,1,1,0,0.00,+0.79,0.7,1.3,-0.6,-2.64,-1.96
565,Alejandro Pozo Pozo,ESP,DF,Almería,23,1999,30,1880,63,55.0,20.9,20,83,14,10,22,3,1.33,27,26,+1,+0.05,+1.04,27.1,30.4,-3.3,-0.16,+0.65
566,Abdón Prats,ESP,FW|MF,Mallorca,29,1992,26,416,16,12.2,4.6,2,55,0,24,13,12,1.31,6,7,-1,-0.22,-0.07,5.4,6.8,-1.5,-0.32,-0.03
567,Pau Prim,ESP,MF,Barcelona,16,2006,0,,,,,0,,0,0,,1,,,,,,,,,,,
568,Javi Puado,ESP,FW|MF,Espanyol,24,1998,37,2340,63,68.4,26.0,25,78,5,12,33,0,0.97,37,44,-7,-0.27,+0.56,35.8,42.3,-6.5,-0.25,+0.16
569,Joan Puig,ESP,DF,Espanyol,19,2002,0,,,,,0,,0,0,,1,,,,,,,,,,,
570,Arnau Puigmal,ESP,MF|FW,Almería,21,2001,22,763,35,22.3,8.5,7,63,0,15,21,16,0.64,11,18,-7,-0.83,-0.52,9.4,15.8,-6.5,-0.76,-0.40
571,Domingos Quina,POR,MF,Elche,22,1999,10,275,28,8.0,3.1,2,73,1,8,16,3,0.30,2,8,-6,-1.96,-1.08,2.9,7.8,-4.9,-1.60,-0.80
572,Nacho Quintana,ESP,MF,Sevilla,21,2001,0,,,,,0,,0,0,,4,,,,,,,,,,,
573,Rubén Quintanilla,ESP,DF,Mallorca,20,2002,1,4,4,0.1,0.0,0,,0,1,4,1,0.00,0,0,0,0.00,+0.16,0.0,0.1,-0.1,-2.38,-2.09
574,Uroš Račić,SRB,MF,Valencia,24,1998,0,,,,,0,,0,0,,3,,,,,,,,,,,
575,Abdellah Raihani,MAR,FW,Atlético Madrid,18,2004,0,,,,,0,,0,0,,1,,,,,,,,,,,
576,Antonio Raillo,ESP,DF,Mallorca,30,1991,31,2766,89,80.9,30.7,31,89,30,0,,0,1.32,31,31,0,0.00,+0.83,29.8,32.3,-2.5,-0.08,+1.17
577,Predrag Rajković,SRB,GK,Mallorca,26,1995,36,3240,90,94.7,36.0,36,90,36,0,,2,1.31,34,40,-6,-0.17,-0.17,32.9,41.7,-8.8,-0.25,+0.95
578,Ivan Rakitić,CRO,MF,Sevilla,34,1988,31,1788,58,52.3,19.9,21,74,10,10,24,5,1.42,23,25,-2,-0.10,+0.18,25.5,30.2,-4.7,-0.24,-0.06
579,Largie Ramazani,BEL,FW|MF,Almería,21,2001,33,1403,43,41.0,15.6,13,74,2,20,22,4,1.03,14,31,-17,-1.09,-1.14,18.8,31.3,-12.5,-0.80,-0.60
580,Pablo Ramírez,ESP,DF,Getafe,19,2003,0,,,,,0,,0,0,,1,,,,,,,,,,,
581,Yoel Ramírez,ESP,GK,Osasuna,20,2002,0,,,,,0,,0,0,,5,,,,,,,,,,,
582,Chris Ramos,ESP,FW,Cádiz,25,1997,15,710,47,20.8,7.9,7,77,3,8,21,2,1.07,6,10,-4,-0.51,+0.12,13.0,12.7,+0.2,+0.03,+0.70
583,Dario Ramos,ESP,GK,Osasuna,22,1999,0,,,,,0,,0,0,,1,,,,,,,,,,,
584,Raphinha,BRA,FW,Barcelona,25,1996,36,2072,58,60.6,23.0,25,72,2,11,24,1,2.28,34,9,+25,+1.09,-0.58,44.9,18.1,+26.8,+1.16,+0.13
585,Sergio Reguilón,ESP,DF,Atlético Madrid,25,1996,11,309,28,9.0,3.4,2,76,0,9,17,10,1.36,5,2,+3,+0.87,-0.11,7.2,3.7,+3.5,+1.02,+0.51
586,Pepe Reina,ESP,GK,Villarreal,39,1982,22,1980,90,57.9,22.0,22,90,22,0,,12,1.91,42,27,+15,+0.68,+0.43,42.1,33.0,+9.1,+0.41,+0.24
587,Reinier,BRA,MF|FW,Girona,20,2002,18,647,36,18.9,7.2,5,72,1,13,22,3,1.37,8,9,-1,-0.14,-0.27,7.3,11.4,-4.1,-0.57,-0.56
588,Karim Rekik,NED,DF,Sevilla,27,1994,16,1181,74,34.5,13.1,15,77,10,1,24,7,1.38,18,16,+2,+0.15,+0.51,17.5,15.2,+2.3,+0.18,+0.59
589,Álex Remiro,ESP,GK,Real Sociedad,27,1995,38,3420,90,100.0,38.0,38,90,38,0,,0,1.87,51,35,+16,+0.42,,52.7,33.4,+19.3,+0.51,
590,Alejandro Revuelta Montero,ESP,DF,Getafe,22,2000,1,1,1,0.0,0.0,0,,0,1,1,5,3.00,0,0,0,0.00,+0.29,0.0,0.0,0.0,-3.98,-3.74
591,Chadi Riad,MAR,MF,Barcelona,19,2003,1,2,2,0.1,0.0,0,,0,1,2,3,3.00,0,0,0,0.00,-1.32,0.0,0.1,0.0,-1.53,-2.65
592,Nico Ribaudo,ESP,MF|FW,Espanyol,21,2001,32,1248,39,36.5,13.9,16,64,2,16,14,6,0.91,23,28,-5,-0.36,+0.14,19.0,25.1,-6.0,-0.43,-0.21
593,Tiago Ribeiro,POR,MF,Valencia,20,2002,0,,,,,0,,0,0,,1,,,,,,,,,,,
594,Diego Rico,ESP,DF,Real Sociedad,29,1993,20,1646,82,48.1,18.3,18,85,15,2,54,11,1.90,25,14,+11,+0.60,+0.35,24.0,15.3,+8.7,+0.48,-0.06
595,Rodrigo Riquelme,ESP,MF|FW,Girona,22,2000,34,2179,64,63.7,24.2,25,77,6,9,28,1,1.32,37,41,-4,-0.17,-0.67,30.9,39.4,-8.5,-0.35,-0.63
596,Gorka Rivera Alonso,ESP,DF,Getafe,17,2004,0,,,,,0,,0,0,,3,,,,,,,,,,,
597,Sergi Roberto,ESP,DF|MF,Barcelona,30,1992,23,1308,57,38.2,14.5,15,73,5,8,27,6,2.13,24,10,+14,+0.96,-0.57,25.0,11.8,+13.2,+0.91,-0.32
598,Lucas Robertone,ARG,MF,Almería,25,1997,37,2843,77,83.1,31.6,34,81,12,3,33,0,1.11,44,47,-3,-0.09,+1.93,37.3,47.7,-10.3,-0.33,+0.72
599,Joel Roca,ESP,MF|FW,Girona,17,2005,5,84,17,2.5,0.9,0,,0,5,17,15,0.20,0,0,0,0.00,-0.08,1.2,1.0,+0.2,+0.22,+0.35
600,Enzo Roco,CHI,DF,Elche,29,1992,22,1652,75,48.3,18.4,19,80,11,3,42,12,0.59,16,36,-20,-1.09,-0.22,18.4,36.4,-18.1,-0.98,-0.25
601,Rodri,ESP,FW|MF,Betis,22,2000,30,1601,53,46.8,17.8,19,68,3,11,28,7,1.63,20,15,+5,+0.28,+0.28,21.9,22.7,-0.8,-0.04,-0.15
602,Alex Rodríguez,ESP,DF,Getafe,20,2002,0,,,,,0,,0,0,,3,,,,,,,,,,,
603,Ángel Rodríguez,ESP,FW|MF,Mallorca,35,1987,17,394,23,11.5,4.4,2,66,0,15,18,17,0.78,5,5,0,0.00,+0.18,6.3,6.2,+0.1,+0.03,+0.36
604,Óscar Rodríguez Arnaiz,ESP,MF,Celta Vigo,24,1998,33,1775,54,51.9,19.7,19,78,10,14,20,3,1.18,25,31,-6,-0.30,-0.09,19.8,25.3,-5.5,-0.28,-0.43
605,Dani Rodríguez,ESP,MF,Mallorca,34,1988,35,2100,60,61.4,23.3,26,73,3,9,24,0,1.23,23,26,-3,-0.13,+0.08,19.5,31.6,-12.1,-0.52,-0.58
606,Daniel Rodriguez,ESP,MF,Barcelona,16,2005,0,,,,,0,,0,0,,1,,,,,,,,,,,
607,Guido Rodríguez,ARG,MF,Betis,28,1994,34,2872,84,84.0,31.9,33,86,27,1,45,1,1.56,38,32,+6,+0.19,+0.35,41.4,41.2,+0.1,0.00,-0.19
608,Miguel Rodríguez,ESP,MF|FW,Celta Vigo,19,2003,7,252,36,7.4,2.8,3,53,0,4,23,13,0.71,5,4,+1,+0.36,+0.67,1.8,3.6,-1.8,-0.64,-0.62
609,Rodrygo,BRA,FW|MF,Real Madrid,21,2001,34,2379,70,69.6,26.4,25,86,15,9,24,0,2.00,54,27,+27,+1.02,-0.02,56.8,26.6,+30.2,+1.14,+0.59
610,Víctor Rofino,ESP,DF,Valladolid,20,2002,0,,,,,0,,0,0,,4,,,,,,,,,,,
611,Carlos Rojas,ESP,FW,Almería,20,2002,0,,,,,0,,0,0,,5,,,,,,,,,,,
612,Leonardo Román,ESP,GK,Mallorca,22,2000,1,90,90,2.6,1.0,1,90,1,0,,30,3.00,3,0,+3,+3.00,+3.24,2.2,1.1,+1.1,+1.12,+1.45
613,Carlos Romero,ESP,DF,Villarreal,20,2001,0,,,,,0,,0,0,,1,,,,,,,,,,,
614,Iván Romero,ESP,MF,Sevilla,21,2001,1,11,11,0.3,0.1,0,,0,1,11,0,0.00,0,0,0,0.00,+0.18,0.0,0.0,0.0,+0.02,+0.23
615,Oriol Romeu,ESP,MF,Girona,30,1991,33,2950,89,86.3,32.8,33,89,31,0,,0,1.36,52,47,+5,+0.15,+0.54,45.6,46.7,-1.0,-0.03,+0.65
616,Rubén,ESP,DF|MF,Espanyol,21,2001,18,888,49,26.0,9.9,9,73,2,9,26,5,0.56,10,25,-15,-1.52,-1.45,9.4,16.6,-7.2,-0.72,-0.57
617,Antonio Rüdiger,GER,DF,Real Madrid,29,1993,33,2415,73,70.6,26.8,26,90,25,7,12,2,2.00,44,25,+19,+0.71,-1.08,51.1,27.2,+23.8,+0.89,-0.25
618,Aitor Ruibal,ESP,DF|FW,Betis,26,1996,26,1454,56,42.5,16.2,15,83,8,11,19,10,1.35,15,13,+2,+0.12,-0.01,20.6,22.0,-1.4,-0.09,-0.21
619,Víctor Ruiz,ESP,DF,Betis,33,1989,10,560,56,16.4,6.2,5,90,5,5,22,14,2.00,8,8,0,0.00,-0.16,10.8,8.2,+2.6,+0.41,+0.45
620,Gerónimo Rulli,ARG,GK,Villarreal,30,1992,14,1260,90,36.8,14.0,14,90,14,0,,1,1.50,15,10,+5,+0.36,-0.23,17.1,14.1,+3.1,+0.22,-0.14
621,Ruly,ESP,GK,Celta Vigo,22,2000,0,,,,,0,,0,0,,2,,,,,,,,,,,
622,Franco Russo,ARG,DF,Mallorca,27,1994,3,145,48,4.2,1.6,2,72,0,1,1,13,1.00,0,2,-2,-1.24,-1.13,0.7,2.2,-1.5,-0.91,-0.64
623,Youssouf Sabaly,SEN,DF,Betis,29,1993,23,1680,73,49.1,18.7,19,85,14,4,17,4,1.65,26,18,+8,+0.43,+0.58,25.4,23.3,+2.0,+0.11,+0.15
624,Umar Sadiq,NGA,FW,Almería,25,1997,3,240,80,7.0,2.7,3,80,1,0,,0,1.33,4,3,+1,+0.37,+0.86,3.3,4.0,-0.7,-0.25,+0.22
625,Umar Sadiq,NGA,FW,Real Sociedad,25,1997,2,82,41,2.4,0.9,1,37,0,1,45,0,0.50,1,0,+1,+1.10,+0.69,0.7,1.7,-1.0,-1.08,-1.63
626,Samuel Sáiz,ESP,MF,Girona,31,1991,8,240,30,7.0,2.7,1,60,0,7,26,4,1.13,5,5,0,0.00,-0.08,3.9,4.4,-0.5,-0.19,-0.07
627,Álex Sala,ESP,MF,Girona,21,2001,0,,,,,0,,0,0,,1,,,,,,,,,,,
628,Kike Salas,ESP,DF,Sevilla,20,2002,6,368,61,10.8,4.1,4,73,2,2,39,10,1.00,6,5,+1,+0.24,+0.48,4.3,7.2,-2.9,-0.71,-0.56
629,Salvi,ESP,FW|MF,Rayo Vallecano,31,1991,24,490,20,14.3,5.4,4,55,0,20,14,10,1.46,4,15,-11,-2.02,-2.11,6.4,10.6,-4.1,-0.76,-0.70
630,Fede San Emeterio,ESP,MF,Cádiz,25,1997,33,1844,56,53.9,20.5,24,69,3,9,22,0,1.18,16,23,-7,-0.34,+0.57,21.7,31.5,-9.9,-0.48,+0.09
631,Marciano Sanca,GNB,FW,Almería,18,2004,0,,,,,0,,0,0,,9,,,,,,,,,,,
632,Oihan Sancet,ESP,MF,Athletic Club,22,2000,36,2532,70,74.0,28.1,32,75,6,4,36,0,1.39,38,29,+9,+0.32,+0.83,39.3,28.0,+11.2,+0.40,-0.22
633,Antonio Sánchez,ESP,MF|DF,Mallorca,25,1997,32,1076,34,31.5,12.0,11,64,1,21,18,5,1.28,7,19,-12,-1.00,-1.23,11.9,14.4,-2.5,-0.20,+0.13
634,Iván Sánchez,ESP,MF|FW,Valladolid,29,1992,25,1154,46,33.7,12.8,13,66,1,12,25,11,0.92,11,19,-8,-0.62,+0.25,11.0,16.3,-5.2,-0.42,+0.40
635,Javi Sánchez,ESP,DF,Valladolid,25,1997,32,2392,75,69.9,26.6,28,81,20,4,29,2,1.16,21,43,-22,-0.83,-0.13,26.0,45.3,-19.2,-0.72,-0.10
636,Manu Sánchez,ESP,DF,Osasuna,21,2000,31,2124,69,62.1,23.6,22,90,21,9,16,7,1.35,22,26,-4,-0.17,-0.10,23.4,30.5,-7.1,-0.30,-0.35
637,Jesús Santiago,ESP,MF,Valencia,18,2004,0,,,,,0,,0,0,,1,,,,,,,,,,,
638,Esteban Saveljich,MNE,FW,Rayo Vallecano,31,1991,1,1,1,0.0,0.0,0,,0,1,1,28,1.50,0,4,-4,-360.00,-359.89,0.0,0.2,-0.2,-13.80,-13.64
639,Stefan Savić,MNE,DF,Atlético Madrid,31,1991,22,1943,88,56.8,21.6,22,88,19,0,,1,1.86,33,17,+16,+0.74,-0.54,31.2,22.9,+8.3,+0.39,-0.38
640,Manuel Sebastián,ESP,MF,Sevilla,18,2004,2,149,75,4.4,1.7,2,75,1,0,,9,0.00,1,3,-2,-1.21,-1.07,1.4,2.1,-0.7,-0.41,-0.21
641,Haris Seferović,SUI,FW,Celta Vigo,30,1992,18,887,49,25.9,9.9,10,67,0,8,28,1,1.11,14,11,+3,+0.30,+0.77,11.5,15.6,-4.1,-0.42,-0.46
642,Jaime Seoane,ESP,MF|FW,Getafe,25,1997,16,326,20,9.5,3.6,2,59,0,14,15,22,1.13,2,8,-6,-1.66,-1.51,2.9,5.2,-2.3,-0.64,-0.44
643,David Silva,ESP,MF,Real Sociedad,36,1986,28,1937,69,56.6,21.5,25,73,1,3,35,1,2.11,37,21,+16,+0.74,+0.74,31.4,17.4,+14.0,+0.65,+0.32
644,Rui Silva,POR,GK,Betis,28,1994,26,2340,90,68.4,26.0,26,90,26,0,,11,1.54,33,32,+1,+0.04,-0.29,34.5,35.1,-0.6,-0.02,-0.18
645,Simo,ESP,DF,Espanyol,17,2005,7,148,21,4.3,1.6,0,,0,7,21,15,1.43,5,6,-1,-0.61,-0.17,1.8,4.4,-2.6,-1.58,-1.33
646,Unai Simón,ESP,GK,Athletic Club,25,1997,31,2745,89,80.3,30.5,31,89,30,0,,4,1.45,42,37,+5,+0.16,+0.30,44.0,29.9,+14.1,+0.46,+0.03
647,Xavi Sintes,ESP,MF,Sevilla,20,2001,0,,,,,0,,0,0,,2,,,,,,,,,,,
648,Rubén Sobrino,ESP,MF|FW,Cádiz,30,1992,33,2465,75,72.1,27.4,28,84,18,5,22,1,1.18,22,27,-5,-0.18,+1.51,32.5,39.7,-7.2,-0.26,+0.94
649,Alex Sola,ESP,DF,Real Sociedad,23,1999,10,349,35,10.2,3.9,3,77,1,7,17,16,1.50,7,5,+2,+0.52,+0.11,5.3,3.2,+2.1,+0.54,+0.04
650,Augusto Solari,ARG,MF,Celta Vigo,30,1992,12,262,22,7.7,2.9,3,48,0,9,13,19,1.92,5,3,+2,+0.69,+1.03,3.3,2.3,+1.0,+0.36,+0.47
651,Carlos Soler,ESP,MF,Valencia,25,1997,3,242,81,7.1,2.7,3,81,2,0,,0,1.00,1,2,-1,-0.37,-0.32,2.7,2.6,+0.1,+0.03,-0.14
652,Marco Soler,ESP,DF,Elche,22,2000,0,,,,,0,,0,0,,3,,,,,,,,,,,
653,David Soria,ESP,GK,Getafe,29,1993,38,3420,90,100.0,38.0,38,90,38,0,,0,1.11,34,45,-11,-0.29,,36.7,46.0,-9.4,-0.25,
654,Hugo Sotelo,ESP,MF,Celta Vigo,18,2003,1,17,17,0.5,0.2,0,,0,1,17,7,3.00,0,0,0,0.00,+0.26,0.2,0.0,+0.1,+0.72,+0.80
655,Dyego Sousa,POR,FW,Almería,32,1989,20,527,26,15.4,5.9,3,65,0,17,20,14,0.70,4,6,-2,-0.34,+0.09,7.7,9.6,-1.9,-0.33,+0.14
656,Vinicius Souza,BRA,MF,Espanyol,23,1999,34,2428,71,71.0,27.0,27,84,14,7,21,2,1.00,34,47,-13,-0.48,-0.12,30.8,39.5,-8.7,-0.32,-0.08
657,Lautaro Spatz,ARG,DF,Cádiz,20,2001,0,,,,,0,,0,0,,1,,,,,,,,,,,
658,Jørgen Strand Larsen,NOR,FW,Celta Vigo,22,2000,32,1705,53,49.9,18.9,20,66,3,12,32,2,1.09,25,32,-7,-0.37,-0.21,21.9,20.5,+1.5,+0.08,+0.30
659,Cristhian Stuani,URU,FW,Girona,35,1986,32,1090,34,31.9,12.1,8,79,3,24,19,1,1.31,22,16,+6,+0.50,+0.61,19.9,17.2,+2.6,+0.22,+0.50
660,Damián Suárez,URU,DF|MF,Getafe,34,1988,28,1946,70,56.9,21.6,26,75,12,2,1,5,1.36,21,20,+1,+0.05,+0.78,22.9,22.7,+0.2,+0.01,+0.59
661,Denis Suárez,ESP,MF|FW,Espanyol,28,1994,18,945,53,27.6,10.5,11,70,2,7,25,1,0.94,16,23,-7,-0.67,-0.30,14.1,20.6,-6.6,-0.62,-0.45
662,Mario Suárez,ESP,MF|DF,Rayo Vallecano,35,1987,2,12,6,0.4,0.1,0,,0,2,6,31,1.00,1,3,-2,-15.00,-14.84,0.1,0.7,-0.7,-4.96,-4.82
663,Suso,ESP,MF|FW,Sevilla,28,1993,25,1065,43,31.1,11.8,10,68,1,15,25,9,1.52,18,15,+3,+0.25,+0.64,17.5,12.6,+4.9,+0.42,+0.91
664,Martin Šviderský,SVK,MF,Almería,19,2002,0,,,,,0,,0,0,,15,,,,,,,,,,,
665,Williot Swedberg,SWE,MF,Celta Vigo,18,2004,4,55,14,1.6,0.6,0,,0,4,14,34,0.25,0,0,0,0.00,+0.27,0.7,0.2,+0.5,+0.83,+0.92
666,Alexander Sørloth,NOR,FW,Real Sociedad,26,1995,34,2386,70,69.8,26.5,28,79,8,6,29,0,1.91,38,20,+18,+0.68,+0.85,37.2,20.4,+16.9,+0.64,+0.42
667,Renato Tapia,PER,MF|DF,Celta Vigo,27,1995,28,1451,52,42.4,16.1,16,75,6,12,21,5,1.14,10,28,-18,-1.12,-1.48,15.7,21.5,-5.8,-0.36,-0.50
668,Aurélien Tchouaméni,FRA,MF,Real Madrid,22,2000,33,2119,64,62.0,23.5,24,80,14,9,21,1,2.03,51,27,+24,+1.02,-0.02,46.3,25.3,+21.0,+0.89,-0.19
669,Alex Telles,BRA,DF,Sevilla,29,1992,27,1427,53,41.7,15.9,15,76,6,12,24,3,1.22,17,24,-7,-0.44,-0.44,17.3,24.7,-7.4,-0.46,-0.44
670,Arnau Tenas,ESP,GK,Barcelona,21,2001,0,,,0.0,0.0,0,,0,0,,35,1.00,1,1,0,,,,,,,
671,Marc-André ter Stegen,GER,GK,Barcelona,30,1992,38,3347,88,97.9,37.2,38,88,36,0,,0,2.32,68,18,+50,+1.34,+1.34,74.3,31.7,+42.5,+1.14,+1.43
672,Ramón Terrats,ESP,MF,Villarreal,21,2000,16,816,51,23.9,9.1,11,65,0,5,21,2,2.00,10,9,+1,+0.11,-0.51,13.7,11.8,+2.0,+0.22,-0.12
673,Ramón Terrats,ESP,MF,Girona,21,2000,8,212,27,6.2,2.4,2,72,0,6,12,6,1.63,1,3,-2,-0.85,-0.99,2.3,3.3,-1.1,-0.45,-0.35
674,Raúl de Tomás,ESP,FW,Rayo Vallecano,27,1994,19,805,42,23.5,8.9,9,69,0,10,19,2,0.89,7,13,-6,-0.67,-0.60,10.4,10.5,-0.1,-0.01,+0.19
675,Pablo Torre,ESP,FW|MF,Barcelona,19,2003,8,144,18,4.2,1.6,1,62,0,7,12,23,0.88,3,2,+1,+0.62,-0.72,3.3,2.7,+0.6,+0.38,-0.77
676,David Torres,ESP,DF,Valladolid,19,2003,7,385,55,11.3,4.3,2,85,1,5,43,21,1.14,3,8,-5,-1.17,-0.43,6.6,9.4,-2.8,-0.66,+0.03
677,Ferrán Torres,ESP,FW|MF,Barcelona,22,2000,33,1392,42,40.7,15.5,14,72,5,19,20,3,2.27,25,11,+14,+0.91,-0.69,28.4,15.5,+12.8,+0.83,-0.48
678,Óliver Torres,ESP,MF|FW,Sevilla,27,1994,32,2137,67,62.5,23.7,27,75,7,5,21,6,1.31,32,31,+1,+0.04,+0.60,29.0,32.5,-3.6,-0.15,+0.16
679,Pau Torres,ESP,DF,Villarreal,25,1997,34,3054,90,89.3,33.9,34,90,33,0,,1,1.71,55,35,+20,+0.59,+0.84,56.8,43.5,+13.3,+0.39,+0.75
680,Roberto Torres,ESP,FW|MF,Osasuna,33,1989,2,11,6,0.3,0.1,0,,0,2,6,13,3.00,0,0,0,0.00,+0.13,0.6,0.1,+0.5,+4.22,+4.40
681,Lucas Torró,ESP,MF,Osasuna,28,1994,33,2477,75,72.4,27.5,31,79,17,2,10,1,1.30,24,25,-1,-0.04,+0.35,28.8,30.2,-1.3,-0.05,+0.42
682,Nabil Touaizi,MAR,MF,Espanyol,21,2001,1,3,3,0.1,0.0,0,,0,1,3,2,1.00,1,0,+1,+30.00,+30.47,0.8,0.0,+0.8,+23.65,+23.97
683,Óscar Trejo,ARG,MF|FW,Rayo Vallecano,34,1988,34,2145,63,62.7,23.8,28,71,2,6,28,0,1.24,34,32,+2,+0.08,+0.79,25.9,31.7,-5.8,-0.24,-0.23
684,Manu Trigueros,ESP,MF,Villarreal,30,1991,23,828,36,24.2,9.2,8,64,2,15,21,7,1.87,17,8,+9,+0.98,+0.63,13.9,14.6,-0.7,-0.08,-0.51
685,Viktor Tsyhankov,UKR,MF,Girona,24,1997,19,1489,78,43.5,16.5,17,85,10,2,21,2,1.47,29,19,+10,+0.60,+0.93,22.1,25.1,-3.0,-0.18,-0.11
686,Beñat Turrientes,ESP,MF|FW,Real Sociedad,20,2002,6,106,18,3.1,1.2,1,45,0,5,12,26,1.50,1,2,-1,-0.85,-1.31,0.9,2.3,-1.4,-1.17,-1.73
687,Enes Ünal,TUR,FW,Getafe,25,1997,35,2970,85,86.8,33.0,35,85,19,0,,0,1.09,29,42,-13,-0.39,-0.79,31.1,40.8,-9.6,-0.29,-0.35
688,Oscar Ureña,ESP,MF,Girona,19,2003,3,100,33,2.9,1.1,1,58,0,2,21,4,0.00,0,2,-2,-1.80,-1.94,1.3,1.7,-0.4,-0.40,-0.29
689,Pablo Valencia,ESP,GK,Osasuna,21,2001,0,,,,,0,,0,0,,3,,,,,,,,,,,
690,Óscar Valentín,ESP,MF,Rayo Vallecano,27,1994,34,2555,75,74.7,28.4,29,82,13,5,34,0,1.32,34,33,+1,+0.04,+0.97,30.8,33.5,-2.7,-0.09,+0.25
691,Martin Valjent,SVK,DF,Mallorca,26,1995,30,2656,89,77.7,29.5,30,89,27,0,,2,1.40,29,33,-4,-0.14,+0.10,27.5,36.4,-8.9,-0.30,-0.03
692,Jesús Vallejo,ESP,DF,Real Madrid,25,1997,1,22,22,0.6,0.2,0,,0,1,22,35,3.00,2,0,+2,+8.18,+7.20,1.2,0.1,+1.1,+4.47,+3.53
693,Manu Vallejo,ESP,FW|MF,Girona,25,1997,7,206,29,6.0,2.3,2,54,0,5,20,8,0.86,8,5,+3,+1.31,+1.31,5.7,2.5,+3.1,+1.37,+1.59
694,Manu Vallejo,ESP,FW|MF,Valencia,25,1997,0,,,,,0,,0,0,,3,,,,,,,,,,,
695,Federico Valverde,URU,MF|FW,Real Madrid,24,1998,34,2502,74,73.2,27.8,29,82,17,5,26,4,2.09,51,25,+26,+0.94,-0.34,52.7,26.7,+26.0,+0.93,-0.10
696,Jesus Vazquez,ESP,DF|MF,Valencia,19,2003,10,310,31,9.1,3.4,3,74,1,7,12,27,0.80,1,5,-4,-1.16,-1.19,3.6,5.6,-2.0,-0.57,-0.79
697,Kevin Vázquez,ESP,DF|MF,Celta Vigo,29,1993,10,441,44,12.9,4.9,6,66,2,4,11,28,1.40,4,8,-4,-0.82,-0.64,5.4,7.0,-1.6,-0.32,-0.28
698,Lucas Vázquez,ESP,DF,Real Madrid,31,1991,23,1144,50,33.5,12.7,12,82,6,11,14,9,1.96,28,12,+16,+1.26,+0.35,28.7,12.3,+16.4,+1.28,+0.48
699,Gabriel Veiga,ESP,MF,Celta Vigo,20,2002,36,2294,64,67.1,25.5,28,74,3,8,26,0,1.17,29,30,-1,-0.04,+0.68,28.7,28.5,+0.2,+0.01,+0.24
700,Unai Vencedor Paris,ESP,MF,Athletic Club,21,2000,10,193,19,5.6,2.1,0,,0,10,19,27,1.40,2,7,-5,-2.33,-2.58,2.3,3.8,-1.5,-0.68,-1.21
701,Gonzalo Verdú,ESP,DF,Elche,33,1988,16,703,44,20.6,7.8,9,65,3,7,17,15,0.88,4,12,-8,-1.02,-0.06,5.1,11.8,-6.6,-0.85,+0.01
702,Mikel Vesga,ESP,MF,Athletic Club,29,1993,36,2575,72,75.3,28.6,28,86,21,8,22,0,1.33,32,30,+2,+0.07,-0.14,40.2,26.5,+13.6,+0.48,+0.09
703,Pau Victor Delgado,ESP,FW,Girona,20,2001,0,,,,,0,,0,0,,1,,,,,,,,,,,
704,Aleix Vidal,ESP,MF|FW,Espanyol,32,1989,25,1025,41,30.0,11.4,10,66,1,15,25,6,1.16,18,19,-1,-0.09,+0.51,17.5,15.5,+2.0,+0.18,+0.69
705,Nacho Vidal,ESP,DF,Osasuna,27,1995,20,1247,62,36.5,13.9,15,76,8,5,23,4,1.50,10,15,-5,-0.36,-0.36,13.7,12.6,+1.1,+0.08,+0.38
706,Toni Villa,ESP,MF,Valladolid,27,1995,2,91,46,2.7,1.0,1,61,0,1,30,1,0.00,0,3,-3,-2.97,-2.24,0.9,2.5,-1.6,-1.57,-0.90
707,Toni Villa,ESP,MF|FW,Girona,27,1995,24,895,37,26.2,9.9,12,56,0,12,18,2,1.33,16,10,+6,+0.60,+0.71,16.9,10.6,+6.3,+0.63,+1.02
708,Daniel Villahermosa,ESP,MF,Espanyol,21,2001,0,,,,,0,,0,0,,10,,,,,,,,,,,
709,Asier Villalibre,ESP,FW,Athletic Club,24,1997,5,97,19,2.8,1.1,1,56,0,4,10,13,1.60,2,0,+2,+1.86,+1.80,3.0,0.7,+2.3,+2.14,+1.73
710,Gonzalo Villar,ESP,MF,Getafe,24,1998,16,457,29,13.4,5.1,3,60,0,13,21,5,0.88,4,5,-1,-0.20,+0.11,6.7,7.8,-1.1,-0.21,+0.04
711,Iván Villar,ESP,GK,Celta Vigo,25,1997,19,1710,90,50.0,19.0,19,90,19,0,,19,1.21,25,24,+1,+0.05,+0.63,21.5,25.9,-4.3,-0.23,-0.31
712,Ricardo Visus,ESP,DF,Betis,21,2001,0,,,,,0,,0,0,,2,,,,,,,,,,,
713,Daniel Vivian,ESP,DF,Athletic Club,23,1999,29,2376,82,69.5,26.4,26,90,25,3,12,4,1.31,28,24,+4,+0.15,+0.15,35.4,24.7,+10.7,+0.40,-0.17
714,Victor Wehbi,BRA,GK,Cádiz,19,2002,0,,,,,0,,0,0,,17,,,,,,,,,,,
715,Shon Weissman,ISR,FW,Valladolid,26,1996,15,747,50,21.8,8.3,6,74,1,9,34,1,1.07,5,13,-8,-0.96,-0.22,6.1,14.6,-8.5,-1.03,-0.43
716,Axel Werner,ARG,GK,Elche,26,1996,2,180,90,5.3,2.0,2,90,2,0,,36,0.00,1,4,-3,-1.50,-0.56,1.7,3.0,-1.3,-0.66,+0.21
717,Iñaki Williams,GHA,FW,Athletic Club,28,1994,36,2836,79,82.9,31.5,34,82,15,2,25,0,1.33,37,35,+2,+0.06,-0.24,44.2,28.7,+15.5,+0.49,+0.21
718,Nico Williams,ESP,FW,Athletic Club,20,2002,36,2656,74,77.7,29.5,32,79,9,4,30,0,1.42,43,30,+13,+0.44,+1.50,42.6,26.7,+15.9,+0.54,+0.38
719,Axel Witsel,BEL,DF|MF,Atlético Madrid,33,1989,33,2258,68,66.0,25.1,25,86,21,8,14,4,2.03,59,27,+32,+1.28,+0.89,45.4,28.9,+16.5,+0.66,+0.31
720,Lamine Yamal,ESP,FW,Barcelona,15,2007,1,8,8,0.2,0.1,0,,0,1,8,3,3.00,0,0,0,0.00,-1.32,0.5,0.0,+0.5,+5.65,+4.55
721,Jawad El Yamiq,MAR,DF,Valladolid,30,1992,25,1608,64,47.0,17.9,19,79,13,6,19,5,1.08,14,33,-19,-1.06,-0.52,16.4,33.1,-16.7,-0.90,-0.40
722,Joseba Zaldúa,ESP,DF,Cádiz,30,1992,10,639,64,18.7,7.1,7,84,5,3,17,0,0.70,3,17,-14,-1.97,-1.68,4.3,13.7,-9.4,-1.33,-0.99
723,Oier Zarraga,ESP,MF,Athletic Club,23,1999,26,852,33,24.9,9.5,6,69,0,20,22,11,1.23,3,13,-10,-1.06,-1.55,11.8,8.4,+3.4,+0.36,-0.13
724,Igor Zubeldia,ESP,DF,Real Sociedad,25,1997,31,2542,82,74.3,28.2,29,86,24,2,24,4,1.77,35,26,+9,+0.32,-0.40,38.7,25.0,+13.7,+0.48,-0.09
725,Andoni Zubiaurre,ESP,GK,Real Sociedad,25,1996,0,,,,,0,,0,0,,37,,,,,,,,,,,
726,Martín Zubimendi,ESP,MF,Real Sociedad,23,1999,36,3101,86,90.7,34.5,35,88,33,1,26,0,1.81,45,34,+11,+0.32,-1.09,46.6,31.5,+15.1,+0.44,-0.76
727,Blanco,,MF,Cádiz,22,2000,3,158,53,4.6,1.8,2,67,0,1,25,9,0.00,1,6,-5,-2.85,-2.35,,,,,
728,Hugo Guillamón,,DF|MF,Valencia,22,2000,25,1632,65,47.7,18.1,19,80,11,6,20,11,1.04,20,23,-3,-0.17,-0.17,,,,,
