Rk,Player,Nation,Pos,Squad,Age,Born,90s,SCA SCA,SCA SCA90,SCA Types PassLive,SCA Types PassDead,SCA Types TO,SCA Types Sh,SCA Types Fld,SCA Types Def,GCA GCA,GCA GCA90,GCA Types PassLive,GCA Types PassDead,GCA Types TO,GCA Types Sh,GCA Types Fld,GCA Types Def
1,Abner,BRA,DF,Betis,22,2000,6.7,8,1.18,5,1,1,1,0,0,1,0.15,1,0,0,0,0,0
2,Álvaro Aceves,ESP,GK,Valladolid,19,2003,0.1,0,0.00,0,0,0,0,0,0,0,0.00,0,0,0,0,0,0
3,Marcos Acuña,ARG,DF,Sevilla,30,1991,21.2,65,3.04,45,14,3,3,0,0,4,0.19,4,0,0,0,0,0
4,Julen Agirrezabala,ESP,GK,Athletic Club,21,2000,7.5,0,0.00,0,0,0,0,0,0,0,0.00,0,0,0,0,0,0
5,Álvaro Aguado,ESP,MF,Valladolid,26,1996,21.0,76,3.62,56,13,3,0,4,0,4,0.19,2,2,0,0,0,0
6,Joseph Aidoo,GHA,DF,Celta Vigo,26,1995,34.7,10,0.29,8,0,0,1,0,1,0,0.00,0,0,0,0,0,0
7,Sergio Akieme,ESP,DF,Almería,24,1997,25.5,36,1.41,29,1,1,3,0,2,3,0.12,2,0,1,0,0,0
8,Babatunde Akinsola,NGA,FW,Valladolid,19,2003,0.1,1,8.18,0,0,0,0,1,0,0,0.00,0,0,0,0,0,0
9,Paul Akouokou,CIV,MF|DF,Betis,24,1997,5.0,2,0.40,0,0,0,2,0,0,0,0.00,0,0,0,0,0,0
10,David Alaba,AUT,DF,Real Madrid,30,1992,20.4,27,1.32,23,3,0,1,0,0,4,0.20,3,0,0,1,0,0
11,Ángel Alarcón,ESP,FW,Barcelona,18,2004,0.3,,,,,,,,,,,,,,,,
12,Tomás Alarcón,CHI,MF,Cádiz,23,1999,2.5,4,1.61,2,1,0,0,1,0,0,0.00,0,0,0,0,0,0
13,Jordi Alba,ESP,DF,Barcelona,33,1989,15.8,59,3.74,52,5,1,1,0,0,6,0.38,5,1,0,0,0,0
14,Raúl Albiol,ESP,DF,Villarreal,36,1985,23.5,12,0.51,12,0,0,0,0,0,0,0.00,0,0,0,0,0,0
15,Rubén Alcaraz,ESP,MF,Cádiz,31,1991,22.7,47,2.07,34,9,1,1,2,0,2,0.09,2,0,0,0,0,0
16,Omar Alderete,PAR,DF,Getafe,25,1996,22.7,24,1.06,22,0,0,2,0,0,3,0.13,3,0,0,0,0,0
17,Iván Alejo,ESP,MF|FW,Cádiz,27,1995,14.6,40,2.75,27,3,3,5,2,0,0,0.00,0,0,0,0,0,0
18,Carles Aleñá,ESP,MF|FW,Getafe,24,1998,23.5,44,1.87,30,2,1,2,9,0,4,0.17,4,0,0,0,0,0
19,Alejandro Alfaro,ESP,MF,Elche,20,2002,0.2,0,0.00,0,0,0,0,0,0,0,0.00,0,0,0,0,0,0
20,Ángel Algobia,ESP,MF,Getafe,23,1999,12.6,16,1.27,13,0,1,2,0,0,1,0.08,1,0,0,0,0,0
21,Mohamed Ali Cho,FRA,FW|MF,Real Sociedad,18,2004,6.5,19,2.90,12,1,2,2,1,1,2,0.31,2,0,0,0,0,0
22,Domingos André Ribeiro Almeida,POR,MF,Valencia,22,2000,28.2,91,3.22,67,17,1,1,2,3,5,0.18,3,2,0,0,0,0
23,Marcos Alonso,ESP,DF,Barcelona,31,1990,13.0,14,1.08,13,0,0,1,0,0,1,0.08,1,0,0,0,0,0
24,Carlos Álvarez,ESP,MF,Sevilla,18,2003,0.1,0,0.00,0,0,0,0,0,0,0,0.00,0,0,0,0,0,0
25,Gastón Álvarez,URU,DF,Getafe,22,2000,16.7,16,0.96,9,5,0,1,0,1,1,0.06,1,0,0,0,0,0
26,Yeray Álvarez,ESP,DF,Athletic Club,27,1995,25.9,28,1.08,24,1,0,1,1,1,2,0.08,2,0,0,0,0,0
27,Selim Amallah,MAR,MF|FW,Valladolid,25,1996,3.0,11,3.69,5,0,4,0,0,2,2,0.67,1,0,1,0,0,0
28,Amath,SEN,MF|FW,Mallorca,26,1996,13.6,24,1.76,11,0,5,4,3,1,3,0.22,1,0,1,0,1,0
29,Jordan Amavi,FRA,DF,Getafe,28,1994,2.2,2,0.90,2,0,0,0,0,0,1,0.45,1,0,0,0,0,0
30,Marcos André,BRA,FW|MF,Valencia,25,1996,5.0,12,2.42,8,0,3,1,0,0,0,0.00,0,0,0,0,0,0
31,Fabrizio Angileri,ARG,DF,Getafe,28,1994,6.5,5,0.77,3,0,1,0,0,1,2,0.31,1,0,0,0,0,1
32,Josep Antoni Gayá,ESP,DF|MF,Mallorca,22,2000,1.1,0,0.00,0,0,0,0,0,0,0,0.00,0,0,0,0,0,0
33,José Antonio,ESP,MF|DF,Cádiz,18,2004,0.5,1,1.91,1,0,0,0,0,0,1,1.91,1,0,0,0,0,0
34,Anuar,MAR,MF|FW,Valladolid,27,1995,2.3,4,1.71,2,0,1,0,0,1,1,0.43,0,0,1,0,0,0
35,Mauro Arambarri,URU,MF,Getafe,26,1995,11.0,25,2.27,8,14,1,1,0,1,3,0.27,2,1,0,0,0,0
36,Ronald Araújo,URU,DF,Barcelona,23,1999,20.0,18,0.90,15,0,0,3,0,0,6,0.30,5,0,0,1,0,0
37,Adu Ares,ESP,FW|MF,Athletic Club,20,2001,0.9,12,13.01,7,0,2,1,2,0,0,0.00,0,0,0,0,0,0
38,Sergio Arribas,ESP,MF|FW,Real Madrid,20,2001,0.2,3,14.21,2,1,0,0,0,0,0,0.00,0,0,0,0,0,0
39,Roberto Arroyo,ESP,MF,Valladolid,18,2003,0.2,0,0.00,0,0,0,0,0,0,0,0.00,0,0,0,0,0,0
40,Ricard Artero,ESP,MF|FW,Girona,19,2003,1.5,1,0.68,1,0,0,0,0,0,0,0.00,0,0,0,0,0,0
41,Santiago Arzamendia,PAR,DF|MF,Cádiz,24,1998,5.4,11,2.05,8,2,1,0,0,0,0,0.00,0,0,0,0,0,0
42,Sergio Asenjo,ESP,GK,Valladolid,33,1989,10.0,2,0.20,1,1,0,0,0,0,0,0.00,0,0,0,0,0,0
43,Marco Asensio,ESP,FW|MF,Real Madrid,26,1996,16.0,76,4.74,47,16,6,4,3,0,12,0.75,7,2,2,0,1,0
44,Iago Aspas,ESP,FW,Celta Vigo,34,1987,31.9,141,4.42,110,8,5,8,9,1,8,0.25,8,0,0,0,0,0
45,Pierre-Emerick Aubameyang,GAB,FW,Barcelona,33,1989,0.1,1,10.00,0,0,0,1,0,0,0,0.00,0,0,0,0,0,0
46,Ludwig Augustinsson,SWE,DF,Mallorca,28,1994,1.5,2,1.36,2,0,0,0,0,0,0,0.00,0,0,0,0,0,0
47,Ezequiel Ávila,ARG,FW|MF,Osasuna,28,1994,19.0,41,2.16,28,2,4,4,2,1,2,0.11,1,0,0,1,0,0
48,Iddrisu Baba,GHA,MF|DF,Mallorca,26,1996,18.9,13,0.67,10,0,0,1,1,1,1,0.05,0,0,0,1,0,0
49,Srđan Babić,SRB,DF,Almería,26,1996,33.3,20,0.60,18,0,0,2,0,0,1,0.03,0,0,0,1,0,0
50,Loïc Bade,FRA,DF,Sevilla,22,2000,16.1,3,0.19,2,1,0,0,0,0,1,0.06,0,1,0,0,0,0
51,Édgar Badía,ESP,GK,Elche,30,1992,36.0,3,0.08,3,0,0,0,0,0,0,0.00,0,0,0,0,0,0
52,Alex Baena,ESP,MF|FW,Villarreal,21,2001,21.6,79,3.65,58,0,8,8,5,0,8,0.37,5,0,0,2,1,0
53,Alejandro Balde,ESP,DF,Barcelona,18,2003,27.5,66,2.40,50,0,8,2,5,1,8,0.29,8,0,0,0,0,0
54,Mikel Balenziaga,ESP,DF,Athletic Club,34,1988,1.3,1,0.78,1,0,0,0,0,0,0,0.00,0,0,0,0,0,0
55,Iván Balliu,ALB,DF,Rayo Vallecano,30,1992,35.9,66,1.84,51,11,0,1,3,0,0,0.00,0,0,0,0,0,0
56,Léo Baptistão,BRA,FW|MF,Almería,29,1992,19.2,53,2.77,37,0,4,8,2,2,3,0.16,2,0,0,1,0,0
57,Keidi Bare,ALB,MF,Espanyol,24,1997,5.6,11,1.96,7,1,0,2,0,1,2,0.36,1,0,0,0,0,1
58,Kike Barja,ESP,FW|MF,Osasuna,25,1997,14.6,49,3.36,36,7,5,0,0,1,8,0.55,7,1,0,0,0,0
59,Ander Barrenetxea,ESP,FW|DF,Real Sociedad,20,2001,9.8,28,2.87,22,0,2,2,2,0,2,0.21,1,0,1,0,0,0
60,Pablo Barrios,ESP,MF,Atlético Madrid,19,2003,8.0,20,2.48,17,0,0,2,1,0,2,0.25,1,0,0,1,0,0
61,Rodrigo Battaglia,ARG,MF,Mallorca,31,1991,7.6,4,0.53,3,0,0,0,1,0,0,0.00,0,0,0,0,0,0
62,Bebé,CPV,FW,Rayo Vallecano,32,1990,0.7,4,6.00,0,2,0,1,1,0,0,0.00,0,0,0,0,0,0
63,Héctor Bellerín,ESP,DF,Barcelona,27,1995,1.6,5,3.15,5,0,0,0,0,0,0,0.00,0,0,0,0,0,0
64,Fran Beltrán,ESP,MF,Celta Vigo,23,1999,31.7,66,2.08,53,10,0,1,0,2,4,0.13,2,1,0,0,0,1
65,Iker Benito,ESP,FW|MF,Osasuna,19,2002,2.0,5,2.56,4,0,0,0,0,1,1,0.51,1,0,0,0,0,0
66,Karim Benzema,FRA,FW,Real Madrid,34,1987,22.6,102,4.50,86,1,6,7,2,0,7,0.31,5,0,1,1,0,0
67,Yuri Berchiche,ESP,DF,Athletic Club,32,1990,26.7,59,2.21,47,6,2,3,1,0,2,0.07,1,0,0,0,1,0
68,Álex Berenguer,ESP,FW,Athletic Club,27,1995,25.5,98,3.84,48,29,9,5,4,3,4,0.16,2,0,1,1,0,0
69,Pedro Bigas,ESP,DF,Elche,31,1990,22.4,14,0.62,9,0,1,2,1,1,3,0.13,1,0,0,1,1,0
70,El Bilal Touré,MLI,FW,Almería,20,2001,14.0,36,2.56,26,1,2,4,3,0,4,0.28,3,0,1,0,0,0
71,Lautaro Blanco,ARG,DF|MF,Elche,23,1999,9.7,23,2.37,17,2,3,0,0,1,2,0.21,2,0,0,0,0,0
72,Theo Bongonda,COD,MF|FW,Cádiz,26,1995,21.5,45,2.09,27,3,4,4,6,1,5,0.23,3,0,1,1,0,0
73,Yassine Bounou,MAR,GK,Sevilla,31,1991,23.9,2,0.08,2,0,0,0,0,0,0,0.00,0,0,0,0,0,0
74,Lucas Boyé,ARG,FW,Elche,26,1996,27.4,75,2.74,51,0,12,5,5,2,7,0.26,5,0,0,1,0,1
75,Martin Braithwaite,DEN,FW|MF,Espanyol,31,1991,27.3,48,1.76,31,0,2,9,6,0,7,0.26,4,0,0,3,0,0
76,Juan Brandáriz,ESP,DF,Almería,23,1999,16.5,11,0.66,9,0,1,0,1,0,0,0.00,0,0,0,0,0,0
77,Darko Brašanac,SRB,MF,Osasuna,30,1992,11.6,22,1.90,20,0,0,1,1,0,1,0.09,1,0,0,0,0,0
78,Claudio Bravo,CHI,GK,Betis,39,1983,12.0,3,0.25,1,2,0,0,0,0,0,0.00,0,0,0,0,0,0
79,Ante Budimir,CRO,FW,Osasuna,31,1991,20.0,34,1.70,21,0,6,3,3,1,1,0.05,0,0,0,0,1,0
80,Santiago Bueno,URU,DF,Girona,23,1998,33.4,24,0.72,18,0,1,3,2,0,4,0.12,3,0,0,0,1,0
81,Sergio Busquets,ESP,MF,Barcelona,34,1988,26.0,74,2.85,68,0,0,1,4,1,6,0.23,6,0,0,0,0,0
82,Leandro Cabrera,URU,DF,Espanyol,31,1991,29.7,35,1.18,26,3,0,6,0,0,3,0.10,3,0,0,0,0,0
83,Cala,ESP,DF,Cádiz,32,1989,1.5,0,0.00,0,0,0,0,0,0,0,0.00,0,0,0,0,0,0
84,Fernando Calero,ESP,DF|MF,Espanyol,26,1995,17.9,22,1.23,20,0,0,1,0,1,4,0.22,2,0,0,1,0,1
85,Alexander Callens,PER,DF,Girona,30,1992,1.3,1,0.75,1,0,0,0,0,0,0,0.00,0,0,0,0,0,0
86,Eduardo Camavinga,FRA,MF|DF,Real Madrid,19,2002,22.3,72,3.23,55,0,5,3,9,0,5,0.22,3,0,0,1,1,0
87,Sergio Camello,ESP,FW,Rayo Vallecano,21,2001,26.7,62,2.32,49,1,6,2,4,0,7,0.26,5,0,1,1,0,0
88,Sergio Canales,ESP,FW|MF,Betis,31,1991,26.7,111,4.16,85,16,3,3,3,1,8,0.30,5,2,0,1,0,0
89,Ander Capa,ESP,DF,Athletic Club,30,1992,1.2,5,4.17,5,0,0,0,0,0,0,0.00,0,0,0,0,0,0
90,Étienne Capoue,FRA,MF,Villarreal,34,1988,21.7,46,2.12,33,1,2,4,4,2,4,0.18,3,0,0,1,0,0
91,Isaac Carcelen,ESP,DF,Cádiz,29,1993,24.4,43,1.76,27,9,1,1,4,1,2,0.08,1,0,1,0,0,0
92,Juan Carlos,ESP,GK,Girona,34,1988,10.0,0,0.00,0,0,0,0,0,0,0,0.00,0,0,0,0,0,0
93,José Carlos Lazo,ESP,MF|FW,Almería,26,1996,0.2,3,13.50,1,0,0,1,1,0,0,0.00,0,0,0,0,0,0
94,José Carlos Lazo,ESP,MF|FW,Espanyol,26,1996,1.8,3,1.70,3,0,0,0,0,0,1,0.57,1,0,0,0,0,0
95,Carmona,ESP,MF|DF,Elche,20,2002,6.5,14,2.14,8,0,3,1,1,1,1,0.15,1,0,0,0,0,0
96,Carmona,ESP,DF,Sevilla,20,2002,5.9,10,1.70,7,2,0,1,0,0,2,0.34,2,0,0,0,0,0
97,Yannick Carrasco,BEL,DF|MF,Atlético Madrid,28,1993,25.7,97,3.77,59,14,14,8,2,0,9,0.35,4,2,1,2,0,0
98,Dani Carvajal,ESP,DF,Real Madrid,30,1992,19.8,40,2.02,37,0,0,1,1,1,1,0.05,1,0,0,0,0,0
99,William Carvalho,POR,MF,Betis,30,1992,27.1,60,2.19,53,3,2,2,0,0,7,0.26,7,0,0,0,0,0
100,Casemiro,BRA,MF,Real Madrid,30,1992,0.1,0,0.00,0,0,0,0,0,0,0,0.00,0,0,0,0,0,0
101,Valentín Castellanos,ARG,FW,Girona,23,1998,28.9,41,1.42,29,0,4,4,4,0,5,0.17,3,0,0,2,0,0
102,Samu Castillejo,ESP,FW|MF,Valencia,27,1995,15.1,63,4.16,38,11,8,4,0,2,1,0.07,0,0,0,1,0,0
103,Catena,ESP,DF,Rayo Vallecano,27,1994,34.5,31,0.90,25,2,0,2,2,0,1,0.03,1,0,0,0,0,0
104,Edinson Cavani,URU,FW,Valencia,35,1987,16.1,24,1.49,19,1,0,4,0,0,4,0.25,4,0,0,0,0,0
105,Dani Ceballos,ESP,MF,Real Madrid,25,1996,17.4,81,4.66,60,8,5,2,5,1,9,0.52,8,0,0,0,1,0
106,Álex Centelles,ESP,DF,Almería,24,1997,12.5,24,1.92,15,7,2,0,0,0,4,0.32,3,1,0,0,0,0
107,Franco Cervi,ARG,MF|DF,Celta Vigo,28,1994,21.0,61,2.90,42,8,3,4,4,0,5,0.24,4,0,0,1,0,0
108,Pep Chavarría,ESP,FW|MF,Rayo Vallecano,24,1998,4.1,19,4.68,15,4,0,0,0,0,2,0.49,2,0,0,0,0,0
109,Pape Cheikh Diop,SEN,MF,Elche,24,1997,0.4,1,2.43,1,0,0,0,0,0,0,0.00,0,0,0,0,0,0
110,Andreas Christensen,DEN,DF,Barcelona,26,1996,19.6,15,0.77,15,0,0,0,0,0,2,0.10,2,0,0,0,0,0
111,Samuel Chukwueze,NGA,FW|MF,Villarreal,23,1999,26.0,110,4.23,75,4,24,2,4,1,15,0.58,9,0,5,0,1,0
112,Víctor Chust,ESP,DF,Cádiz,22,2000,10.7,5,0.47,4,1,0,0,0,0,0,0.00,0,0,0,0,0,0
113,Pathé Ciss,SEN,MF|DF,Rayo Vallecano,28,1994,14.2,21,1.48,19,0,0,1,1,0,0,0.00,0,0,0,0,0,0
114,Carlos Clerc,ESP,DF|MF,Elche,30,1992,29.3,41,1.40,31,3,1,2,4,0,4,0.14,3,0,0,0,1,0
115,Álex Collado,ESP,MF,Elche,23,1999,8.1,35,4.36,25,6,0,3,1,0,2,0.25,2,0,0,0,0,0
116,Diego Collado,ESP,FW,Villarreal,21,2001,0.1,0,0.00,0,0,0,0,0,0,0,0.00,0,0,0,0,0,0
117,Eray Cömert,SUI,DF,Valencia,24,1998,18.6,12,0.65,8,0,1,1,2,0,0,0.00,0,0,0,0,0,0
118,Santi Comesaña,ESP,MF,Rayo Vallecano,25,1996,27.2,87,3.20,73,1,6,2,2,3,5,0.18,4,0,1,0,0,0
119,Copete,ESP,DF,Mallorca,22,1999,24.5,16,0.65,15,0,0,0,1,0,0,0.00,0,0,0,0,0,0
120,Francis Coquelin,FRA,MF,Villarreal,31,1991,8.3,9,1.09,8,0,0,0,0,1,0,0.00,0,0,0,0,0,0
121,Jesús Corona,MEX,FW,Sevilla,29,1993,1.2,5,4.02,4,0,1,0,0,0,1,0.80,0,0,1,0,0,0
122,Ángel Correa,ARG,FW|MF,Atlético Madrid,27,1995,16.2,61,3.78,45,3,5,6,1,1,11,0.68,5,0,2,3,0,1
123,Thierry Correia,POR,DF,Valencia,23,1999,22.3,43,1.93,29,2,1,0,10,1,2,0.09,2,0,0,0,0,0
124,Jaume Costa,ESP,DF,Mallorca,34,1988,28.9,58,2.01,44,5,1,1,5,2,4,0.14,3,1,0,0,0,0
125,Samu Costa,POR,MF,Almería,21,2000,22.1,47,2.13,37,1,1,2,3,3,3,0.14,3,0,0,0,0,0
126,Thibaut Courtois,BEL,GK,Real Madrid,30,1992,31.0,5,0.16,2,3,0,0,0,0,0,0.00,0,0,0,0,0,0
127,Yan Couto,BRA,DF|MF,Girona,20,2002,12.9,45,3.50,35,2,4,1,2,1,4,0.31,3,1,0,0,0,0
128,Juan Cruz Armada,ESP,DF,Osasuna,30,1992,22.9,39,1.70,31,6,0,1,0,1,3,0.13,2,1,0,0,0,0
129,Juan Cruz,ESP,FW,Betis,22,2000,2.0,3,1.52,3,0,0,0,0,0,0,0.00,0,0,0,0,0,0
130,Jorge Cuenca,ESP,DF,Villarreal,22,1999,5.6,5,0.89,4,0,0,1,0,0,0,0.00,0,0,0,0,0,0
131,Braian Cufré,ARG,DF,Mallorca,25,1996,2.4,3,1.23,2,0,0,0,1,0,0,0.00,0,0,0,0,0,0
132,Matheus Cunha,BRA,FW|MF,Atlético Madrid,23,1999,4.2,10,2.38,8,0,0,2,0,0,2,0.48,2,0,0,0,0,0
133,Curro,ESP,MF,Almería,26,1996,0.5,2,4.19,0,2,0,0,0,0,0,0.00,0,0,0,0,0,0
134,Arnaut Danjuma,NED,FW,Villarreal,25,1997,5.3,13,2.44,7,0,1,1,3,1,0,0.00,0,0,0,0,0,0
135,Sergi Darder,ESP,MF,Espanyol,28,1993,36.9,150,4.07,98,35,8,4,4,1,11,0.30,9,1,0,1,0,0
136,Rodrigo De Paul,ARG,MF,Atlético Madrid,28,1994,21.4,88,4.12,77,7,1,0,3,0,11,0.52,10,0,0,0,1,0
137,Alberto Del Moral,ESP,MF,Villarreal,22,2000,0.1,0,0.00,0,0,0,0,0,0,0,0.00,0,0,0,0,0,0
138,Thomas Delaney,DEN,MF,Sevilla,30,1991,3.4,4,1.17,3,0,0,0,1,0,0,0.00,0,0,0,0,0,0
139,Fran Delgado,ESP,DF,Betis,21,2001,0.1,0,0.00,0,0,0,0,0,0,0,0.00,0,0,0,0,0,0
140,Ousmane Dembélé,FRA,FW,Barcelona,25,1997,15.7,86,5.48,52,13,15,3,3,0,12,0.76,9,0,2,1,0,0
141,Mouctar Diakhaby,GUI,DF,Valencia,25,1996,27.2,15,0.55,13,0,0,2,0,0,1,0.04,1,0,0,0,0,0
142,Mamady Diarra,MLI,MF|DF,Cádiz,22,2000,0.7,1,1.36,0,0,0,1,0,0,0,0.00,0,0,0,0,0,0
143,Youba Diarra,MLI,MF,Cádiz,24,1998,1.1,3,2.76,3,0,0,0,0,0,0,0.00,0,0,0,0,0,0
144,Stole Dimitrievski,MKD,GK,Rayo Vallecano,28,1993,36.9,4,0.11,2,2,0,0,0,0,0,0.00,0,0,0,0,0,0
145,Djené,TOG,DF,Getafe,30,1991,31.6,31,0.98,23,2,2,1,3,0,7,0.22,7,0,0,0,0,0
146,Marko Dmitrović,SRB,GK,Sevilla,30,1992,14.1,4,0.28,2,2,0,0,0,0,0,0.00,0,0,0,0,0,0
147,Matt Doherty,IRL,DF,Atlético Madrid,30,1992,0.2,0,0.00,0,0,0,0,0,0,0,0.00,0,0,0,0,0,0
148,Kasper Dolberg,DEN,FW,Sevilla,24,1997,2.2,1,0.45,0,0,0,0,1,0,0,0.00,0,0,0,0,0,0
149,Carlos Dominguez,ESP,DF,Celta Vigo,21,2001,1.2,0,0.00,0,0,0,0,0,0,0,0.00,0,0,0,0,0,0
150,John Donald,ESP,MF|DF,Elche,21,2000,12.1,6,0.49,6,0,0,0,0,0,1,0.08,1,0,0,0,0,0
151,Domingos Duarte,POR,DF,Getafe,27,1995,29.5,15,0.51,13,0,0,2,0,0,3,0.10,2,0,0,1,0,0
152,Pablo Durán,ESP,MF|DF,Celta Vigo,21,2001,0.4,0,0.00,0,0,0,0,0,0,0,0.00,0,0,0,0,0,0
153,Hugo Duro,ESP,FW,Valencia,22,1999,15.4,22,1.43,17,0,2,0,3,0,2,0.13,1,0,0,0,1,0
154,Íñigo Eguaras,ESP,MF,Almería,30,1992,10.7,25,2.33,22,0,0,1,1,1,2,0.19,2,0,0,0,0,0
155,Aritz Elustondo,ESP,DF,Real Sociedad,28,1994,16.1,9,0.56,5,2,0,2,0,0,2,0.12,0,1,0,1,0,0
156,Rodrigo Ely,BRA,DF,Almería,28,1993,35.1,21,0.60,14,1,1,5,0,0,2,0.06,2,0,0,0,0,0
157,Adri Embarba,ESP,FW|MF,Almería,30,1992,16.4,62,3.79,29,19,7,2,4,1,9,0.55,3,2,1,2,1,0
158,Adri Embarba,ESP,FW,Espanyol,30,1992,0.4,2,5.14,0,0,2,0,0,0,0,0.00,0,0,0,0,0,0
159,Youssef En-Nesyri,MAR,FW,Sevilla,25,1997,18.5,32,1.73,21,1,2,6,2,0,5,0.27,3,0,1,1,0,0
160,Gonzalo Escalante,ARG,MF,Cádiz,29,1993,12.5,25,2.01,22,0,2,1,0,0,3,0.24,1,0,1,1,0,0
161,Sergio Escudero,ESP,DF,Valladolid,32,1989,16.0,35,2.19,20,7,0,6,2,0,0,0.00,0,0,0,0,0,0
162,Alfonso Espino,URU,DF,Cádiz,30,1992,34.7,70,2.02,59,6,1,0,2,2,7,0.20,5,1,1,0,0,0
163,Bernardo Espinosa,COL,DF,Girona,33,1989,13.6,9,0.66,6,0,0,3,0,0,2,0.15,1,0,0,1,0,0
164,Edu Expósito,ESP,MF,Espanyol,25,1996,12.9,45,3.49,30,5,4,3,2,1,9,0.70,8,0,1,0,0,0
165,Nicolás Ezequiel Fernández,ARG,MF|DF,Elche,22,2000,5.7,21,3.67,18,2,0,1,0,0,2,0.35,2,0,0,0,0,0
166,Abdessamad Ezzalzouli,MAR,FW|MF,Osasuna,20,2001,16.7,58,3.47,27,5,18,4,3,1,4,0.24,4,0,0,0,0,0
167,Radamel Falcao,COL,FW|MF,Rayo Vallecano,36,1986,6.8,10,1.46,7,0,1,1,1,0,0,0.00,0,0,0,0,0,0
168,Fali,ESP,DF|MF,Cádiz,28,1993,19.0,11,0.58,9,1,0,0,1,0,1,0.05,1,0,0,0,0,0
169,Mamadou Fall,SEN,DF,Villarreal,19,2002,0.3,0,0.00,0,0,0,0,0,0,0,0.00,0,0,0,0,0,0
170,Ansu Fati,ESP,FW,Barcelona,19,2002,15.5,50,3.23,35,1,8,5,0,1,7,0.45,4,0,1,2,0,0
171,Zouhair Feddal,MAR,DF,Valladolid,33,1989,4.2,4,0.96,3,0,0,0,0,1,0,0.00,0,0,0,0,0,0
172,Nabil Fekir,FRA,MF,Betis,29,1993,10.7,56,5.24,31,10,4,2,9,0,5,0.47,2,0,1,0,2,0
173,Felipe,BRA,DF,Atlético Madrid,33,1989,2.2,1,0.46,1,0,0,0,0,0,0,0.00,0,0,0,0,0,0
174,Luiz Felipe,ITA,DF,Betis,25,1997,19.6,7,0.36,6,0,0,1,0,0,1,0.05,1,0,0,0,0,0
175,João Félix,POR,FW|MF,Atlético Madrid,22,1999,7.2,29,4.02,22,0,3,3,0,1,5,0.69,4,0,0,1,0,0
176,Kiko Femenía,ESP,DF,Villarreal,31,1991,12.6,24,1.90,23,0,0,0,1,0,0,0.00,0,0,0,0,0,0
177,Aitor Fernández,ESP,GK,Osasuna,31,1991,21.0,4,0.19,2,2,0,0,0,0,1,0.05,1,0,0,0,0,0
178,Álex Fernández,ESP,MF|FW,Cádiz,29,1992,17.5,39,2.23,27,10,1,0,1,0,1,0.06,1,0,0,0,0,0
179,Álvaro Fernández,ESP,GK,Espanyol,24,1998,11.0,1,0.09,0,1,0,0,0,0,0,0.00,0,0,0,0,0,0
180,Carlos Fernández,ESP,FW,Real Sociedad,26,1996,7.0,16,2.27,12,0,1,1,2,0,1,0.14,1,0,0,0,0,0
181,Federico Fernández,ARG,DF,Elche,33,1989,1.0,0,0.00,0,0,0,0,0,0,0,0.00,0,0,0,0,0,0
182,Joaquín Fernández,ESP,DF,Valladolid,26,1996,24.0,14,0.58,12,0,0,1,0,1,0,0.00,0,0,0,0,0,0
183,Valery Fernández,ESP,MF|DF,Girona,22,1999,10.7,29,2.70,24,1,1,0,3,0,4,0.37,3,0,0,0,1,0
184,Fernando,ESP,GK,Almería,32,1990,36.5,4,0.11,1,3,0,0,0,0,0,0.00,0,0,0,0,0,0
185,Fernando,BRA,MF|DF,Sevilla,35,1987,17.5,20,1.14,18,0,0,0,0,2,1,0.06,1,0,0,0,0,0
186,Fidel,ESP,MF|FW,Elche,32,1989,19.0,66,3.46,46,11,4,1,4,0,4,0.21,4,0,0,0,0,0
187,Dimitri Foulquier,FRA,DF,Valencia,29,1993,19.3,29,1.50,25,1,0,2,0,1,2,0.10,2,0,0,0,0,0
188,Juan Foyth,ARG,DF,Villarreal,24,1998,21.8,29,1.33,28,1,0,0,0,0,2,0.09,2,0,0,0,0,0
189,Iván Fresneda,ESP,DF,Valladolid,17,2004,19.4,39,1.98,33,4,0,0,1,1,3,0.15,1,1,0,0,1,0
190,Javi Galán,ESP,DF,Celta Vigo,27,1994,35.1,93,2.65,70,14,4,1,2,2,4,0.11,3,0,0,0,0,1
191,Iñigo Ruiz de Galarreta,ESP,MF,Mallorca,28,1993,27.2,46,1.69,33,9,1,0,3,0,5,0.18,2,2,1,0,0,0
192,Aleix García,ESP,MF,Girona,25,1997,26.0,125,4.82,69,47,3,3,0,3,16,0.62,10,3,1,0,0,2
193,Álvaro García,ESP,FW|MF,Rayo Vallecano,29,1992,31.9,95,2.98,70,2,6,6,7,4,14,0.44,9,0,2,0,3,0
194,Borja García,ESP,MF|FW,Girona,31,1990,7.5,17,2.26,12,1,2,1,1,0,2,0.27,2,0,0,0,0,0
195,Carlos García,ESP,DF,Cádiz,22,2000,0.3,0,0.00,0,0,0,0,0,0,0,0.00,0,0,0,0,0,0
196,Dani García,ESP,MF,Athletic Club,32,1990,16.5,23,1.39,20,0,0,0,1,2,4,0.24,4,0,0,0,0,0
197,David García,ESP,DF,Osasuna,28,1994,29.8,19,0.64,19,0,0,0,0,0,2,0.07,2,0,0,0,0,0
198,Eric García,ESP,DF|MF,Barcelona,21,2001,15.7,10,0.63,10,0,0,0,0,0,0,0.00,0,0,0,0,0,0
199,Fran Garcia,ESP,DF,Rayo Vallecano,22,1999,37.9,71,1.88,55,6,3,1,2,4,9,0.24,6,1,1,0,1,0
200,Joan García,ESP,GK,Espanyol,21,2001,1.0,0,0.00,0,0,0,0,0,0,0,0.00,0,0,0,0,0,0
201,Raúl García,ESP,FW|MF,Athletic Club,36,1986,10.7,33,3.07,18,0,2,10,1,2,7,0.65,5,0,1,1,0,0
202,Rubén García,ESP,FW|MF,Osasuna,29,1993,12.9,54,4.20,29,20,1,2,2,0,4,0.31,2,2,0,0,0,0
203,Unai García,ESP,DF,Osasuna,30,1992,19.0,6,0.32,5,0,0,0,0,1,1,0.05,1,0,0,0,0,0
204,Felix Garreta,ESP,DF,Betis,18,2004,1.0,0,0.00,0,0,0,0,0,0,0,0.00,0,0,0,0,0,0
205,Aleix Garrido,ESP,FW,Barcelona,18,2004,0.1,0,0.00,0,0,0,0,0,0,0,0.00,0,0,0,0,0,0
206,Sékou Gassama,SEN,FW,Valladolid,27,1995,0.4,1,2.57,1,0,0,0,0,0,0,0.00,0,0,0,0,0,0
207,Gavi,ESP,MF|FW,Barcelona,17,2004,28.1,72,2.56,59,0,3,4,3,3,7,0.25,6,0,1,0,0,0
208,Paulo Gazzaniga,ARG,GK,Girona,30,1992,28.0,2,0.07,1,1,0,0,0,0,0,0.00,0,0,0,0,0,0
209,Bryan Gil,ESP,FW|DF,Sevilla,21,2001,10.2,25,2.45,20,0,1,1,2,1,4,0.39,3,0,0,1,0,0
210,David Gil,ESP,GK,Cádiz,28,1994,4.0,0,0.00,0,0,0,0,0,0,0,0.00,0,0,0,0,0,0
211,Óscar Gil,ESP,DF,Espanyol,25,1997,28.4,33,1.16,25,1,2,2,3,0,2,0.07,1,0,1,0,0,0
212,Álvaro Giménez,ESP,FW,Cádiz,31,1991,0.2,0,0.00,0,0,0,0,0,0,0,0.00,0,0,0,0,0,0
213,Dani Gómez,ESP,MF|FW,Espanyol,24,1998,1.0,0,0.00,0,0,0,0,0,0,0,0.00,0,0,0,0,0,0
214,Maxi Gómez,URU,FW,Valencia,25,1996,1.2,2,1.65,2,0,0,0,0,0,0,0.00,0,0,0,0,0,0
215,Moi Gómez,ESP,MF|FW,Osasuna,28,1994,27.3,94,3.45,67,21,1,4,1,0,6,0.22,5,1,0,0,0,0
216,Papu Gómez,ARG,FW|MF,Sevilla,34,1988,11.8,46,3.89,38,2,1,2,2,1,3,0.25,3,0,0,0,0,0
217,Sergi Gómez,ESP,DF,Espanyol,30,1992,26.0,11,0.42,9,0,0,2,0,0,1,0.04,0,0,0,1,0,0
218,Antonio Gomis,ESP,GK,Atlético Madrid,19,2003,0.1,0,0.00,0,0,0,0,0,0,0,0.00,0,0,0,0,0,0
219,Diego González,ESP,DF,Elche,27,1995,10.6,0,0.00,0,0,0,0,0,0,0,0.00,0,0,0,0,0,0
220,Édgar González,ESP,DF,Betis,25,1997,19.7,7,0.36,6,0,0,1,0,0,1,0.05,0,0,0,1,0,0
221,Giovanni González,URU,DF,Mallorca,27,1994,10.3,12,1.17,10,1,0,1,0,0,3,0.29,3,0,0,0,0,0
222,Nicolás González,ESP,MF,Valencia,20,2002,15.6,33,2.12,25,1,3,2,2,0,2,0.13,2,0,0,0,0,0
223,Roberto González,ESP,FW|MF,Betis,21,2001,0.6,5,8.33,2,3,0,0,0,0,0,0.00,0,0,0,0,0,0
224,Andoni Gorosabel,ESP,DF,Real Sociedad,25,1996,19.0,30,1.58,22,6,0,0,1,1,1,0.05,1,0,0,0,0,0
225,José Gragera,ESP,MF|DF,Espanyol,21,2000,5.1,2,0.39,1,0,0,1,0,0,1,0.20,0,0,0,1,0,0
226,Ivo Grbić,CRO,GK,Atlético Madrid,26,1996,10.2,1,0.10,1,0,0,0,0,0,0,0.00,0,0,0,0,0,0
227,Dominik Greif,SVK,GK,Mallorca,25,1997,1.0,1,1.00,1,0,0,0,0,0,0,0.00,0,0,0,0,0,0
228,Clément Grenier,FRA,MF,Mallorca,31,1991,8.0,18,2.26,11,6,1,0,0,0,1,0.13,0,1,0,0,0,0
229,Antoine Griezmann,FRA,FW|MF,Atlético Madrid,31,1991,31.8,162,5.10,111,23,10,7,8,3,26,0.82,18,5,1,2,0,0
230,Andrés Guardado,MEX,MF,Betis,35,1986,15.3,32,2.10,26,3,0,2,1,0,5,0.33,4,0,0,1,0,0
231,Sergi Guardiola,ESP,FW,Valladolid,31,1991,5.6,8,1.43,6,0,0,0,1,1,0,0.00,0,0,0,0,0,0
232,Sergi Guardiola,ESP,FW,Cádiz,31,1991,12.9,31,2.39,21,0,2,5,2,1,0,0.00,0,0,0,0,0,0
233,Nemanja Gudelj,SRB,DF|MF,Sevilla,30,1991,30.9,30,0.97,25,1,0,3,1,0,3,0.10,2,0,0,1,0,0
234,Javier Guerra,ESP,MF,Valencia,19,2003,6.7,18,2.68,12,0,4,1,0,1,0,0.00,0,0,0,0,0,0
235,Ander Guevara,ESP,MF,Real Sociedad,25,1997,2.5,7,2.85,7,0,0,0,0,0,0,0.00,0,0,0,0,0,0
236,Pape Gueye,SEN,MF,Sevilla,23,1999,13.0,31,2.38,22,0,4,1,3,1,6,0.46,5,0,0,0,1,0
237,Gerard Gumbau,ESP,MF,Elche,27,1994,30.4,121,3.98,56,57,2,5,1,0,7,0.23,3,4,0,0,0,0
238,Gorka Guruzeta,ESP,FW,Athletic Club,25,1996,15.8,39,2.47,29,0,1,6,3,0,2,0.13,1,0,0,1,0,0
239,Raúl Guti,ESP,MF,Elche,25,1996,12.4,16,1.32,13,0,1,2,0,0,2,0.17,2,0,0,0,0,0
240,Miguel Gutiérrez,ESP,DF,Girona,21,2001,26.6,55,2.07,40,5,5,2,3,0,8,0.30,6,1,0,0,1,0
241,Munir El Haddadi,MAR,MF|FW,Getafe,26,1995,12.8,49,3.83,21,11,5,4,8,0,2,0.16,2,0,0,0,0,0
242,Dennis Hadzikadunic,BIH,DF,Mallorca,24,1998,6.8,3,0.44,3,0,0,0,0,0,0,0.00,0,0,0,0,0,0
243,Haissem Hassan,FRA,FW|MF,Villarreal,20,2002,0.6,1,1.73,1,0,0,0,0,0,0,0.00,0,0,0,0,0,0
244,Eden Hazard,BEL,FW,Real Madrid,31,1991,2.2,16,7.35,12,1,0,1,2,0,1,0.46,1,0,0,0,0,0
245,Luiz Henrique,BRA,FW,Betis,21,2001,20.1,47,2.34,28,0,10,5,2,2,4,0.20,2,0,1,1,0,0
246,Mario Hermoso,ESP,DF,Atlético Madrid,27,1995,23.4,33,1.41,27,0,0,4,1,1,3,0.13,1,0,0,2,0,0
247,Javi Hernández,ESP,DF,Girona,24,1998,12.4,24,1.94,20,0,1,3,0,0,3,0.24,3,0,0,0,0,0
248,Aridane Hernández,ESP,DF,Osasuna,33,1989,19.9,12,0.60,10,1,0,1,0,0,2,0.10,1,1,0,0,0,0
249,Luis Hernández,ESP,DF,Cádiz,33,1989,35.0,36,1.03,20,13,0,2,0,1,3,0.09,2,1,0,0,0,0
250,Mario Hernández,ESP,DF,Rayo Vallecano,23,1999,1.1,2,1.75,2,0,0,0,0,0,1,0.87,1,0,0,0,0,0
251,Jorge Herrando,ESP,DF,Osasuna,21,2001,0.3,0,0.00,0,0,0,0,0,0,0,0.00,0,0,0,0,0,0
252,Ander Herrera,ESP,MF,Athletic Club,32,1989,7.7,23,2.97,20,0,0,1,1,1,1,0.13,1,0,0,0,0,0
253,Sergio Herrera,ESP,GK,Osasuna,29,1993,17.0,7,0.41,7,0,0,0,0,0,1,0.06,1,0,0,0,0,0
254,Yangel Herrera,VEN,MF|FW,Girona,24,1998,10.7,21,1.96,17,0,0,1,1,2,3,0.28,2,0,0,0,0,1
255,Omar El Hilali,MAR,DF|MF,Espanyol,18,2003,1.0,2,1.94,2,0,0,0,0,0,0,0.00,0,0,0,0,0,0
256,Martin Hongla,CMR,DF|MF,Valladolid,24,1998,14.5,11,0.76,9,2,0,0,0,0,1,0.07,1,0,0,0,0,0
257,Pablo Ibáñez,ESP,MF,Osasuna,23,1998,11.8,19,1.61,14,1,1,1,0,2,2,0.17,2,0,0,0,0,0
258,Iglesias,ESP,DF|MF,Getafe,24,1998,23.8,40,1.68,30,6,1,1,2,0,2,0.08,0,1,0,0,1,0
259,Borja Iglesias,ESP,FW,Betis,29,1993,26.3,40,1.52,29,1,1,5,4,0,5,0.19,4,0,0,1,0,0
260,Asier Illarramendi,ESP,MF,Real Sociedad,32,1990,12.0,27,2.26,22,3,0,0,1,1,2,0.17,2,0,0,0,0,0
261,Alexander Isak,SWE,FW,Real Sociedad,22,1999,1.7,2,1.18,2,0,0,0,0,0,0,0.00,0,0,0,0,0,0
262,Isco,ESP,MF|FW,Sevilla,30,1992,8.9,32,3.60,22,5,2,0,2,1,3,0.34,2,0,1,0,0,0
263,Diego Iturralde,ESP,DF,Sevilla,19,2003,0.5,0,0.00,0,0,0,0,0,0,0,0.00,0,0,0,0,0,0
264,Nicolas Jackson,SEN,FW,Villarreal,21,2001,17.8,47,2.65,31,1,8,5,2,0,14,0.79,4,0,7,2,1,0
265,Adnan Januzaj,BEL,FW,Sevilla,27,1995,0.5,0,0.00,0,0,0,0,0,0,0,0.00,0,0,0,0,0,0
266,Luis Javier Suárez,COL,FW,Almería,24,1997,16.6,37,2.23,18,1,7,5,5,1,8,0.48,4,0,2,1,1,0
267,Joaquín,ESP,MF|FW,Betis,41,1981,5.5,29,5.37,23,3,1,1,1,0,2,0.37,2,0,0,0,0,0
268,Frenkie de Jong,NED,MF,Barcelona,25,1997,28.2,110,3.91,94,5,6,2,1,2,11,0.39,10,1,0,0,0,0
269,Joan Jordán,ESP,MF,Sevilla,28,1994,17.7,30,1.70,23,3,0,0,2,2,2,0.11,1,1,0,0,0,0
270,Josan,ESP,DF|MF,Elche,32,1989,12.0,25,2.09,18,3,1,0,2,1,5,0.42,3,1,0,0,0,1
271,Willian José,BRA,FW,Betis,30,1991,8.1,12,1.48,9,0,0,3,0,0,2,0.25,0,0,0,2,0,0
272,Joselu,ESP,FW,Espanyol,32,1990,33.2,66,1.99,41,0,4,7,14,0,8,0.24,4,0,0,2,2,0
273,Juanmi,ESP,FW,Betis,29,1993,10.3,20,1.94,13,0,3,1,3,0,2,0.19,1,0,1,0,0,0
274,Juanpe,ESP,DF,Girona,31,1991,15.8,15,0.95,14,0,1,0,0,0,0,0.00,0,0,0,0,0,0
275,Lago Junior,CIV,FW|MF,Mallorca,31,1990,0.6,1,1.73,1,0,0,0,0,0,0,0.00,0,0,0,0,0,0
276,Vinicius Júnior,BRA,FW,Real Madrid,22,2000,31.4,161,5.13,103,2,27,11,17,1,21,0.67,12,0,4,4,0,1
277,Filip Jørgensen,DEN,GK,Villarreal,20,2002,2.0,0,0.00,0,0,0,0,0,0,0,0.00,0,0,0,0,0,0
278,Tino Kadewere,ZIM,FW|MF,Mallorca,26,1996,6.0,12,1.99,9,0,3,0,0,0,0,0.00,0,0,0,0,0,0
279,Kaiky,BRA,DF,Almería,18,2004,6.5,1,0.15,1,0,0,0,0,0,0,0.00,0,0,0,0,0,0
280,Lee Kang-in,KOR,MF|FW,Mallorca,21,2001,31.4,113,3.60,49,37,12,6,7,2,13,0.41,5,5,2,1,0,0
281,Jon Karrikaburu,ESP,FW,Real Sociedad,19,2002,1.0,2,1.96,2,0,0,0,0,0,0,0.00,0,0,0,0,0,0
282,Kenedy,BRA,FW|DF,Valladolid,26,1996,3.1,6,1.96,5,0,0,0,1,0,1,0.33,1,0,0,0,0,0
283,Franck Kessié,CIV,MF,Barcelona,25,1996,11.0,21,1.91,15,0,2,4,0,0,2,0.18,1,0,0,1,0,0
284,Kiké,ESP,FW,Osasuna,32,1989,11.3,33,2.91,20,0,4,2,7,0,2,0.18,0,0,0,1,1,0
285,Justin Kluivert,NED,FW|MF,Valencia,23,1999,16.1,61,3.79,39,8,5,5,2,2,4,0.25,1,0,0,2,1,0
286,Koke,ESP,MF,Atlético Madrid,30,1992,28.3,70,2.48,67,0,0,2,1,0,6,0.21,6,0,0,0,0,0
287,Luca Koleosho,ITA,FW|DF,Espanyol,17,2004,0.7,1,1.55,0,0,1,0,0,0,1,1.55,0,0,1,0,0,0
288,Geoffrey Kondogbia,CTA,MF,Atlético Madrid,29,1993,11.2,12,1.07,10,0,0,1,1,0,2,0.18,2,0,0,0,0,0
289,Jules Koundé,FRA,DF,Barcelona,23,1998,27.0,41,1.52,39,1,0,1,0,0,7,0.26,7,0,0,0,0,0
290,Toni Kroos,GER,MF,Real Madrid,32,1990,23.9,103,4.30,64,33,0,3,2,1,6,0.25,5,1,0,0,0,0
291,Takefusa Kubo,JPN,FW|MF,Real Sociedad,21,2001,27.1,96,3.55,63,10,7,5,10,1,11,0.41,6,0,2,0,2,1
292,César de la Hoz,ESP,MF,Almería,30,1992,18.6,18,0.97,15,0,2,1,0,0,2,0.11,1,0,1,0,0,0
293,Luca de la Torre,USA,MF,Celta Vigo,24,1998,16.5,35,2.12,31,0,1,1,2,0,5,0.30,4,0,0,1,0,0
294,Érik Lamela,ARG,FW|MF,Sevilla,30,1992,20.5,74,3.61,50,6,5,8,5,0,6,0.29,2,0,2,1,1,0
295,Cyle Larin,CAN,FW,Valladolid,27,1995,16.3,33,2.02,21,0,5,5,2,0,7,0.43,5,0,1,1,0,0
296,Juanmi Latasa,ESP,FW,Getafe,21,2001,5.0,12,2.41,11,0,0,1,0,0,0,0.00,0,0,0,0,0,0
297,Toni Lato,ESP,DF|MF,Valencia,24,1997,10.2,28,2.76,20,5,1,0,1,1,3,0.30,1,0,1,0,1,0
298,Lázaro,BRA,FW|MF,Almería,20,2002,8.0,23,2.89,15,1,2,2,3,0,2,0.25,2,0,0,0,0,0
299,Robin Le Normand,ESP,DF,Real Sociedad,25,1996,31.1,15,0.48,13,0,0,2,0,0,1,0.03,1,0,0,0,0,0
300,Benjamin Lecomte,FRA,GK,Espanyol,31,1991,10.0,2,0.20,1,1,0,0,0,0,0,0.00,0,0,0,0,0,0
301,Jeremías Ledesma,ARG,GK,Cádiz,29,1993,34.0,10,0.29,6,3,0,0,1,0,1,0.03,0,0,0,0,1,0
302,Florian Lejeune,FRA,DF,Rayo Vallecano,31,1991,28.5,20,0.70,17,0,1,2,0,0,1,0.04,0,0,0,1,0,0
303,Iñigo Lekue,ESP,DF,Athletic Club,29,1993,14.7,30,2.04,24,4,1,0,1,0,3,0.20,2,1,0,0,0,0
304,Thomas Lemar,FRA,MF,Atlético Madrid,26,1995,13.9,45,3.23,33,5,3,1,1,2,7,0.50,4,0,1,1,0,1
305,Sergio León,ESP,FW,Valladolid,33,1989,14.8,26,1.75,17,2,2,3,2,0,3,0.20,2,0,0,1,0,0
306,Robert Lewandowski,POL,FW,Barcelona,33,1988,31.6,91,2.88,68,1,6,12,4,0,16,0.51,10,0,1,5,0,0
307,Samuel Lino,BRA,FW|MF,Valencia,22,1999,32.1,99,3.09,63,1,16,7,11,1,14,0.44,8,0,1,3,2,0
308,Pol Lirola,ESP,DF,Elche,24,1997,7.0,19,2.72,18,0,1,0,0,0,0,0.00,0,0,0,0,0,0
309,Javier Llabrés,ESP,FW,Mallorca,19,2002,0.2,0,0.00,0,0,0,0,0,0,0,0.00,0,0,0,0,0,0
310,Marcos Llorente,ESP,MF|DF,Atlético Madrid,27,1995,18.9,60,3.17,54,1,0,2,1,2,3,0.16,3,0,0,0,0,0
311,Giovani Lo Celso,ARG,MF|FW,Villarreal,26,1996,12.5,60,4.79,45,4,2,4,5,0,3,0.24,3,0,0,0,0,0
312,David López,ESP,DF,Girona,32,1989,18.4,11,0.60,10,0,0,0,0,1,2,0.11,2,0,0,0,0,0
313,Diego López,ESP,GK,Rayo Vallecano,40,1981,1.1,0,0.00,0,0,0,0,0,0,0,0.00,0,0,0,0,0,0
314,Diego López,ESP,FW|MF,Valencia,20,2002,5.0,21,4.23,16,0,0,4,1,0,2,0.40,2,0,0,0,0,0
315,Unai López,ESP,MF,Rayo Vallecano,26,1995,13.9,48,3.44,35,9,0,1,2,1,3,0.22,3,0,0,0,0,0
316,Anthony Lozano,HON,FW,Cádiz,29,1993,16.0,34,2.12,20,0,7,5,2,0,5,0.31,2,0,1,1,1,0
317,Pol Lozano,ESP,MF,Espanyol,22,1999,0.2,0,0.00,0,0,0,0,0,0,0,0.00,0,0,0,0,0,0
318,José Luis Gayà,ESP,DF,Valencia,27,1995,30.1,94,3.12,70,13,4,3,4,0,7,0.23,4,1,0,1,1,0
319,José Luis Morales,ESP,FW|MF,Villarreal,35,1987,13.5,29,2.16,19,0,5,4,1,0,4,0.30,2,0,0,2,0,0
320,Andriy Lunin,UKR,GK,Real Madrid,23,1999,7.0,0,0.00,0,0,0,0,0,0,0,0.00,0,0,0,0,0,0
321,Awer Mabil,AUS,MF|FW,Cádiz,26,1995,1.8,2,1.09,0,2,0,0,0,0,0,0.00,0,0,0,0,0,0
322,Darwin Machís,VEN,FW,Valladolid,29,1993,6.7,20,3.02,13,0,2,2,3,0,1,0.15,1,0,0,0,0,0
323,Pablo Maffeo,ESP,DF,Mallorca,25,1997,33.1,62,1.84,43,10,3,1,5,0,6,0.18,4,0,0,1,1,0
324,Lisandro Magallán,ARG,DF,Elche,28,1993,10.0,9,0.90,7,1,0,1,0,0,0,0.00,0,0,0,0,0,0
325,Jon Magunacelaya,ESP,MF|FW,Real Sociedad,22,2000,0.7,4,5.54,3,0,0,1,0,0,0,0.00,0,0,0,0,0,0
326,Nemanja Maksimović,SRB,MF,Getafe,27,1995,22.8,30,1.31,25,0,0,3,1,1,1,0.04,1,0,0,0,0,0
327,Hugo Mallo,ESP,DF,Celta Vigo,31,1991,24.0,50,2.08,41,4,1,3,1,0,6,0.25,5,1,0,0,0,0
328,Mickael Malsa,MTQ,MF,Valladolid,26,1995,0.8,1,1.30,1,0,0,0,0,0,0,0.00,0,0,0,0,0,0
329,Giorgi Mamardashvili,GEO,GK,Valencia,21,2000,38.0,4,0.11,1,3,0,0,0,0,1,0.03,0,1,0,0,0,0
330,Reinildo Mandava,MOZ,DF,Atlético Madrid,28,1994,20.6,23,1.12,21,0,0,0,1,1,1,0.05,1,0,0,0,0,0
331,Aïssa Mandi,ALG,DF,Villarreal,30,1991,16.2,9,0.55,8,1,0,0,0,0,2,0.12,2,0,0,0,0,0
332,Marcão,BRA,DF,Sevilla,26,1996,4.2,0,0.00,0,0,0,0,0,0,0,0.00,0,0,0,0,0,0
333,Agustín Marchesín,ARG,GK,Celta Vigo,34,1988,19.0,2,0.11,2,0,0,0,0,0,0,0.00,0,0,0,0,0,0
334,Óscar de Marcos,ESP,DF,Athletic Club,33,1989,31.3,75,2.39,63,7,1,1,1,2,9,0.29,8,0,1,0,0,0
335,Alberto Marí,ESP,FW|MF,Valencia,21,2001,1.0,0,0.00,0,0,0,0,0,0,0,0.00,0,0,0,0,0,0
336,José Mari,ESP,MF,Cádiz,34,1987,4.4,13,2.94,10,1,0,1,0,1,0,0.00,0,0,0,0,0,0
337,José María Giménez,URU,DF,Atlético Madrid,27,1995,26.9,22,0.82,18,0,0,2,1,1,3,0.11,3,0,0,0,0,0
338,Mariano,DOM,FW,Real Madrid,28,1993,1.7,1,0.57,1,0,0,0,0,0,0,0.00,0,0,0,0,0,0
339,Pablo Marín,ESP,MF|FW,Real Sociedad,19,2003,4.0,11,2.75,9,0,2,0,0,0,0,0.00,0,0,0,0,0,0
340,Diego Mariño,ESP,GK,Almería,32,1990,0.5,0,0.00,0,0,0,0,0,0,0,0.00,0,0,0,0,0,0
341,Roger Martí,ESP,FW,Elche,31,1991,7.3,13,1.79,10,0,0,1,1,1,1,0.14,1,0,0,0,0,0
342,Roger Martí,ESP,FW,Cádiz,31,1991,7.1,12,1.69,6,0,1,3,1,1,0,0.00,0,0,0,0,0,0
343,Ander Martin,ESP,MF|FW,Real Sociedad,21,2000,0.5,4,8.57,3,0,1,0,0,0,0,0.00,0,0,0,0,0,0
344,Andrés Martín,ESP,FW|MF,Rayo Vallecano,23,1999,2.3,6,2.61,5,0,1,0,0,0,0,0.00,0,0,0,0,0,0
345,Carlos Martín,ESP,FW|MF,Atlético Madrid,20,2002,0.3,0,0.00,0,0,0,0,0,0,0,0.00,0,0,0,0,0,0
346,Iván Martín,ESP,MF,Girona,23,1999,17.6,34,1.93,30,0,1,1,2,0,6,0.34,4,0,0,0,2,0
347,Arnau Martinez,ESP,DF,Girona,19,2003,30.4,75,2.47,65,0,2,3,5,0,9,0.30,7,0,0,0,2,0
348,Iñigo Martínez,ESP,DF,Athletic Club,31,1991,14.9,13,0.87,10,0,0,3,0,0,1,0.07,1,0,0,0,0,0
349,Roger Martínez,ESP,DF,Espanyol,18,2004,0.1,2,25.71,2,0,0,0,0,0,0,0.00,0,0,0,0,0,0
350,Omar Mascarell,ESP,MF|DF,Elche,29,1993,27.2,42,1.54,30,11,1,0,0,0,3,0.11,1,2,0,0,0,0
351,Jordi Masip,ESP,GK,Valladolid,33,1989,27.9,4,0.14,2,2,0,0,0,0,1,0.04,0,1,0,0,0,0
352,Jaime Mata,ESP,FW|MF,Getafe,33,1988,4.9,10,2.06,8,0,0,2,0,0,2,0.41,1,0,0,1,0,0
353,Borja Mayoral,ESP,FW,Getafe,25,1997,30.7,58,1.89,43,0,4,4,7,0,3,0.10,2,0,1,0,0,0
354,Mamadou Mbaye,SEN,DF,Cádiz,24,1998,8.4,4,0.47,2,0,0,0,0,2,1,0.12,1,0,0,0,0,0
355,Fernando Medrano,ESP,DF,Celta Vigo,22,2000,0.1,0,0.00,0,0,0,0,0,0,0,0.00,0,0,0,0,0,0
356,Gonzalo Melero,ESP,MF,Almería,28,1994,20.6,53,2.57,45,1,1,5,1,0,6,0.29,5,0,0,1,0,0
357,Memphis,NED,FW,Atlético Madrid,28,1994,3.0,13,4.33,8,0,2,1,2,0,2,0.67,1,0,1,0,0,0
358,Memphis,NED,FW,Barcelona,28,1994,1.3,8,6.32,5,2,1,0,0,0,0,0.00,0,0,0,0,0,0
359,Houboulang Mendes,GNB,DF,Almería,24,1998,9.8,9,0.91,6,2,1,0,0,0,1,0.10,1,0,0,0,0,0
360,Brais Méndez,ESP,MF,Real Sociedad,25,1997,26.7,98,3.67,54,30,6,3,5,0,11,0.41,6,2,1,2,0,0
361,Diego Méndez,ESP,MF,Rayo Vallecano,18,2003,0.0,0,0.00,0,0,0,0,0,0,0,0.00,0,0,0,0,0,0
362,Ferland Mendy,FRA,DF,Real Madrid,27,1995,15.0,28,1.87,25,1,1,0,0,1,2,0.13,2,0,0,0,0,0
363,Jorge Meré,ESP,DF,Cádiz,25,1997,6.7,4,0.60,2,0,0,2,0,0,0,0.00,0,0,0,0,0,0
364,Mikel Merino,ESP,MF,Real Sociedad,26,1996,27.7,93,3.36,81,1,1,3,2,5,13,0.47,11,0,0,1,0,1
365,Roque Mesa,ESP,MF,Valladolid,33,1989,18.0,40,2.23,37,1,0,1,0,1,1,0.06,1,0,0,0,0,0
366,Éder Militão,BRA,DF,Real Madrid,24,1998,30.0,22,0.73,19,2,0,0,1,0,4,0.13,3,0,0,0,1,0
367,Luis Milla,ESP,MF,Getafe,27,1994,20.6,47,2.28,22,20,1,0,3,1,3,0.15,2,1,0,0,0,0
368,Pere Milla,ESP,FW|MF,Elche,29,1992,20.5,43,2.07,27,0,3,4,8,1,3,0.14,2,0,0,0,1,0
369,Marko Milovanović,SRB,FW,Almería,18,2003,0.2,1,6.00,0,0,0,1,0,0,0,0.00,0,0,0,0,0,0
370,Óscar Mingueza,ESP,DF,Celta Vigo,23,1999,14.3,24,1.68,23,0,0,1,0,0,0,0.00,0,0,0,0,0,0
371,Rafa Mir,ESP,FW,Sevilla,25,1997,14.4,19,1.32,14,0,0,4,1,0,0,0.00,0,0,0,0,0,0
372,Juan Miranda,ESP,DF,Betis,22,2000,16.4,38,2.32,30,7,0,0,1,0,4,0.24,4,0,0,0,0,0
373,Stefan Mitrović,SRB,DF,Getafe,32,1990,18.7,4,0.21,2,2,0,0,0,0,0,0.00,0,0,0,0,0,0
374,Luka Modrić,CRO,MF,Real Madrid,36,1985,19.4,85,4.39,75,6,2,1,1,0,9,0.46,6,2,0,0,1,0
375,Johan Mojica,COL,DF,Villarreal,29,1992,7.1,13,1.82,11,2,0,0,0,0,0,0.00,0,0,0,0,0,0
376,Johan Mojica,COL,DF|MF,Elche,29,1992,3.0,3,1.00,3,0,0,0,0,0,0,0.00,0,0,0,0,0,0
377,Nahuel Molina,ARG,DF,Atlético Madrid,24,1998,31.9,92,2.89,83,5,2,0,1,1,6,0.19,5,0,0,0,1,0
378,Jon Moncayola,ESP,MF|DF,Osasuna,24,1998,27.2,68,2.50,54,3,0,8,3,0,9,0.33,5,0,0,3,1,0
379,Monchu,ESP,MF,Valladolid,22,1999,22.6,73,3.24,42,19,0,6,4,2,5,0.22,3,1,0,1,0,0
380,César Montes,MEX,DF,Espanyol,25,1997,17.7,10,0.57,6,1,0,3,0,0,2,0.11,0,0,0,2,0,0
381,Gonzalo Montiel,ARG,DF,Sevilla,25,1997,16.9,41,2.42,33,6,1,0,0,1,5,0.30,5,0,0,0,0,0
382,Martín Montoya,ESP,DF,Betis,31,1991,5.0,7,1.39,7,0,0,0,0,0,0,0.00,0,0,0,0,0,0
383,Álvaro Morata,ESP,FW,Atlético Madrid,29,1992,21.1,48,2.27,30,0,6,5,7,0,9,0.43,4,0,3,1,1,0
384,Jon Morcillo,ESP,FW|MF,Athletic Club,23,1998,0.8,4,5.45,4,0,0,0,0,0,1,1.36,1,0,0,0,0,0
385,Alberto Moreno,ESP,DF,Villarreal,30,1992,14.4,28,1.94,24,2,1,1,0,0,2,0.14,2,0,0,0,0,0
386,Álex Moreno,ESP,DF,Betis,29,1993,15.0,20,1.33,13,2,3,2,0,0,4,0.27,3,1,0,0,0,0
387,Diego Moreno,ESP,DF,Osasuna,21,2001,7.1,7,0.99,4,1,2,0,0,0,0,0.00,0,0,0,0,0,0
388,Gerard Moreno,ESP,FW,Villarreal,30,1992,13.7,48,3.52,35,0,6,4,2,1,5,0.37,4,0,0,1,0,0
389,Tete Morente,ESP,MF|DF,Elche,25,1996,23.0,53,2.31,32,4,10,3,3,1,2,0.09,1,0,0,0,1,0
390,Ilaix Moriba,GUI,MF,Valencia,19,2003,11.2,35,3.11,28,1,2,1,2,1,3,0.27,2,0,0,0,0,1
391,Manu Morlanes,ESP,MF,Villarreal,23,1999,1.8,2,1.14,2,0,0,0,0,0,0,0.00,0,0,0,0,0,0
392,Manu Morlanes,ESP,MF,Mallorca,23,1999,7.8,7,0.89,6,0,0,1,0,0,2,0.25,1,0,0,1,0,0
393,Loren Morón,ESP,FW,Betis,28,1993,0.2,0,0.00,0,0,0,0,0,0,0,0.00,0,0,0,0,0,0
394,Cristhian Mosquera,COL,DF,Valencia,18,2004,1.6,1,0.62,1,0,0,0,0,0,0,0.00,0,0,0,0,0,0
395,Abdul Mumin,GHA,DF,Rayo Vallecano,24,1998,10.2,6,0.59,4,0,0,2,0,0,0,0.00,0,0,0,0,0,0
396,Iker Muniain,ESP,MF|FW,Athletic Club,29,1992,18.8,108,5.75,65,31,1,2,9,0,12,0.64,8,2,0,0,2,0
397,Aihen Muñoz,ESP,DF,Real Sociedad,24,1997,19.5,36,1.84,25,2,5,3,1,0,2,0.10,2,0,0,0,0,0
398,Álvaro Muñoz,URU,FW,Real Madrid,18,2004,0.9,1,1.13,1,0,0,0,0,0,1,1.13,1,0,0,0,0,0
399,Iker Muñoz,ESP,MF,Osasuna,19,2002,2.8,3,1.07,2,0,0,1,0,0,0,0.00,0,0,0,0,0,0
400,Pablo Muñoz,ESP,MF,Rayo Vallecano,18,2003,0.1,0,0.00,0,0,0,0,0,0,0,0.00,0,0,0,0,0,0
401,Vedat Muriqi,KVX,FW,Mallorca,28,1994,32.6,48,1.47,32,0,2,7,6,1,5,0.15,3,0,0,0,1,1
402,Yunus Musah,USA,MF,Valencia,19,2002,23.4,47,2.01,30,2,6,2,6,1,3,0.13,3,0,0,0,0,0
403,Francisco Mwepu,ZAM,FW,Cádiz,22,2000,0.2,0,0.00,0,0,0,0,0,0,0,0.00,0,0,0,0,0,0
404,Nacho,ESP,DF,Real Madrid,32,1990,18.2,32,1.76,24,0,5,3,0,0,2,0.11,1,0,1,0,0,0
405,Juanjo Narváez,COL,MF|FW,Valladolid,27,1995,1.6,0,0.00,0,0,0,0,0,0,0,0.00,0,0,0,0,0,0
406,Matija Nastasić,SRB,DF,Mallorca,29,1993,10.1,6,0.60,4,0,0,1,0,1,0,0.00,0,0,0,0,0,0
407,Roberto Navarro,ESP,MF|FW,Real Sociedad,20,2002,3.9,19,4.87,10,4,2,2,1,0,0,0.00,0,0,0,0,0,0
408,Jesús Navas,ESP,DF|FW,Sevilla,36,1985,22.0,60,2.73,57,1,0,0,2,0,8,0.36,6,1,0,0,1,0
409,Álvaro Negredo,ESP,FW,Cádiz,36,1985,8.4,21,2.49,13,0,3,3,1,1,4,0.47,2,0,1,1,0,0
410,Tanguy Nianzou,FRA,DF,Sevilla,20,2002,15.2,10,0.66,7,0,0,1,1,1,0,0.00,0,0,0,0,0,0
411,Saúl Ñíguez,ESP,MF|DF,Atlético Madrid,27,1994,12.2,22,1.80,18,0,0,4,0,0,3,0.25,3,0,0,0,0,0
412,Fernando Niño,ESP,MF|FW,Villarreal,21,2000,0.2,1,4.09,1,0,0,0,0,0,0,0.00,0,0,0,0,0,0
413,Randy Ntekja,FRA,FW|MF,Elche,24,1997,8.1,16,1.99,12,0,3,1,0,0,1,0.12,1,0,0,0,0,0
414,Randy Ntekja,FRA,FW|MF,Rayo Vallecano,24,1997,1.3,4,3.08,2,0,0,1,1,0,2,1.54,1,0,0,1,0,0
415,Unai Núñez,ESP,DF,Celta Vigo,25,1997,35.0,19,0.54,16,1,1,0,0,1,2,0.06,1,1,0,0,0,0
416,Jan Oblak,SVN,GK,Atlético Madrid,29,1993,27.7,2,0.07,2,0,0,0,0,0,0,0.00,0,0,0,0,0,0
417,Brian Ocampo,URU,MF|FW,Cádiz,23,1999,12.4,40,3.22,29,4,5,0,2,0,5,0.40,3,0,2,0,0,0
418,Lucas Ocampos,ARG,FW|MF,Sevilla,28,1994,12.9,30,2.32,25,0,2,0,2,1,2,0.15,1,0,0,0,1,0
419,Álvaro Odriozola,ESP,DF,Real Madrid,26,1995,0.4,3,6.92,2,0,0,0,1,0,0,0.00,0,0,0,0,0,0
420,Olasagasti,ESP,MF|DF,Real Sociedad,21,2000,0.7,1,1.36,0,0,0,0,0,1,0,0.00,0,0,0,0,0,0
421,Lucas Olaza,URU,DF,Valladolid,28,1994,16.6,29,1.75,20,7,1,0,1,0,1,0.06,1,0,0,0,0,0
422,Brian Oliván,ESP,DF,Espanyol,28,1994,26.7,53,1.99,42,6,1,1,1,2,9,0.34,9,0,0,0,0,0
423,Lucas Oliveira Rosa,BRA,DF,Valladolid,22,2000,10.3,19,1.84,13,4,0,0,2,0,1,0.10,1,0,0,0,0,0
424,Aimar Oroz,ESP,MF|FW,Osasuna,20,2001,22.4,77,3.44,61,1,5,3,4,3,11,0.49,11,0,0,0,0,0
425,Pedro Ortiz,ESP,MF,Sevilla,21,2000,0.0,0,0.00,0,0,0,0,0,0,0,0.00,0,0,0,0,0,0
426,Mikel Oyarzabal,ESP,FW|MF,Real Sociedad,25,1997,13.5,31,2.30,25,2,0,1,3,0,3,0.22,3,0,0,0,0,0
427,Cenk Özkacar,TUR,DF,Valencia,21,2000,15.2,18,1.19,15,0,0,3,0,0,0,0.00,0,0,0,0,0,0
428,Fernando Pacheco,ESP,GK,Almería,30,1992,1.0,0,0.00,0,0,0,0,0,0,0,0.00,0,0,0,0,0,0
429,Fernando Pacheco,ESP,GK,Espanyol,30,1992,16.0,5,0.31,3,2,0,0,0,0,0,0.00,0,0,0,0,0,0
430,Jon Pacheco,ESP,DF,Real Sociedad,21,2001,13.3,4,0.30,3,1,0,0,0,0,1,0.08,1,0,0,0,0,0
431,Gonçalo Paciência,POR,FW|MF,Celta Vigo,27,1994,7.4,18,2.45,12,0,1,2,3,0,3,0.41,2,0,0,1,0,0
432,Helibelton Palacios,COL,DF,Elche,29,1993,21.3,21,0.99,18,2,0,0,1,0,0,0.00,0,0,0,0,0,0
433,Isaac Palazón Camacho,ESP,FW|MF,Rayo Vallecano,27,1994,32.9,128,3.89,67,32,8,8,11,2,10,0.30,6,3,1,0,0,0
434,Aitor Paredes,ESP,DF,Athletic Club,22,2000,9.5,5,0.52,3,0,0,2,0,0,0,0.00,0,0,0,0,0,0
435,Daniel Parejo,ESP,MF,Villarreal,33,1989,36.5,113,3.10,84,26,1,1,1,0,11,0.30,8,2,0,1,0,0
436,Moises Parra Gutierrez,ESP,FW,Getafe,20,2002,0.1,0,0.00,0,0,0,0,0,0,0,0.00,0,0,0,0,0,0
437,Raúl Parra,ESP,DF,Cádiz,22,1999,3.4,2,0.58,2,0,0,0,0,0,0,0.00,0,0,0,0,0,0
438,Pascu,ESP,DF|FW,Villarreal,19,2003,0.1,1,9.00,1,0,0,0,0,0,1,9.00,1,0,0,0,0,0
439,Javier Pastore,ARG,MF,Elche,33,1989,0.1,0,0.00,0,0,0,0,0,0,0,0.00,0,0,0,0,0,0
440,Gabriel Paulista,BRA,DF,Valencia,31,1990,16.7,8,0.48,7,0,0,1,0,0,0,0.00,0,0,0,0,0,0
441,Alfonso Pedraza,ESP,DF,Villarreal,26,1996,18.1,39,2.15,30,0,5,3,0,1,5,0.28,4,0,1,0,0,0
442,Pedri,ESP,MF,Barcelona,19,2002,22.0,87,3.96,74,6,1,2,3,1,11,0.50,11,0,0,0,0,0
443,Adrià Pedrosa,ESP,DF|MF,Espanyol,24,1998,2.5,7,2.75,7,0,0,0,0,0,0,0.00,0,0,0,0,0,0
444,Iñaki Peña,ESP,GK,Barcelona,23,1999,0.8,0,0.00,0,0,0,0,0,0,0,0.00,0,0,0,0,0,0
445,Rubén Peña,ESP,DF|MF,Osasuna,31,1991,14.2,21,1.48,15,2,4,0,0,0,3,0.21,2,1,0,0,0,0
446,Alberto Perea,ESP,MF,Cádiz,31,1990,0.5,1,2.00,0,0,0,0,1,0,0,0.00,0,0,0,0,0,0
447,Ayoze Pérez,ESP,FW|MF,Betis,29,1993,15.4,49,3.18,33,0,9,3,3,1,4,0.26,1,0,1,0,2,0
448,Carles Pérez,ESP,MF|FW,Celta Vigo,24,1998,23.8,68,2.85,45,0,12,6,5,0,9,0.38,6,0,2,0,1,0
449,Francisco Perez,ESP,FW|MF,Valencia,19,2002,1.6,1,0.64,1,0,0,0,0,0,0,0.00,0,0,0,0,0,0
450,Kike Pérez,ESP,MF,Valladolid,25,1997,25.6,77,3.00,60,3,3,5,6,0,3,0.12,2,0,0,0,1,0
451,Lucas Pérez,ESP,FW,Cádiz,33,1988,7.0,16,2.29,11,1,2,1,0,1,0,0.00,0,0,0,0,0,0
452,Luis Pérez,ESP,DF,Valladolid,27,1995,13.5,26,1.93,23,1,0,0,2,0,1,0.07,1,0,0,0,0,0
453,Germán Pezzella,ARG,DF,Betis,31,1991,27.9,15,0.54,13,0,1,0,0,1,1,0.04,1,0,0,0,0,0
454,Ronaël Pierre-Gabriel,FRA,DF,Espanyol,24,1998,2.6,4,1.53,4,0,0,0,0,0,0,0.00,0,0,0,0,0,0
455,Yeremi Pino,ESP,FW|MF,Villarreal,19,2002,27.2,87,3.20,61,1,8,11,6,0,9,0.33,7,0,0,2,0,0
456,Gerard Piqué,ESP,DF,Barcelona,35,1987,4.3,5,1.17,5,0,0,0,0,0,0,0.00,0,0,0,0,0,0
457,Óscar Plano,ESP,FW|MF,Valladolid,31,1991,22.6,56,2.47,46,0,1,4,4,1,7,0.31,5,0,0,1,1,0
458,Gonzalo Plata,ECU,FW,Valladolid,21,2000,25.6,93,3.64,66,7,9,1,8,2,11,0.43,8,0,1,0,2,0
459,Ezequiel Ponce,ARG,FW|MF,Elche,25,1997,12.5,25,1.99,20,0,0,4,1,0,4,0.32,1,0,0,2,1,0
460,Francisco Portillo,ESP,MF|FW,Almería,32,1990,8.0,26,3.23,24,0,1,0,0,1,2,0.25,2,0,0,0,0,0
461,Portu,ESP,MF|DF,Getafe,30,1992,19.7,53,2.69,37,4,5,3,4,0,3,0.15,2,0,1,0,0,0
462,José Pozo,ESP,MF|FW,Rayo Vallecano,26,1996,1.0,7,7.16,7,0,0,0,0,0,1,1.02,1,0,0,0,0,0
463,Manuel Pozo,ESP,FW,Valladolid,20,2001,0.2,2,9.47,1,0,1,0,0,0,0,0.00,0,0,0,0,0,0
464,Alejandro Pozo Pozo,ESP,DF,Almería,23,1999,20.9,49,2.35,38,6,2,2,0,1,7,0.34,7,0,0,0,0,0
465,Abdón Prats,ESP,FW|MF,Mallorca,29,1992,4.6,5,1.08,5,0,0,0,0,0,1,0.22,1,0,0,0,0,0
466,Javi Puado,ESP,FW|MF,Espanyol,24,1998,26.0,57,2.19,35,2,8,8,4,0,7,0.27,3,0,1,2,1,0
467,Arnau Puigmal,ESP,MF|FW,Almería,21,2001,8.5,26,3.05,20,1,1,0,2,2,1,0.12,1,0,0,0,0,0
468,Domingos Quina,POR,MF,Elche,22,1999,3.1,6,1.96,5,1,0,0,0,0,0,0.00,0,0,0,0,0,0
469,Rubén Quintanilla,ESP,DF,Mallorca,20,2002,0.0,0,0.00,0,0,0,0,0,0,0,0.00,0,0,0,0,0,0
470,Antonio Raillo,ESP,DF,Mallorca,30,1991,30.7,15,0.48,11,1,0,1,2,0,5,0.16,4,0,0,0,1,0
471,Predrag Rajković,SRB,GK,Mallorca,26,1995,36.0,11,0.31,8,3,0,0,0,0,2,0.06,1,1,0,0,0,0
472,Ivan Rakitić,CRO,MF,Sevilla,34,1988,19.9,66,3.32,45,14,0,2,3,2,6,0.30,3,3,0,0,0,0
473,Largie Ramazani,BEL,FW|MF,Almería,21,2001,15.6,42,2.70,24,1,9,4,2,2,4,0.26,1,0,1,1,1,0
474,Chris Ramos,ESP,FW,Cádiz,25,1997,7.9,12,1.52,8,0,1,1,2,0,0,0.00,0,0,0,0,0,0
475,Raphinha,BRA,FW,Barcelona,25,1996,23.0,117,5.08,77,22,4,9,4,1,15,0.65,13,0,1,1,0,0
476,Sergio Reguilón,ESP,DF,Atlético Madrid,25,1996,3.4,13,3.75,11,1,1,0,0,0,0,0.00,0,0,0,0,0,0
477,Pepe Reina,ESP,GK,Villarreal,39,1982,22.0,0,0.00,0,0,0,0,0,0,0,0.00,0,0,0,0,0,0
478,Reinier,BRA,MF|FW,Girona,20,2002,7.2,19,2.64,16,0,1,1,1,0,2,0.28,2,0,0,0,0,0
479,Karim Rekik,NED,DF,Sevilla,27,1994,13.1,14,1.07,12,0,0,1,1,0,2,0.15,2,0,0,0,0,0
480,Álex Remiro,ESP,GK,Real Sociedad,27,1995,38.0,6,0.16,3,3,0,0,0,0,0,0.00,0,0,0,0,0,0
481,Alejandro Revuelta Montero,ESP,DF,Getafe,22,2000,0.0,0,0.00,0,0,0,0,0,0,0,0.00,0,0,0,0,0,0
482,Chadi Riad,MAR,MF,Barcelona,19,2003,0.0,0,0.00,0,0,0,0,0,0,0,0.00,0,0,0,0,0,0
483,Nico Ribaudo,ESP,MF|FW,Espanyol,21,2001,13.9,51,3.67,34,7,1,2,4,3,2,0.14,2,0,0,0,0,0
484,Diego Rico,ESP,DF,Real Sociedad,29,1993,18.3,33,1.81,26,2,1,1,1,2,1,0.05,1,0,0,0,0,0
485,Rodrigo Riquelme,ESP,MF|FW,Girona,22,2000,24.2,69,2.85,46,6,10,4,3,0,9,0.37,3,3,0,2,1,0
486,Sergi Roberto,ESP,DF|MF,Barcelona,30,1992,14.5,29,2.00,24,0,0,4,1,0,3,0.21,3,0,0,0,0,0
487,Lucas Robertone,ARG,MF,Almería,25,1997,31.6,109,3.45,74,25,3,2,4,1,11,0.35,6,4,1,0,0,0
488,Joel Roca,ESP,MF|FW,Girona,17,2005,0.9,5,5.29,3,0,0,1,1,0,0,0.00,0,0,0,0,0,0
489,Enzo Roco,CHI,DF,Elche,29,1992,18.4,12,0.65,9,0,1,1,0,1,0,0.00,0,0,0,0,0,0
490,Rodri,ESP,FW|MF,Betis,22,2000,17.8,58,3.26,49,1,3,3,2,0,8,0.45,6,0,0,1,1,0
491,Ángel Rodríguez,ESP,FW|MF,Mallorca,35,1987,4.4,5,1.14,4,0,0,0,1,0,0,0.00,0,0,0,0,0,0
492,Óscar Rodríguez Arnaiz,ESP,MF,Celta Vigo,24,1998,19.7,58,2.94,39,11,2,6,0,0,2,0.10,2,0,0,0,0,0
493,Dani Rodríguez,ESP,MF,Mallorca,34,1988,23.3,54,2.31,39,4,4,3,3,1,10,0.43,8,1,0,0,0,1
494,Guido Rodríguez,ARG,MF,Betis,28,1994,31.9,37,1.16,32,1,0,2,2,0,2,0.06,2,0,0,0,0,0
495,Miguel Rodríguez,ESP,MF|FW,Celta Vigo,19,2003,2.8,7,2.50,7,0,0,0,0,0,2,0.71,2,0,0,0,0,0
496,Rodrygo,BRA,FW|MF,Real Madrid,21,2001,26.4,133,5.03,78,5,25,9,15,1,21,0.79,12,0,6,0,3,0
497,Leonardo Román,ESP,GK,Mallorca,22,2000,1.0,0,0.00,0,0,0,0,0,0,0,0.00,0,0,0,0,0,0
498,Iván Romero,ESP,MF,Sevilla,21,2001,0.1,0,0.00,0,0,0,0,0,0,0,0.00,0,0,0,0,0,0
499,Oriol Romeu,ESP,MF,Girona,30,1991,32.8,56,1.71,49,0,0,4,2,1,3,0.09,3,0,0,0,0,0
500,Rubén,ESP,DF|MF,Espanyol,21,2001,9.9,19,1.92,15,0,3,0,0,1,4,0.40,3,0,1,0,0,0
501,Antonio Rüdiger,GER,DF,Real Madrid,29,1993,26.8,18,0.67,16,0,0,1,1,0,1,0.04,0,0,0,1,0,0
502,Aitor Ruibal,ESP,DF|FW,Betis,26,1996,16.2,37,2.29,26,0,5,4,1,1,1,0.06,1,0,0,0,0,0
503,Víctor Ruiz,ESP,DF,Betis,33,1989,6.2,4,0.64,4,0,0,0,0,0,0,0.00,0,0,0,0,0,0
504,Gerónimo Rulli,ARG,GK,Villarreal,30,1992,14.0,1,0.07,1,0,0,0,0,0,0,0.00,0,0,0,0,0,0
505,Franco Russo,ARG,DF,Mallorca,27,1994,1.6,0,0.00,0,0,0,0,0,0,0,0.00,0,0,0,0,0,0
506,Youssouf Sabaly,SEN,DF,Betis,29,1993,18.7,33,1.77,19,2,7,1,3,1,2,0.11,0,0,1,1,0,0
507,Umar Sadiq,NGA,FW,Almería,25,1997,2.7,6,2.25,4,0,1,0,1,0,0,0.00,0,0,0,0,0,0
508,Umar Sadiq,NGA,FW,Real Sociedad,25,1997,0.9,1,1.10,0,0,0,0,1,0,0,0.00,0,0,0,0,0,0
509,Samuel Sáiz,ESP,MF,Girona,31,1991,2.7,6,2.23,6,0,0,0,0,0,0,0.00,0,0,0,0,0,0
510,Kike Salas,ESP,DF,Sevilla,20,2002,4.1,1,0.24,0,0,0,1,0,0,1,0.24,0,0,0,1,0,0
511,Salvi,ESP,FW|MF,Rayo Vallecano,31,1991,5.4,19,3.49,15,0,0,3,0,1,1,0.18,0,0,0,0,0,1
512,Fede San Emeterio,ESP,MF,Cádiz,25,1997,20.5,18,0.88,15,0,0,2,0,1,2,0.10,1,0,0,1,0,0
513,Oihan Sancet,ESP,MF,Athletic Club,22,2000,28.1,95,3.38,76,1,7,5,5,1,6,0.21,4,0,0,1,1,0
514,Antonio Sánchez,ESP,MF|DF,Mallorca,25,1997,12.0,18,1.51,12,0,1,3,2,0,0,0.00,0,0,0,0,0,0
515,Iván Sánchez,ESP,MF|FW,Valladolid,29,1992,12.8,42,3.38,31,4,4,2,1,0,2,0.16,1,1,0,0,0,0
516,Javi Sánchez,ESP,DF,Valladolid,25,1997,26.6,16,0.60,14,0,1,0,1,0,3,0.11,3,0,0,0,0,0
517,Manu Sánchez,ESP,DF,Osasuna,21,2000,23.6,61,2.58,55,1,2,0,1,2,4,0.17,3,0,0,0,1,0
518,Esteban Saveljich,MNE,FW,Rayo Vallecano,31,1991,0.0,0,0.00,0,0,0,0,0,0,0,0.00,0,0,0,0,0,0
519,Stefan Savić,MNE,DF,Atlético Madrid,31,1991,21.6,11,0.51,11,0,0,0,0,0,1,0.05,1,0,0,0,0,0
520,Manuel Sebastián,ESP,MF,Sevilla,18,2004,1.7,2,1.21,2,0,0,0,0,0,0,0.00,0,0,0,0,0,0
521,Haris Seferović,SUI,FW,Celta Vigo,30,1992,9.9,17,1.73,12,0,2,1,2,0,3,0.31,2,0,1,0,0,0
522,Jaime Seoane,ESP,MF|FW,Getafe,25,1997,3.6,10,2.76,7,1,0,0,1,1,0,0.00,0,0,0,0,0,0
523,David Silva,ESP,MF,Real Sociedad,36,1986,21.5,77,3.58,67,0,3,4,1,2,14,0.65,13,0,0,0,0,1
524,Rui Silva,POR,GK,Betis,28,1994,26.0,1,0.04,1,0,0,0,0,0,0,0.00,0,0,0,0,0,0
525,Simo,ESP,DF,Espanyol,17,2005,1.6,1,0.60,1,0,0,0,0,0,1,0.60,1,0,0,0,0,0
526,Unai Simón,ESP,GK,Athletic Club,25,1997,30.5,2,0.07,2,0,0,0,0,0,0,0.00,0,0,0,0,0,0
527,Rubén Sobrino,ESP,MF|FW,Cádiz,30,1992,27.4,53,1.94,39,0,1,4,6,3,5,0.18,5,0,0,0,0,0
528,Alex Sola,ESP,DF,Real Sociedad,23,1999,3.9,6,1.54,3,2,0,0,1,0,2,0.51,1,0,0,0,1,0
529,Augusto Solari,ARG,MF,Celta Vigo,30,1992,2.9,6,2.05,6,0,0,0,0,0,2,0.68,2,0,0,0,0,0
530,Carlos Soler,ESP,MF,Valencia,25,1997,2.7,6,2.23,5,1,0,0,0,0,0,0.00,0,0,0,0,0,0
531,David Soria,ESP,GK,Getafe,29,1993,38.0,7,0.18,6,1,0,0,0,0,0,0.00,0,0,0,0,0,0
532,Hugo Sotelo,ESP,MF,Celta Vigo,18,2003,0.2,0,0.00,0,0,0,0,0,0,0,0.00,0,0,0,0,0,0
533,Dyego Sousa,POR,FW,Almería,32,1989,5.9,14,2.39,11,0,2,1,0,0,1,0.17,1,0,0,0,0,0
534,Vinicius Souza,BRA,MF,Espanyol,23,1999,27.0,33,1.22,25,0,2,2,2,2,3,0.11,3,0,0,0,0,0
535,Jørgen Strand Larsen,NOR,FW,Celta Vigo,22,2000,18.9,29,1.53,21,0,1,2,4,1,7,0.37,6,0,1,0,0,0
536,Cristhian Stuani,URU,FW,Girona,35,1986,12.1,18,1.48,9,0,0,6,2,1,1,0.08,0,0,0,0,1,0
537,Damián Suárez,URU,DF|MF,Getafe,34,1988,21.6,47,2.17,29,16,1,0,1,0,2,0.09,1,1,0,0,0,0
538,Denis Suárez,ESP,MF|FW,Espanyol,28,1994,10.5,34,3.24,22,9,2,0,1,0,1,0.10,1,0,0,0,0,0
539,Mario Suárez,ESP,MF|DF,Rayo Vallecano,35,1987,0.1,0,0.00,0,0,0,0,0,0,0,0.00,0,0,0,0,0,0
540,Suso,ESP,MF|FW,Sevilla,28,1993,11.8,64,5.41,51,6,3,2,1,1,7,0.59,4,1,2,0,0,0
541,Williot Swedberg,SWE,MF,Celta Vigo,18,2004,0.6,1,1.64,1,0,0,0,0,0,0,0.00,0,0,0,0,0,0
542,Alexander Sørloth,NOR,FW,Real Sociedad,26,1995,26.5,58,2.19,41,0,8,6,2,1,5,0.19,4,0,1,0,0,0
543,Renato Tapia,PER,MF|DF,Celta Vigo,27,1995,16.1,24,1.49,18,1,2,1,0,2,0,0.00,0,0,0,0,0,0
544,Aurélien Tchouaméni,FRA,MF,Real Madrid,22,2000,23.5,63,2.67,53,1,2,3,3,1,12,0.51,11,0,0,0,1,0
545,Alex Telles,BRA,DF,Sevilla,29,1992,15.9,42,2.65,31,5,1,2,3,0,4,0.25,3,0,0,0,1,0
546,Marc-André ter Stegen,GER,GK,Barcelona,30,1992,37.2,12,0.32,11,1,0,0,0,0,1,0.03,1,0,0,0,0,0
547,Ramón Terrats,ESP,MF,Villarreal,21,2000,9.1,20,2.21,13,2,2,0,2,1,1,0.11,1,0,0,0,0,0
548,Ramón Terrats,ESP,MF,Girona,21,2000,2.4,3,1.27,3,0,0,0,0,0,0,0.00,0,0,0,0,0,0
549,Raúl de Tomás,ESP,FW,Rayo Vallecano,27,1994,8.9,20,2.24,12,0,3,2,2,1,0,0.00,0,0,0,0,0,0
550,Pablo Torre,ESP,FW|MF,Barcelona,19,2003,1.6,8,5.03,6,2,0,0,0,0,1,0.63,1,0,0,0,0,0
551,David Torres,ESP,DF,Valladolid,19,2003,4.3,3,0.70,3,0,0,0,0,0,0,0.00,0,0,0,0,0,0
552,Ferrán Torres,ESP,FW|MF,Barcelona,22,2000,15.5,50,3.23,32,6,7,3,1,1,3,0.19,3,0,0,0,0,0
553,Óliver Torres,ESP,MF|FW,Sevilla,27,1994,23.7,74,3.12,59,5,0,3,4,3,6,0.25,4,1,0,1,0,0
554,Pau Torres,ESP,DF,Villarreal,25,1997,33.9,41,1.21,34,0,0,4,3,0,1,0.03,0,0,0,0,1,0
555,Roberto Torres,ESP,FW|MF,Osasuna,33,1989,0.1,2,16.36,1,1,0,0,0,0,0,0.00,0,0,0,0,0,0
556,Lucas Torró,ESP,MF,Osasuna,28,1994,27.5,24,0.87,20,0,0,3,1,0,1,0.04,1,0,0,0,0,0
557,Nabil Touaizi,MAR,MF,Espanyol,21,2001,0.0,0,0.00,0,0,0,0,0,0,0,0.00,0,0,0,0,0,0
558,Óscar Trejo,ARG,MF|FW,Rayo Vallecano,34,1988,23.8,103,4.32,78,5,8,3,5,4,10,0.42,9,1,0,0,0,0
559,Manu Trigueros,ESP,MF,Villarreal,30,1991,9.2,17,1.85,16,0,0,0,1,0,2,0.22,2,0,0,0,0,0
560,Viktor Tsyhankov,UKR,MF,Girona,24,1997,16.5,65,3.93,39,20,2,2,2,0,8,0.48,6,1,0,0,1,0
561,Beñat Turrientes,ESP,MF|FW,Real Sociedad,20,2002,1.2,4,3.40,3,1,0,0,0,0,0,0.00,0,0,0,0,0,0
562,Enes Ünal,TUR,FW,Getafe,25,1997,33.0,68,2.06,45,0,2,5,15,1,8,0.24,5,0,0,0,3,0
563,Oscar Ureña,ESP,MF,Girona,19,2003,1.1,2,1.80,1,0,0,1,0,0,0,0.00,0,0,0,0,0,0
564,Óscar Valentín,ESP,MF,Rayo Vallecano,27,1994,28.4,48,1.69,41,0,0,1,2,4,2,0.07,2,0,0,0,0,0
565,Martin Valjent,SVK,DF,Mallorca,26,1995,29.5,6,0.20,5,0,0,0,1,0,2,0.07,1,0,0,0,1,0
566,Jesús Vallejo,ESP,DF,Real Madrid,25,1997,0.2,0,0.00,0,0,0,0,0,0,0,0.00,0,0,0,0,0,0
567,Manu Vallejo,ESP,FW|MF,Girona,25,1997,2.3,10,4.37,6,0,0,1,3,0,4,1.75,1,0,0,0,3,0
568,Federico Valverde,URU,MF|FW,Real Madrid,24,1998,27.8,81,2.91,77,0,2,1,1,0,14,0.50,13,0,1,0,0,0
569,Jesus Vazquez,ESP,DF|MF,Valencia,19,2003,3.4,11,3.18,6,0,2,2,0,1,0,0.00,0,0,0,0,0,0
570,Kevin Vázquez,ESP,DF|MF,Celta Vigo,29,1993,4.9,5,1.02,5,0,0,0,0,0,0,0.00,0,0,0,0,0,0
571,Lucas Vázquez,ESP,DF,Real Madrid,31,1991,12.7,41,3.22,32,2,2,1,3,1,2,0.16,1,0,0,0,1,0
572,Gabriel Veiga,ESP,MF,Celta Vigo,20,2002,25.5,80,3.14,58,3,10,3,5,1,8,0.31,6,0,2,0,0,0
573,Unai Vencedor Paris,ESP,MF,Athletic Club,21,2000,2.1,3,1.40,2,0,0,1,0,0,0,0.00,0,0,0,0,0,0
574,Gonzalo Verdú,ESP,DF,Elche,33,1988,7.8,3,0.38,2,0,0,0,0,1,0,0.00,0,0,0,0,0,0
575,Mikel Vesga,ESP,MF,Athletic Club,29,1993,28.6,54,1.89,49,0,0,3,1,1,6,0.21,3,0,0,1,1,1
576,Aleix Vidal,ESP,MF|FW,Espanyol,32,1989,11.4,25,2.20,16,5,3,0,0,1,5,0.44,3,1,0,0,0,1
577,Nacho Vidal,ESP,DF,Osasuna,27,1995,13.9,20,1.44,12,3,0,3,2,0,0,0.00,0,0,0,0,0,0
578,Toni Villa,ESP,MF,Valladolid,27,1995,1.0,4,3.96,3,0,1,0,0,0,0,0.00,0,0,0,0,0,0
579,Toni Villa,ESP,MF|FW,Girona,27,1995,9.9,39,3.92,27,3,3,0,6,0,7,0.70,6,1,0,0,0,0
580,Asier Villalibre,ESP,FW,Athletic Club,24,1997,1.1,3,2.73,3,0,0,0,0,0,0,0.00,0,0,0,0,0,0
581,Gonzalo Villar,ESP,MF,Getafe,24,1998,5.1,6,1.18,5,0,0,1,0,0,0,0.00,0,0,0,0,0,0
582,Iván Villar,ESP,GK,Celta Vigo,25,1997,19.0,5,0.26,3,2,0,0,0,0,0,0.00,0,0,0,0,0,0
583,Daniel Vivian,ESP,DF,Athletic Club,23,1999,26.4,17,0.64,13,1,0,2,1,0,0,0.00,0,0,0,0,0,0
584,Shon Weissman,ISR,FW,Valladolid,26,1996,8.3,4,0.48,4,0,0,0,0,0,0,0.00,0,0,0,0,0,0
585,Axel Werner,ARG,GK,Elche,26,1996,2.0,0,0.00,0,0,0,0,0,0,0,0.00,0,0,0,0,0,0
586,Iñaki Williams,GHA,FW,Athletic Club,28,1994,31.5,85,2.70,62,0,12,6,4,1,9,0.29,6,0,1,1,1,0
587,Nico Williams,ESP,FW,Athletic Club,20,2002,29.5,105,3.56,66,12,18,4,4,1,9,0.31,5,0,2,1,1,0
588,Axel Witsel,BEL,DF|MF,Atlético Madrid,33,1989,25.1,23,0.92,22,0,0,1,0,0,4,0.16,4,0,0,0,0,0
589,Lamine Yamal,ESP,FW,Barcelona,15,2007,0.1,0,0.00,0,0,0,0,0,0,0,0.00,0,0,0,0,0,0
590,Jawad El Yamiq,MAR,DF,Valladolid,30,1992,17.9,12,0.65,11,0,1,0,0,0,0,0.00,0,0,0,0,0,0
591,Joseba Zaldúa,ESP,DF,Cádiz,30,1992,7.1,7,0.99,5,0,0,0,1,1,1,0.14,1,0,0,0,0,0
592,Oier Zarraga,ESP,MF,Athletic Club,23,1999,9.5,25,2.65,17,4,0,3,0,1,0,0.00,0,0,0,0,0,0
593,Igor Zubeldia,ESP,DF,Real Sociedad,25,1997,28.2,11,0.39,9,1,0,0,0,1,2,0.07,2,0,0,0,0,0
594,Martín Zubimendi,ESP,MF,Real Sociedad,23,1999,34.5,52,1.51,47,0,0,1,3,1,6,0.17,6,0,0,0,0,0
595,Blanco,,MF,Cádiz,22,2000,1.8,,,,,,,,,,,,,,,,
596,Hugo Guillamón,,DF|MF,Valencia,22,2000,18.1,,,,,,,,,,,,,,,,
