Rk,Player,Nation,Pos,Squad,Age,Born,90s,Tackles Tkl,Tackles TklW,Tackles Def 3rd,Tackles Mid 3rd,Tackles Att 3rd,Challenges Tkl,Challenges Att,Challenges Tkl%,Challenges Lost,Blocks Blocks,Blocks Sh,Blocks Pass,Int,Tkl+Int,Clr,Err
1,Francesco Acerbi,ITA,DF,Lazio,31,1988,35.1,59,29,42,12,5,14,20,70.0,6,40,27,13,42,101,109,1
2,Bobby Adekanye,NED,FW,Lazio,20,1999,2.1,3,2,0,3,0,0,5,0.0,5,0,0,0,2,5,1,0
3,Claud Adjapong,ITA,DF,Hellas Verona,21,1998,2.6,5,3,4,1,0,2,3,66.7,1,4,3,1,3,8,7,0
4,Lucien Agoume,FRA,MF,Inter,17,2002,0.8,3,2,0,2,1,0,0,,0,3,1,2,0,3,0,0
5,Kevin Agudelo,COL,MF|FW,Fiorentina,20,1998,0.7,2,1,0,1,1,0,1,0.0,1,1,0,1,1,3,0,0
6,Kevin Agudelo,COL,MF|FW,Genoa,20,1998,7.4,23,14,9,12,2,10,20,50.0,10,12,1,11,6,29,2,0
7,Emmanuel Agyemang-Badu,GHA,MF,Hellas Verona,28,1990,2.6,1,1,0,1,0,1,2,50.0,1,2,2,0,1,2,6,0
8,Ola Aina,NGA,DF,Torino,22,1996,23.1,45,24,23,18,4,17,37,45.9,20,24,6,18,41,86,61,0
9,Luis Alberto,ESP,MF,Lazio,26,1992,34.6,50,30,21,19,10,27,82,32.9,55,32,1,31,21,71,9,1
10,Enrico Alfonso,ITA,GK,Brescia,31,1988,3.1,0,0,0,0,0,0,0,,0,0,0,0,0,0,2,0
11,Allan,BRA,MF,Napoli,28,1991,14.2,50,27,20,21,9,18,54,33.3,36,19,3,16,16,66,11,1
12,Bruno Alves,POR,DF,Parma,37,1981,29.7,17,11,12,5,0,8,13,61.5,5,30,21,9,25,42,150,2
13,Sofyan Amrabat,MAR,MF,Hellas Verona,22,1996,32.4,58,36,26,21,11,26,55,47.3,29,29,10,19,31,89,15,1
14,Djavan Anderson,NED,FW|DF,Lazio,24,1995,1.9,0,0,0,0,0,0,0,,0,1,0,1,3,3,3,0
15,Lorenzo Andrenacci,ITA,GK,Brescia,24,1995,5.9,1,0,1,0,0,1,3,33.3,2,0,0,0,0,1,0,0
16,Peter Ankersen,DEN,DF,Genoa,28,1990,11.8,16,4,7,7,2,4,13,30.8,9,19,5,14,9,25,25,1
17,Cristian Ansaldi,ARG,DF|MF,Torino,32,1986,19.6,37,25,24,7,6,19,34,55.9,15,23,3,20,14,51,20,4
18,Mirko Antonucci,ITA,FW|MF,Roma,20,1999,0.9,4,3,1,0,3,3,3,100.0,0,2,0,2,2,6,1,0
19,Guilherme Arana,BRA,DF,Atalanta,22,1997,0.9,4,4,1,3,0,3,5,60.0,2,0,0,0,2,6,0,0
20,Nicolò Armini,ITA,DF,Lazio,18,2001,0.0,1,1,1,0,0,1,1,100.0,0,0,0,0,0,1,1,0
21,Kwadwo Asamoah,GHA,DF|FW,Inter,30,1988,7.1,10,8,4,5,1,6,14,42.9,8,8,1,7,9,19,13,0
22,Kristoffer Askildsen,NOR,MF,Sampdoria,18,2001,0.8,1,1,1,0,0,0,0,,0,1,0,1,1,2,0,0
23,Emil Audero,ITA,GK,Sampdoria,22,1997,36.0,1,1,1,0,0,1,3,33.3,2,0,0,0,0,1,21,1
24,Tommaso Augello,ITA,DF,Sampdoria,24,1994,12.6,14,9,6,3,5,5,7,71.4,2,8,0,8,15,29,21,1
25,Florian Ayé,FRA,FW|MF,Brescia,22,1997,15.3,17,9,9,5,3,6,13,46.2,7,17,2,15,4,21,18,1
26,Khouma Babacar,SEN,FW,Lecce,26,1993,15.8,12,8,2,6,4,1,7,14.3,6,12,3,9,3,15,34,0
27,Milan Badelj,CRO,MF,Fiorentina,30,1989,17.6,29,17,10,16,3,15,50,30.0,35,21,3,18,45,74,34,1
28,Marco Ballarini,ITA,MF,Udinese,18,2001,0.0,0,0,0,0,0,0,0,,0,0,0,0,0,0,0,0
29,Mario Balotelli,ITA,FW,Brescia,28,1990,15.6,2,2,0,2,0,0,2,0.0,2,1,1,0,8,10,22,0
30,Mattia Bani,ITA,DF,Bologna,25,1993,24.5,47,28,27,19,1,25,36,69.4,11,29,15,14,52,99,92,2
31,Antonín Barák,CZE,MF|FW,Udinese,24,1994,2.2,5,4,3,0,2,1,5,20.0,4,6,1,5,0,5,4,0
32,Antonín Barák,CZE,MF,Lecce,24,1994,15.2,19,10,9,10,0,6,24,25.0,18,18,1,17,9,28,20,2
33,Nicolò Barella,ITA,MF,Inter,22,1997,22.4,36,21,14,15,7,8,37,21.6,29,20,5,15,14,50,14,0
34,Antonino Barillà,ITA,MF,Parma,31,1988,18.8,43,31,22,19,2,16,45,35.6,29,26,8,18,17,60,32,0
35,Antonio Barreca,ITA,DF|FW,Genoa,24,1995,12.2,10,7,5,3,2,4,5,80.0,1,12,7,5,1,11,22,0
36,Édgar Barreto,PAR,MF,Sampdoria,35,1984,1.0,4,3,0,1,3,2,3,66.7,1,1,0,1,0,4,0,0
37,Musa Barrow,GAM,FW|MF,Bologna,20,1998,15.0,20,13,11,7,2,6,20,30.0,14,15,0,15,5,25,11,0
38,Musa Barrow,GAM,FW|MF,Atalanta,20,1998,2.1,1,1,0,0,1,1,4,25.0,3,4,0,4,0,1,1,0
39,Daniele Baselli,ITA,MF,Torino,27,1992,14.2,43,23,17,19,7,13,40,32.5,27,20,4,16,25,68,25,0
40,Alessandro Bastoni,ITA,DF,Inter,20,1999,21.3,32,17,14,11,7,15,24,62.5,9,18,9,9,26,58,54,0
41,Bastos,ANG,DF,Lazio,28,1991,8.5,9,5,6,3,0,4,11,36.4,7,13,8,5,13,22,26,0
42,Rodrigo Becão,BRA,DF,Udinese,23,1996,24.6,56,25,34,19,3,26,46,56.5,20,40,20,20,45,101,77,0
43,Asmir Begović,BIH,GK,Milan,32,1987,1.4,0,0,0,0,0,0,0,,0,0,0,0,0,0,0,0
44,Valon Behrami,SUI,MF,Genoa,34,1985,12.3,34,26,13,17,4,8,32,25.0,24,25,10,15,9,43,16,0
45,Raoul Bellanova,ITA,DF,Atalanta,19,2000,0.2,0,0,0,0,0,0,0,,0,0,0,0,0,0,0,0
46,Andrea Belotti,ITA,FW,Torino,25,1993,33.4,29,16,7,17,5,5,31,16.1,26,23,5,18,5,34,20,1
47,Marco Benassi,ITA,MF,Fiorentina,24,1994,10.9,18,12,9,5,4,10,24,41.7,14,11,1,10,4,22,9,0
48,Ismaël Bennacer,ALG,MF,Milan,21,1997,27.6,67,47,21,34,12,29,73,39.7,44,25,7,18,54,121,15,2
49,Rodrigo Bentancur,URU,MF,Juventus,22,1997,24.4,58,32,27,18,13,31,66,47.0,35,44,9,35,32,90,34,1
50,Romario Benzar,ROU,DF,Lecce,27,1992,1.1,2,2,1,1,0,2,3,66.7,1,1,0,1,0,2,2,0
51,Domenico Berardi,ITA,FW,Sassuolo,24,1994,27.7,32,16,19,8,5,13,59,22.0,46,31,3,28,33,65,27,0
52,Álex Berenguer,ESP,MF|DF,Torino,24,1995,20.3,20,6,6,13,1,8,33,24.2,25,17,1,16,18,38,17,0
53,Bartosz Bereszyński,POL,DF,Sampdoria,27,1992,26.7,53,35,25,23,5,26,52,50.0,26,38,16,22,35,88,88,1
54,Etrit Berisha,ALB,GK,SPAL,30,1989,26.0,3,2,3,0,0,2,3,66.7,1,0,0,0,1,4,9,0
55,Valon Berisha,KVX,MF,Lazio,26,1993,0.4,1,1,0,1,0,1,2,50.0,1,0,0,0,0,1,1,0
56,Federico Bernardeschi,ITA,MF|FW,Juventus,25,1994,17.5,13,5,4,5,4,5,25,20.0,20,11,0,11,13,26,12,1
57,Andrea Bertolacci,ITA,MF,Sampdoria,28,1991,5.9,7,4,2,3,2,1,8,12.5,7,4,1,3,2,9,13,0
58,Lucas Biglia,ARG,MF,Milan,33,1986,7.6,13,7,7,6,0,4,15,26.7,11,12,4,8,7,20,10,1
59,Cristiano Biraghi,ITA,DF,Inter,26,1992,17.5,22,6,10,8,4,10,24,41.7,14,21,7,14,13,35,41,0
60,Davide Biraschi,ITA,DF,Genoa,25,1994,21.9,32,17,17,13,2,15,26,57.7,11,22,12,10,34,66,69,0
61,Valter Birsa,SVN,MF|FW,Cagliari,32,1986,4.8,10,6,3,6,1,7,21,33.3,14,6,1,5,4,14,3,0
62,Dimitri Bisoli,ITA,MF,Brescia,25,1994,23.9,64,35,34,20,10,30,49,61.2,19,41,7,34,25,89,49,0
63,Birkir Bjarnason,ISL,MF|FW,Brescia,31,1988,8.9,5,3,1,3,1,2,13,15.4,11,9,4,5,5,10,4,0
64,Kevin-Prince Boateng,GHA,FW,Fiorentina,32,1987,6.7,3,1,0,2,1,2,8,25.0,6,3,0,3,1,4,7,0
65,Salvatore Bocchetti,ITA,DF,Hellas Verona,32,1986,3.4,5,3,3,2,0,2,3,66.7,1,2,2,0,17,22,23,0
66,Jeremie Boga,CIV,FW,Sassuolo,22,1997,27.9,12,7,3,8,1,6,20,30.0,14,24,0,24,3,15,4,0
67,Giacomo Bonaventura,ITA,MF|FW,Milan,29,1989,14.9,16,9,5,6,5,5,17,29.4,12,8,3,5,7,23,10,0
68,Federico Bonazzoli,ITA,FW,Sampdoria,22,1997,8.3,7,5,1,4,2,0,7,0.0,7,3,0,3,5,12,2,0
69,Kevin Bonifazi,ITA,DF,Torino,23,1996,2.7,9,8,6,3,0,5,6,83.3,1,3,2,1,5,14,10,0
70,Kevin Bonifazi,ITA,DF,SPAL,23,1996,13.2,16,9,15,1,0,9,18,50.0,9,20,12,8,35,51,50,2
71,Federico Bonini,ITA,DF,Bologna,17,2001,0.1,0,0,0,0,0,0,0,,0,0,0,0,0,0,0,0
72,Leonardo Bonucci,ITA,DF,Juventus,32,1987,34.2,28,17,18,8,2,12,17,70.6,5,32,29,3,31,59,94,2
73,Fabio Borini,ITA,MF|FW,Hellas Verona,28,1991,9.0,2,1,2,0,0,0,4,0.0,4,3,0,3,13,15,6,0
74,Fabio Borini,ITA,MF,Milan,28,1991,0.8,2,2,0,0,2,0,2,0.0,2,1,0,1,0,2,3,0
75,Mehdi Bourabia,MAR,MF,Sassuolo,27,1991,10.3,19,9,8,10,1,9,22,40.9,13,12,2,10,22,41,23,0
76,Federico Brancolini,ITA,GK,Fiorentina,18,2001,0.1,0,0,0,0,0,0,0,,0,0,0,0,0,0,0,0
77,Gleison Bremer,BRA,DF,Torino,22,1997,25.2,63,36,37,20,6,20,34,58.8,14,48,22,26,74,137,118,1
78,Marco Brescianini,ITA,MF,Milan,19,2000,0.3,1,1,1,0,0,0,0,,0,0,0,0,2,3,0,0
79,Marcelo Brozović,CRO,MF,Inter,26,1992,30.0,67,35,26,31,10,19,71,26.8,52,26,9,17,46,113,46,2
80,Gastón Brugman,URU,MF,Parma,26,1992,16.2,47,24,25,15,7,19,46,41.3,27,33,15,18,27,74,19,2
81,Gianluigi Buffon,ITA,GK,Juventus,41,1978,9.0,0,0,0,0,0,0,0,,0,0,0,0,0,0,3,1
82,Fabrizio Cacciatore,ITA,DF,Cagliari,32,1986,12.8,14,4,9,4,1,6,9,66.7,3,10,6,4,16,30,44,0
83,Martín Cáceres,URU,DF,Fiorentina,32,1987,26.2,47,31,34,11,2,16,34,47.1,18,29,13,16,31,78,74,2
84,Felipe Caicedo,ECU,FW,Lazio,30,1988,15.6,17,10,4,7,6,2,11,18.2,9,9,1,8,4,21,2,0
85,Davide Calabria,ITA,DF,Milan,22,1996,18.0,52,33,28,22,2,17,41,41.5,24,23,5,18,21,73,47,1
86,Riccardo Calafiori,ITA,DF,Roma,17,2002,0.7,0,0,0,0,0,0,1,0.0,1,0,0,0,2,2,0,0
87,Mattia Caldara,ITA,DF,Atalanta,25,1994,10.7,21,11,12,8,1,5,11,45.5,6,9,5,4,30,51,22,1
88,Marco Calderoni,ITA,DF,Lecce,30,1989,22.9,38,25,22,13,3,20,39,51.3,19,27,10,17,37,75,54,1
89,Hakan Çalhanoğlu,TUR,MF|FW,Milan,25,1994,30.0,42,21,15,21,6,12,35,34.3,23,26,2,24,26,68,26,1
90,José Callejón,ESP,FW|MF,Napoli,32,1987,24.1,13,9,3,7,3,9,25,36.0,16,15,3,12,10,23,14,1
91,Emre Can,GER,MF,Juventus,25,1994,3.2,10,7,5,3,2,3,10,30.0,7,4,0,4,2,12,3,0
92,Antonio Candreva,ITA,DF,Inter,32,1987,22.1,11,6,9,1,1,7,29,24.1,22,26,10,16,14,25,33,1
93,Gianmarco Cangiano,ITA,FW|MF,Bologna,17,2001,0.2,1,1,0,1,0,0,0,,0,0,0,0,1,2,0,0
94,Gianluca Caprari,ITA,FW|MF,Sampdoria,26,1993,7.4,9,7,1,6,2,4,13,30.8,9,5,0,5,7,16,1,0
95,Gianluca Caprari,ITA,FW|MF,Parma,26,1993,6.5,1,1,0,1,0,0,5,0.0,5,7,2,5,4,5,2,0
96,Francesco Caputo,ITA,FW,Sassuolo,31,1987,32.6,7,4,3,2,2,3,11,27.3,8,15,0,15,1,8,8,0
97,Andrea Carboni,ITA,DF,Cagliari,18,2001,4.1,8,4,3,5,0,3,4,75.0,1,6,6,0,7,15,20,0
98,Francesco Cassata,ITA,MF,Genoa,22,1997,16.2,20,10,12,5,3,9,30,30.0,21,12,2,10,11,31,11,0
99,Timothy Castagne,BEL,DF,Atalanta,23,1995,19.7,31,20,9,16,6,13,25,52.0,12,34,5,29,17,48,23,0
100,Samu Castillejo,ESP,FW|MF,Milan,24,1995,13.4,24,15,10,11,3,9,42,21.4,33,17,2,15,24,48,5,0
101,Lucas Castro,ARG,MF,SPAL,30,1989,4.7,13,5,5,5,3,2,4,50.0,2,4,0,4,2,15,3,0
102,Lucas Castro,ARG,MF,Cagliari,30,1989,6.7,7,3,3,4,0,1,12,8.3,11,6,1,5,8,15,14,0
103,Gaetano Castrovilli,ITA,MF,Fiorentina,22,1997,29.7,59,31,25,23,11,18,53,34.0,35,29,2,27,15,74,31,1
104,Danilo Cataldi,ITA,MF,Lazio,24,1994,6.6,17,11,10,5,2,10,20,50.0,10,7,1,6,13,30,10,0
105,Federico Ceccherini,ITA,DF,Fiorentina,27,1992,9.3,14,8,11,3,0,10,10,100.0,0,9,5,4,13,27,37,1
106,Christian Celesia,ITA,DF,Torino,17,2002,0.0,0,0,0,0,0,0,0,,0,0,0,0,0,0,0,0
107,Luca Ceppitelli,ITA,DF,Cagliari,29,1989,13.8,22,15,16,6,0,6,11,54.5,5,23,17,6,23,45,66,2
108,Alberto Cerri,ITA,FW,SPAL,23,1996,4.7,2,1,0,2,0,1,3,33.3,2,1,0,1,0,2,3,0
109,Alberto Cerri,ITA,FW,Cagliari,23,1996,2.7,3,1,1,0,2,2,6,33.3,4,1,0,1,2,5,4,0
110,Julian Chabot,GER,DF,Sampdoria,21,1998,6.3,11,7,6,5,0,6,11,54.5,5,3,2,1,15,26,26,0
111,Jhon Chancellor,VEN,DF,Brescia,27,1992,24.9,30,14,22,8,0,11,22,50.0,11,34,29,5,34,64,145,3
112,Giorgio Chiellini,ITA,DF,Juventus,34,1984,2.2,3,0,3,0,0,1,1,100.0,0,2,2,0,1,4,9,0
113,Federico Chiesa,ITA,FW|DF,Fiorentina,21,1997,29.3,38,22,13,15,10,10,52,19.2,42,19,0,19,6,44,6,0
114,Vlad Chiricheș,ROU,DF,Sassuolo,29,1989,7.9,14,9,12,2,0,7,10,70.0,3,13,8,5,11,25,28,2
115,Luca Cigarini,ITA,MF,Cagliari,33,1986,17.8,37,20,23,13,1,16,40,40.0,24,28,10,18,20,57,29,0
116,Thiago Cionek,POL,DF,SPAL,33,1986,24.1,53,32,36,12,5,22,53,41.5,31,30,11,19,46,99,91,2
117,Andrea Cistana,ITA,DF,Brescia,22,1997,20.4,20,8,13,7,0,6,17,35.3,11,38,34,4,33,53,96,1
118,Denilho Cleonise,NED,FW,Genoa,17,2001,0.5,1,0,1,0,0,0,0,,0,0,0,0,1,2,0,0
119,Ebrima Colley,GAM,FW,Atalanta,19,2000,0.9,2,1,1,0,1,1,2,50.0,1,1,0,1,1,3,0,0
120,Omar Colley,GAM,DF,Sampdoria,26,1992,30.8,42,26,27,14,1,12,24,50.0,12,33,22,11,59,101,155,1
121,Simone Colombi,ITA,GK,Parma,28,1991,4.0,0,0,0,0,0,0,0,,0,0,0,0,0,0,1,0
122,Lorenzo Colombo,ITA,FW,Milan,17,2002,0.1,0,0,0,0,0,0,0,,0,0,0,0,0,0,0,0
123,Andrea Consigli,ITA,GK,Sassuolo,32,1987,31.0,0,0,0,0,0,0,1,0.0,1,0,0,0,4,4,19,2
124,Andrea Conti,ITA,DF,Milan,25,1994,19.2,41,25,23,15,3,21,49,42.9,28,21,8,13,43,84,42,1
125,Gabriele Corbo,ITA,DF,Bologna,19,2000,1.4,1,1,1,0,0,0,3,0.0,3,2,2,0,4,5,5,0
126,Andreas Cornelius,DEN,FW,Parma,26,1993,16.6,9,4,2,5,2,4,11,36.4,7,7,0,7,2,11,26,0
127,Joaquín Correa,ARG,FW,Lazio,24,1994,22.2,13,7,3,7,3,5,24,20.8,19,5,1,4,7,20,10,0
128,Douglas Costa,BRA,FW|MF,Juventus,28,1990,8.9,2,1,1,1,0,1,12,8.3,11,7,0,7,5,7,5,0
129,Angelo da Costa Júnior,BRA,GK,Bologna,35,1983,1.0,0,0,0,0,0,0,0,,0,0,0,0,0,0,0,0
130,Alessio Cragno,ITA,GK,Cagliari,25,1994,16.0,0,0,0,0,0,0,0,,0,0,0,0,0,0,10,0
131,Domenico Criscito,ITA,DF,Genoa,32,1986,22.8,53,33,34,12,7,24,56,42.9,32,25,13,12,53,106,81,1
132,Bryan Cristante,ITA,MF,Roma,24,1995,18.0,25,15,6,14,5,8,27,29.6,19,13,4,9,22,47,23,0
133,Sebastián Cristóforo,URU,MF,Fiorentina,25,1993,1.0,5,5,2,2,1,1,5,20.0,4,2,1,1,1,6,0,0
134,Juan Cuadrado,COL,DF|FW,Juventus,31,1988,29.5,67,43,32,28,7,35,62,56.5,27,22,8,14,35,102,47,0
135,Jaume Cuéllar,BOL,MF|FW,SPAL,17,2001,0.8,1,0,0,0,1,0,1,0.0,1,0,0,0,0,1,0,0
136,Felipe Curcio,BRA,DF,Brescia,25,1993,0.1,0,0,0,0,0,0,0,,0,0,0,0,0,0,0,0
137,Patrick Cutrone,ITA,FW,Fiorentina,21,1998,9.3,4,2,2,1,1,1,15,6.7,14,6,1,5,2,6,6,0
138,Lennart-Marten Czyborra,GER,DF,Atalanta,20,1999,0.2,0,0,0,0,0,0,0,,0,2,0,2,0,0,0,0
139,Marco D'Alessandro,ITA,MF|DF,SPAL,28,1991,8.7,11,8,5,3,3,5,8,62.5,3,11,0,11,5,16,6,0
140,Danilo D'Ambrosio,ITA,DF,Inter,30,1988,15.6,30,16,16,12,2,16,33,48.5,17,15,4,11,14,44,25,0
141,Felice D'Amico,ITA,MF,Sampdoria,18,2000,0.0,1,1,0,0,1,0,0,,0,0,0,0,0,1,0,0
142,Jacopo Da Riva,ITA,MF,Atalanta,18,2000,0.0,0,0,0,0,0,0,0,,0,0,0,0,0,0,0,0
143,Bryan Dabo,BFA,MF,SPAL,27,1992,12.5,18,10,13,4,1,5,15,33.3,10,13,2,11,9,27,14,0
144,Felipe dal Belo,BRA,DF,SPAL,35,1984,11.1,13,6,9,4,0,9,15,60.0,6,14,12,2,9,22,30,0
145,Christian Dalle Mura,ITA,FW,Fiorentina,17,2002,0.0,0,0,0,0,0,0,0,,0,0,0,0,0,0,0,0
146,Danilo,BRA,DF,Juventus,28,1991,16.0,30,20,16,12,2,18,30,60.0,12,12,3,9,26,56,44,0
147,Andrea Danzi,ITA,MF,Hellas Verona,20,1999,0.0,0,0,0,0,0,0,0,,0,0,0,0,0,0,0,0
148,Matteo Darmian,ITA,DF,Parma,29,1989,29.8,81,42,48,30,3,40,83,48.2,43,38,16,22,25,106,78,1
149,Paweł Dawidowicz,POL,DF,Hellas Verona,24,1995,7.7,15,12,11,4,0,5,11,45.5,6,6,5,1,12,27,26,0
150,Sebastien De Maio,FRA,DF,Udinese,32,1987,16.7,18,11,11,7,0,7,11,63.6,4,28,20,8,32,50,86,2
151,Rodrigo De Paul,ARG,MF,Udinese,25,1994,31.4,61,31,31,26,4,27,65,41.5,38,38,3,35,29,90,8,1
152,Mattia De Sciglio,ITA,DF,Juventus,26,1992,5.2,10,8,6,4,0,6,14,42.9,8,5,2,3,8,18,18,1
153,Lorenzo De Silvestri,ITA,DF,Torino,31,1988,24.9,15,8,4,7,4,11,27,40.7,16,20,7,13,19,34,72,0
154,Grégoire Defrel,MTQ,FW|MF,Sassuolo,28,1991,10.9,12,8,4,6,2,4,15,26.7,11,9,0,9,3,15,5,0
155,Alessandro Deiola,ITA,MF,Cagliari,23,1995,0.0,0,0,0,0,0,0,0,,0,0,0,0,1,1,0,0
156,Alessandro Deiola,ITA,MF,Lecce,23,1995,8.0,16,9,9,7,0,9,24,37.5,15,12,4,8,8,24,14,1
157,Cristian Dell'Orco,ITA,DF,Lecce,25,1994,11.2,22,12,14,7,1,8,14,57.1,6,11,7,4,16,38,33,0
158,Merih Demiral,TUR,DF,Juventus,21,1998,4.6,8,7,5,3,0,1,3,33.3,2,4,3,1,4,12,16,1
159,Diego Demme,GER,MF,Napoli,27,1991,10.0,18,8,14,3,1,8,23,34.8,15,9,1,8,8,26,9,0
160,Stefano Denswil,NED,DF,Bologna,26,1993,24.9,49,28,29,19,1,26,44,59.1,18,23,8,15,31,80,68,0
161,Fabio Depaoli,ITA,MF|DF,Sampdoria,22,1997,20.6,41,28,26,10,5,17,31,54.8,14,29,3,26,16,57,39,0
162,Kastriot Dermaku,ALB,DF,Parma,27,1992,11.4,13,5,10,3,0,3,5,60.0,2,20,16,4,12,25,61,1
163,Daniele Dessena,ITA,MF,Brescia,32,1987,20.8,21,11,5,14,2,6,25,24.0,19,11,1,10,11,32,21,0
164,Mattia Destro,ITA,FW,Bologna,28,1991,2.1,3,2,1,2,0,1,3,33.3,2,1,0,1,0,3,0,0
165,Mattia Destro,ITA,FW|MF,Genoa,28,1991,1.7,0,0,0,0,0,0,0,,0,0,0,0,0,0,1,0
166,Samuel Di Carmine,ITA,FW|MF,Hellas Verona,30,1988,14.4,2,1,0,0,2,0,8,0.0,8,3,0,3,1,3,10,0
167,Federico Di Francesco,ITA,FW,SPAL,25,1994,12.0,11,5,2,6,3,3,15,20.0,12,9,1,8,3,14,2,1
168,Giovanni Di Lorenzo,ITA,DF,Napoli,25,1993,33.0,59,35,27,19,13,32,61,52.5,29,27,11,16,28,87,54,0
169,Amad Diallo,CIV,FW,Atalanta,17,2002,0.3,1,1,0,1,0,0,0,,0,0,0,0,0,1,0,0
170,Amadou Diawara,GUI,MF,Roma,22,1997,16.9,40,25,14,20,6,8,30,26.7,22,10,1,9,33,73,16,2
171,Mitchell Dijks,NED,DF,Bologna,26,1993,11.2,13,10,6,5,2,8,12,66.7,4,5,1,4,10,23,23,0
172,Federico Dimarco,ITA,DF,Hellas Verona,21,1997,5.8,11,5,4,4,3,6,10,60.0,4,3,2,1,4,15,11,0
173,Federico Dimarco,ITA,DF,Inter,21,1997,0.3,1,0,0,1,0,0,0,,0,0,0,0,1,2,1,0
174,Koffi Djidji,CIV,DF,Torino,26,1992,9.5,27,12,19,8,0,8,18,44.4,10,28,23,5,15,42,53,1
175,Berat Djimsiti,ALB,DF,Atalanta,26,1993,30.9,42,23,17,23,2,22,39,56.4,17,21,14,7,49,91,92,0
176,Nicolás Domínguez,ARG,MF,Bologna,21,1998,7.8,21,14,15,5,1,7,18,38.9,11,12,2,10,12,33,7,0
177,Giulio Donati,ITA,DF,Lecce,29,1990,19.6,32,21,22,8,2,15,28,53.6,13,19,10,9,25,57,42,0
178,Alfredo Donnarumma,ITA,FW,Brescia,28,1990,18.7,17,9,3,9,5,6,18,33.3,12,7,0,7,5,22,1,0
179,Gianluigi Donnarumma,ITA,GK,Milan,20,1999,35.6,1,0,1,0,0,1,2,50.0,1,0,0,0,3,4,25,7
180,Bartłomiej Drągowski,POL,GK,Fiorentina,21,1997,31.0,0,0,0,0,0,0,1,0.0,1,0,0,0,3,3,8,1
181,Léo Duarte,BRA,DF,Milan,23,1996,4.5,4,3,0,3,1,1,4,25.0,3,9,6,3,3,7,9,0
182,Edgaras Dubickas,LTU,DF,Lecce,21,1998,0.0,0,0,0,0,0,0,0,,0,0,0,0,0,0,0,0
183,Alfred Duncan,GHA,MF,Fiorentina,26,1993,9.9,12,9,11,1,0,2,19,10.5,17,4,0,4,5,17,12,0
184,Alfred Duncan,GHA,MF,Sassuolo,26,1993,9.4,19,12,8,7,4,6,16,37.5,10,7,0,7,9,28,13,0
185,Paulo Dybala,ARG,FW|MF,Juventus,25,1993,23.9,19,10,6,9,4,9,39,23.1,30,15,0,15,13,32,3,0
186,Edin Džeko,BIH,FW,Roma,33,1986,31.7,16,11,2,7,7,2,13,15.4,11,11,4,7,6,22,33,0
187,Blerim Džemaili,SUI,MF,Bologna,33,1986,7.8,19,12,3,13,3,4,22,18.2,18,9,3,6,7,26,6,0
188,Simone Edera,ITA,MF|FW,Torino,22,1997,4.4,13,5,3,7,3,2,12,16.7,10,1,0,1,1,14,3,0
189,Albin Ekdal,SWE,MF,Sampdoria,30,1989,26.5,51,25,18,31,2,24,68,35.3,44,35,14,21,33,84,46,1
190,Elif Elmas,MKD,MF,Napoli,19,1999,12.6,16,7,5,6,5,5,20,25.0,15,11,1,10,11,27,4,0
191,Alan Empereur,BRA,DF,Hellas Verona,25,1994,9.5,16,8,11,4,1,6,10,60.0,4,19,12,7,22,38,36,0
192,Christian Eriksen,DEN,MF,Inter,27,1992,7.8,11,6,2,8,1,5,20,25.0,15,3,0,3,0,11,0,0
193,Sebastiano Esposito,ITA,FW,Inter,17,2002,2.2,3,2,0,2,1,0,5,0.0,5,3,0,3,3,6,1,0
194,Valentin Eysseric,FRA,MF|FW,Hellas Verona,27,1992,3.9,4,4,1,2,1,0,4,0.0,4,3,0,3,1,5,2,0
195,Valentin Eysseric,FRA,FW|MF,Fiorentina,27,1992,0.5,0,0,0,0,0,0,0,,0,1,0,1,0,0,0,0
196,Luca Falbo,ITA,DF,Lazio,19,2000,0.0,0,0,0,0,0,0,0,,0,0,0,0,0,0,0,0
197,Filippo Falco,ITA,FW|MF,Lecce,27,1992,22.4,13,7,4,5,4,5,18,27.8,13,11,1,10,2,15,1,0
198,Wladimiro Falcone,ITA,GK,Sampdoria,24,1995,2.0,0,0,0,0,0,0,0,,0,0,0,0,0,0,0,0
199,Iago Falque,ESP,FW|MF,Torino,29,1990,1.1,0,0,0,0,0,0,1,0.0,1,1,0,1,0,0,0,0
200,Iago Falque,ESP,MF,Genoa,29,1990,5.8,7,3,1,4,2,4,8,50.0,4,7,0,7,1,8,4,0
201,Andri Fannar Baldursson,ISL,MF,Bologna,17,2002,1.6,1,0,0,1,0,0,1,0.0,1,2,0,2,1,2,3,0
202,Paolo Faragò,ITA,DF|MF,Cagliari,26,1993,14.9,41,28,21,15,5,23,46,50.0,23,18,9,9,10,51,58,0
203,Davide Faraoni,ITA,DF,Hellas Verona,27,1991,35.9,67,37,43,19,5,30,67,44.8,37,50,15,35,36,103,115,0
204,Mohamed Fares,ALG,DF|MF,SPAL,23,1996,4.7,6,4,3,2,1,2,10,20.0,8,5,3,2,5,11,8,0
205,Diego Farias,BRA,MF|FW,Lecce,29,1990,9.2,9,6,3,5,1,5,18,27.8,13,7,0,7,4,13,4,0
206,Andrea Favilli,ITA,FW,Genoa,22,1997,7.3,8,7,2,3,3,4,11,36.4,7,5,1,4,0,8,7,0
207,Federico Fazio,ARG,DF,Roma,32,1987,13.5,19,11,12,6,1,6,11,54.5,5,8,6,2,19,38,52,0
208,Luiz Felipe,ITA,DF,Lazio,22,1997,22.5,42,24,24,15,3,19,32,59.4,13,39,30,9,41,83,69,2
209,Lucas Felippe,BRA,MF|DF,Hellas Verona,19,2000,0.3,1,1,1,0,0,1,1,100.0,0,0,0,0,0,1,0,0
210,Alex Ferrari,ITA,DF,Sampdoria,25,1994,11.2,18,13,13,5,0,7,12,58.3,5,13,8,5,12,30,31,0
211,Sergio Floccari,ITA,FW,SPAL,37,1981,10.5,8,3,3,1,4,0,13,0.0,13,9,1,8,5,13,1,0
212,Alessandro Florenzi,ITA,DF|FW,Roma,28,1991,11.1,14,11,8,4,2,7,20,35.0,13,9,3,6,16,30,19,0
213,Seko Fofana,CIV,MF,Udinese,24,1995,25.0,17,12,8,8,1,9,35,25.7,26,20,1,19,17,34,19,0
214,Gianluca Frabotta,ITA,DF,Juventus,20,1999,1.0,3,1,0,2,1,2,2,100.0,0,2,0,2,1,4,2,0
215,Remo Freuler,SUI,MF,Atalanta,27,1992,26.0,51,30,18,25,8,22,63,34.9,41,41,6,35,28,79,26,0
216,Daniel Fuzato,BRA,GK,Roma,22,1997,1.0,0,0,0,0,0,0,0,,0,0,0,0,0,0,0,0
217,Matteo Gabbia,ITA,DF,Milan,19,1999,7.6,7,5,5,2,0,5,8,62.5,3,6,6,0,9,16,21,0
218,Manolo Gabbiadini,ITA,FW,Sampdoria,27,1991,22.6,9,7,2,3,4,1,7,14.3,6,12,0,12,10,19,11,0
219,Gabriel,BRA,GK,Lecce,26,1992,33.3,2,1,2,0,0,2,3,66.7,1,0,0,0,0,2,11,10
220,Luca Gagliano,ITA,FW,Cagliari,19,2000,0.6,0,0,0,0,0,0,0,,0,0,0,0,1,1,0,0
221,Roberto Gagliardini,ITA,MF,Inter,25,1994,20.0,38,19,12,18,8,14,41,34.1,27,28,8,20,30,68,20,1
222,Riccardo Gagliolo,SWE,DF,Parma,29,1990,28.9,57,32,37,12,8,30,60,50.0,30,35,18,17,53,110,100,0
223,Daniele Gastaldello,ITA,DF,Brescia,36,1983,4.3,8,5,5,3,0,2,3,66.7,1,6,3,3,5,13,29,1
224,Gervinho,CIV,FW,Parma,32,1987,25.2,12,6,5,6,1,6,17,35.3,11,4,0,4,5,17,3,0
225,Rachid Ghezzal,ALG,MF|FW,Fiorentina,27,1992,9.2,27,15,14,10,3,10,33,30.3,23,6,0,6,11,38,9,0
226,Andrea Ghezzi,ITA,FW|MF,Brescia,18,2001,0.4,2,0,0,1,1,1,1,100.0,0,0,0,0,0,2,0,0
227,Paolo Ghiglione,ITA,DF|FW,Genoa,22,1997,19.1,31,16,15,13,3,18,35,51.4,17,17,2,15,9,40,42,1
228,Andrea Ghion,ITA,FW|MF,Sassuolo,19,2000,0.5,3,1,1,2,0,1,1,100.0,0,0,0,0,0,3,0,0
229,Faouzi Ghoulam,ALG,DF,Napoli,28,1991,4.2,6,4,1,4,1,2,5,40.0,3,3,2,1,4,10,8,0
230,Diego Godín,URU,DF,Inter,33,1986,18.1,38,29,19,16,3,18,32,56.3,14,17,7,10,45,83,60,1
231,Edoardo Goldaniga,ITA,DF,Genoa,25,1993,8.7,4,3,3,1,0,2,5,40.0,3,11,6,5,18,22,25,1
232,Pierluigi Gollini,ITA,GK,Atalanta,24,1995,32.0,0,0,0,0,0,0,2,0.0,2,0,0,0,0,0,13,2
233,Papu Gómez,ARG,MF|FW,Atalanta,31,1988,31.6,27,13,5,13,9,13,45,28.9,32,24,0,24,17,44,6,1
234,Robin Gosens,GER,DF,Atalanta,25,1994,29.1,53,27,19,26,8,23,51,45.1,28,38,10,28,39,92,40,0
235,Alberto Grassi,ITA,MF,Parma,24,1995,7.1,10,4,7,3,0,5,13,38.5,8,5,2,3,19,29,9,1
236,Sinan Gümüş,TUR,FW|MF,Genoa,25,1994,1.1,0,0,0,0,0,0,4,0.0,4,0,0,0,0,0,1,0
237,Koray Günter,GER,DF,Hellas Verona,24,1994,30.4,39,25,22,15,2,19,29,65.5,10,45,39,6,55,94,131,1
238,Samir Handanović,SVN,GK,Inter,35,1984,35.0,1,1,1,0,0,0,1,0.0,1,0,0,0,0,1,8,3
239,Lukáš Haraslín,SVK,FW,Sassuolo,23,1996,4.3,5,2,1,3,1,2,9,22.2,7,5,0,5,4,9,1,0
240,Hans Hateboer,NED,DF,Atalanta,25,1994,26.2,36,23,20,9,7,18,38,47.4,20,22,7,15,10,46,32,1
241,Liam Henderson,SCO,MF,Hellas Verona,23,1996,2.2,3,2,0,3,0,2,3,66.7,1,1,0,1,0,3,4,0
242,Dalbert Henrique,BRA,DF|MF,Fiorentina,25,1993,27.6,52,25,35,12,5,18,51,35.3,33,34,4,30,19,71,65,0
243,Theo Hernández,FRA,DF,Milan,21,1997,31.3,56,39,32,18,6,33,53,62.3,20,34,6,28,43,99,62,2
244,Hernani,BRA,MF,Parma,25,1994,26.9,61,31,25,31,5,30,112,26.8,82,53,11,42,50,111,51,1
245,Gonzalo Higuaín,ARG,FW,Juventus,31,1987,20.7,13,7,2,6,5,4,31,12.9,27,12,0,12,6,19,14,0
246,Krisztofer Horváth,HUN,FW|DF,SPAL,17,2002,0.5,1,1,0,1,0,0,0,,0,0,0,0,0,1,0,0
247,Elseid Hysaj,ALB,DF,Napoli,25,1994,16.5,18,9,13,4,1,12,26,46.2,14,16,3,13,24,42,26,0
248,Simone Iacoponi,ITA,DF,Parma,32,1987,33.9,49,25,36,12,1,26,42,61.9,16,37,29,8,35,84,140,2
249,Roger Ibanez,BRA,DF,Roma,20,1998,6.8,11,8,6,3,2,5,7,71.4,2,9,6,3,18,29,21,1
250,Zlatan Ibrahimović,SWE,FW,Milan,37,1981,15.1,5,1,0,2,3,1,13,7.7,12,4,3,1,5,10,21,0
251,Igor,BRA,DF,SPAL,21,1998,14.9,24,16,13,10,1,14,20,70.0,6,17,9,8,24,48,37,1
252,Igor,BRA,DF,Fiorentina,21,1998,6.8,12,10,8,2,2,6,7,85.7,1,10,4,6,7,19,16,0
253,Josip Iličić,SVN,FW|MF,Atalanta,31,1988,18.5,26,19,7,10,9,7,28,25.0,21,9,0,9,9,35,4,0
254,Giannelli Imbula,COD,MF,Lecce,26,1992,1.4,2,0,2,0,0,0,1,0.0,1,4,1,3,2,4,0,0
255,Ciro Immobile,ITA,FW,Lazio,29,1990,35.2,8,6,2,4,2,0,24,0.0,24,10,2,8,11,19,7,0
256,Roberto Inglese,ITA,FW,Parma,27,1991,8.5,9,6,2,2,5,2,10,20.0,8,8,2,6,2,11,1,0
257,Lorenzo Insigne,ITA,FW|MF,Napoli,28,1991,31.2,21,15,6,8,7,6,35,17.1,29,13,0,13,30,51,4,1
258,Artur Ioniță,MDA,MF,Cagliari,28,1990,21.1,38,23,12,22,4,12,37,32.4,25,32,10,22,18,56,24,2
259,Jakub Iskra,POL,DF,SPAL,16,2002,0.9,0,0,0,0,0,0,0,,0,0,0,0,1,1,2,0
260,Armando Izzo,ITA,DF,Torino,27,1992,29.8,42,24,24,14,4,17,35,48.6,18,44,29,15,71,113,121,1
261,Filip Jagiełło,POL,MF,Genoa,21,1997,6.1,7,2,0,3,4,3,7,42.9,4,4,0,4,5,12,4,0
262,Mato Jajalo,BIH,MF,Udinese,31,1988,18.3,44,19,19,22,3,14,38,36.8,24,20,7,13,19,63,19,2
263,Marko Janković,MNE,FW|DF,SPAL,24,1995,1.3,2,1,0,0,2,1,2,50.0,1,2,1,1,0,2,0,0
264,Jakub Jankto,CZE,MF|FW,Sampdoria,23,1996,23.3,27,13,14,10,3,10,42,23.8,32,30,3,27,22,49,22,0
265,Juan Jesus,BRA,DF,Roma,28,1991,1.5,2,1,2,0,0,0,3,0.0,3,1,0,1,1,3,7,0
266,Jony,ESP,DF|FW,Lazio,28,1991,13.1,13,9,7,4,2,5,23,21.7,18,11,2,9,14,27,17,0
267,Jesse Joronen,FIN,GK,Brescia,26,1993,29.0,3,1,3,0,0,3,3,100.0,0,0,0,0,6,9,22,0
268,Hamed Junior Traorè,CIV,MF|FW,Sassuolo,19,2000,17.4,31,15,10,15,6,14,39,35.9,25,22,1,21,11,42,7,0
269,Musa Juwara,GAM,FW|MF,Bologna,17,2001,1.7,4,2,1,1,2,1,5,20.0,4,2,1,1,0,4,1,0
270,Nikola Kalinić,CRO,FW,Roma,31,1988,6.3,2,1,0,2,0,0,0,,0,2,0,2,1,3,1,0
271,Yann Karamoh,FRA,FW|MF,Parma,21,1998,6.4,10,7,5,4,1,3,9,33.3,6,5,0,5,2,12,3,0
272,Franck Kessié,CIV,MF,Milan,22,1996,32.3,54,29,28,18,8,16,52,30.8,36,34,5,29,34,88,32,2
273,Sami Khedira,GER,MF,Juventus,32,1987,7.6,14,7,3,8,3,4,19,21.1,15,12,1,11,3,17,13,0
274,Simon Kjær,DEN,DF,Atalanta,30,1989,3.2,9,6,1,8,0,3,4,75.0,1,5,4,1,7,16,10,1
275,Simon Kjær,DEN,DF,Milan,30,1989,13.8,22,13,17,5,0,10,18,55.6,8,20,16,4,15,37,52,0
276,Ragnar Klavan,EST,DF,Cagliari,33,1985,26.2,29,16,20,9,0,14,28,50.0,14,29,19,10,25,54,118,1
277,Justin Kluivert,NED,FW,Roma,20,1999,16.8,17,11,4,8,5,7,16,43.8,9,15,0,15,6,23,7,0
278,Aleksandar Kolarov,SRB,DF,Roma,33,1985,30.4,37,28,16,16,5,20,37,54.1,17,20,9,11,31,68,57,0
279,Christian Kouamé,CIV,FW|MF,Fiorentina,21,1997,3.3,3,2,0,3,0,0,1,0.0,1,5,1,4,1,4,1,0
280,Christian Kouamé,CIV,FW,Genoa,21,1997,10.2,2,1,0,1,1,0,8,0.0,8,8,2,6,1,3,13,0
281,Kalidou Koulibaly,SEN,DF,Napoli,28,1991,23.4,51,33,30,17,4,17,28,60.7,11,28,16,12,31,82,61,1
282,Ladislav Krejčí,CZE,DF,Bologna,27,1992,11.7,15,10,6,7,2,9,19,47.4,10,7,4,3,10,25,23,0
283,Rade Krunić,BIH,MF|FW,Milan,25,1993,6.0,16,8,8,5,3,9,16,56.3,7,5,0,5,9,25,5,0
284,Juraj Kucka,SVK,MF|FW,Parma,32,1987,21.5,43,22,21,16,6,14,61,23.0,47,21,4,17,29,72,36,0
285,Dejan Kulusevski,SWE,FW|MF,Parma,19,2000,32.6,41,21,10,24,7,19,64,29.7,45,25,1,24,23,64,17,0
286,Marash Kumbulla,ALB,DF,Hellas Verona,19,2000,21.7,40,24,21,17,2,19,36,52.8,17,33,24,9,50,90,86,3
287,Jasmin Kurtić,SVN,MF,SPAL,30,1989,15.7,20,7,8,8,4,6,27,22.2,21,14,2,12,10,30,20,1
288,Jasmin Kurtić,SVN,MF|FW,Parma,30,1989,18.5,32,23,19,10,3,13,35,37.1,22,19,5,14,15,47,27,2
289,Giorgos Kyriakopoulos,GRE,DF,Sassuolo,23,1996,18.3,35,18,22,7,6,18,32,56.3,14,19,6,13,18,53,41,0
290,Antonino La Gumina,ITA,FW,Sampdoria,23,1996,2.1,0,0,0,0,0,0,0,,0,0,0,0,0,0,1,0
291,Andrea La Mantia,ITA,FW,Lecce,28,1991,6.1,1,0,1,0,0,1,5,20.0,4,3,0,3,7,8,11,0
292,Riccardo Ladinetti,ITA,MF,Cagliari,18,2000,1.4,2,2,0,2,0,1,1,100.0,0,0,0,0,4,6,0,1
293,Gianluca Lapadula,PER,FW,Lecce,29,1990,19.8,15,8,6,8,1,5,16,31.3,11,2,0,2,1,16,14,0
294,Danilo Larangeira,BRA,DF,Bologna,35,1984,29.3,34,17,19,15,0,16,28,57.1,12,54,39,15,30,64,99,0
295,Kevin Lasagna,ITA,FW,Udinese,26,1992,28.5,27,14,7,13,7,6,31,19.4,25,23,1,22,10,37,18,1
296,Vincent Laurini,FRA,DF,Parma,30,1989,9.8,26,22,11,11,4,14,18,77.8,4,10,3,7,11,37,29,0
297,Diego Laxalt,URU,DF|MF,Torino,26,1993,6.6,19,10,10,6,3,6,20,30.0,14,12,4,8,6,25,20,0
298,Diego Laxalt,URU,DF,Milan,26,1993,1.9,3,3,3,0,0,1,3,33.3,2,4,0,4,0,3,3,0
299,Valentino Lazaro,AUT,DF,Inter,23,1996,3.6,6,5,3,2,1,4,8,50.0,4,5,0,5,1,7,8,1
300,Darko Lazović,SRB,DF,Hellas Verona,28,1990,36.0,26,16,14,8,4,14,27,51.9,13,15,4,11,23,49,53,0
301,Manuel Lazzari,ITA,DF,Lazio,25,1993,28.3,20,11,10,7,3,10,31,32.3,21,11,1,10,8,28,34,0
302,Rafael Leão,POR,FW,Milan,20,1999,15.6,7,4,2,5,0,3,9,33.3,6,4,0,4,0,7,5,0
303,Lucas Leiva,BRA,MF,Lazio,32,1987,20.1,60,35,25,31,4,28,72,38.9,44,29,6,23,47,107,34,1
304,Lukas Lerager,DEN,MF,Genoa,26,1993,15.4,29,19,13,12,4,10,34,29.4,24,20,5,15,8,37,15,1
305,Mehdi Léris,ALG,MF|FW,Sampdoria,21,1998,5.7,13,11,4,2,7,7,19,36.8,12,12,4,8,6,19,6,0
306,Karlo Letica,CRO,GK,SPAL,22,1997,10.0,0,0,0,0,0,0,2,0.0,2,0,0,0,0,0,4,3
307,Matthijs de Ligt,NED,DF,Juventus,19,1999,27.2,25,15,14,10,1,13,23,56.5,10,30,23,7,25,50,101,2
308,Anderson Lima,BRA,MF|DF,Lazio,19,1999,0.7,4,0,3,1,0,1,1,100.0,0,4,0,4,0,4,0,0
309,Karol Linetty,POL,MF,Sampdoria,24,1995,22.4,61,32,24,25,12,21,65,32.3,44,26,3,23,26,87,17,0
310,Pol Lirola,ESP,DF,Fiorentina,21,1997,29.4,34,20,18,10,6,21,38,55.3,17,16,4,12,26,60,52,0
311,Fernando Llorente,ESP,FW,Napoli,34,1985,5.6,0,0,0,0,0,0,1,0.0,1,4,0,4,1,1,3,0
312,Stanislav Lobotka,SVK,MF,Napoli,24,1994,8.4,11,9,3,5,3,5,12,41.7,7,3,1,2,9,20,2,0
313,Manuel Locatelli,ITA,MF,Sassuolo,21,1998,28.7,76,50,35,37,4,33,69,47.8,36,42,14,28,33,109,36,0
314,Pau López,ESP,GK,Roma,24,1994,32.0,1,0,1,0,0,1,5,20.0,4,0,0,0,1,2,10,3
315,Matteo Lovato,ITA,DF,Hellas Verona,19,2000,0.1,0,0,0,0,0,0,0,,0,0,0,0,0,0,1,0
316,Hirving Lozano,MEX,FW|MF,Napoli,24,1995,11.4,6,4,1,5,0,2,15,13.3,13,13,0,13,5,11,5,0
317,Fabio Lucioni,ITA,DF,Lecce,31,1987,34.8,29,13,20,9,0,14,32,43.8,18,48,38,10,36,65,169,5
318,José Luis Palomino,ARG,DF,Atalanta,29,1990,27.6,81,44,46,33,2,28,54,51.9,26,39,14,25,61,142,74,2
319,Jordan Lukaku,BEL,DF,Lazio,25,1994,4.4,4,2,1,1,2,2,4,50.0,2,2,1,1,0,4,9,0
320,Romelu Lukaku,BEL,FW,Inter,26,1993,33.1,13,7,4,7,2,3,10,30.0,7,14,6,8,1,14,28,0
321,Saša Lukić,SRB,MF,Torino,22,1996,20.7,29,17,8,19,2,10,35,28.6,25,21,7,14,29,58,15,0
322,Senad Lulić,BIH,DF,Lazio,33,1986,17.5,21,13,10,7,4,11,41,26.8,30,20,4,16,21,42,28,1
323,Sebastiano Luperto,ITA,DF,Napoli,22,1996,5.9,12,9,7,3,2,6,9,66.7,3,5,3,2,6,18,16,0
324,Lyanco,BRA,DF,Torino,22,1997,13.1,23,13,9,12,2,7,13,53.8,6,29,19,10,23,46,54,2
325,Charalambos Lykogiannis,GRE,DF,Cagliari,25,1993,14.9,14,9,9,3,2,7,18,38.9,11,25,9,16,23,37,71,0
326,Francesco Magnanelli,ITA,MF,Sassuolo,34,1984,15.5,25,13,9,12,4,11,35,31.4,24,12,6,6,19,44,23,1
327,Giangiacomo Magnani,ITA,DF,Brescia,23,1995,1.3,0,0,0,0,0,0,1,0.0,1,2,2,0,2,2,6,0
328,Giangiacomo Magnani,ITA,DF,Sassuolo,23,1995,1.6,0,0,0,0,0,0,0,,0,2,1,1,2,2,7,0
329,Žan Majer,SVN,MF,Lecce,27,1992,18.5,39,18,19,12,8,17,56,30.4,39,27,6,21,26,65,18,1
330,Nikola Maksimović,SRB,DF,Napoli,27,1991,20.0,35,24,21,14,0,10,21,47.6,11,19,11,8,30,65,64,1
331,Kévin Malcuit,MAR,DF,Napoli,28,1991,2.8,8,6,4,3,1,5,6,83.3,1,4,1,3,3,11,2,0
332,Daniel Maldini,ITA,FW|MF,Milan,17,2001,0.3,0,0,0,0,0,0,2,0.0,2,1,0,1,1,1,0,0
333,Ruslan Malinovskyi,UKR,MF|FW,Atalanta,26,1993,17.1,22,14,2,17,3,9,31,29.0,22,13,2,11,5,27,5,0
334,Gianluca Mancini,ITA,DF|MF,Roma,23,1996,30.4,49,26,26,18,5,22,44,50.0,22,32,15,17,60,109,98,1
335,Marco Mancosu,ITA,MF|FW,Lecce,30,1988,27.1,32,18,11,16,5,10,46,21.7,36,34,9,25,16,48,15,1
336,Rolando Mandragora,ITA,MF,Udinese,22,1997,22.8,47,24,15,25,7,15,55,27.3,40,30,5,25,26,73,25,0
337,Massimiliano Mangraviti,ITA,DF,Brescia,21,1998,10.8,8,6,1,6,1,3,6,50.0,3,11,6,5,8,16,43,0
338,Kostas Manolas,GRE,DF,Napoli,28,1991,24.2,23,15,13,10,0,10,17,58.8,7,19,14,5,25,48,76,1
339,Giacomo Manzari,ITA,FW|MF,Sassuolo,18,2000,0.2,0,0,0,0,0,0,0,,0,0,0,0,0,0,0,0
340,Gian Marco Ferrari,ITA,DF,Sassuolo,27,1992,21.1,9,5,6,3,0,4,8,50.0,4,25,22,3,26,35,41,1
341,Federico Marigosu,ITA,MF,Cagliari,18,2001,0.3,0,0,0,0,0,0,0,,0,0,0,0,0,0,1,0
342,Marlon,BRA,DF,Sassuolo,23,1995,20.2,40,23,24,15,1,17,27,63.0,10,20,13,7,35,75,69,0
343,Gonzalo Maroni,ARG,MF|FW,Sampdoria,20,1999,2.0,3,1,1,1,1,3,7,42.9,4,1,0,1,3,6,0,0
344,Bruno Martella,ITA,DF,Brescia,26,1992,14.1,18,9,14,3,1,9,16,56.3,7,13,7,6,17,35,48,1
345,Lautaro Martínez,ARG,FW,Inter,21,1997,27.2,22,7,2,8,12,4,34,11.8,30,30,2,28,15,37,11,0
346,Adam Marušić,MNE,DF,Lazio,26,1992,10.5,11,6,7,4,0,4,11,36.4,7,14,2,12,14,25,16,0
347,Andrea Masiello,ITA,DF,Genoa,33,1986,14.7,26,15,17,8,1,16,32,50.0,16,8,2,6,26,52,55,2
348,Andrea Masiello,ITA,DF,Atalanta,33,1986,6.0,11,4,6,4,1,7,14,50.0,7,6,4,2,10,21,13,0
349,Aleš Matějů,CZE,DF,Brescia,23,1996,28.3,48,27,33,9,6,23,45,51.1,22,41,24,17,37,85,109,3
350,Alessandro Matri,ITA,FW|MF,Brescia,34,1984,1.0,1,0,0,0,1,0,0,,0,1,0,1,0,1,1,0
351,Federico Mattiello,ITA,DF,Cagliari,24,1995,10.3,30,21,19,7,4,11,27,40.7,16,20,7,13,18,48,22,0
352,Blaise Matuidi,FRA,MF,Juventus,32,1987,24.9,48,27,13,27,8,13,34,38.2,21,35,6,29,22,70,16,0
353,Luca Mazzitelli,ITA,MF,Sassuolo,23,1995,0.1,1,1,0,1,0,1,1,100.0,0,0,0,0,0,1,0,0
354,Ibrahima Mbaye,SEN,DF,Bologna,24,1994,16.7,19,10,13,4,2,7,17,41.2,10,22,11,11,15,34,42,0
355,Biagio Meccariello,ITA,DF,Lecce,28,1991,8.5,23,13,15,6,2,12,29,41.4,17,14,2,12,10,33,25,0
356,Gary Medel,CHI,MF,Bologna,31,1987,19.8,43,22,15,24,4,16,43,37.2,27,24,8,16,34,77,31,2
357,Soualiho Meïté,FRA,MF,Torino,25,1994,24.5,32,18,14,13,5,12,35,34.3,23,31,6,25,24,56,36,0
358,Alex Meret,ITA,GK,Napoli,22,1997,21.7,0,0,0,0,0,0,2,0.0,2,1,0,1,1,1,7,2
359,Yıldırım Mert Çetin,TUR,DF,Roma,22,1997,2.9,5,1,4,1,0,3,5,60.0,2,4,3,1,4,9,8,1
360,Dries Mertens,BEL,FW,Napoli,32,1987,18.8,13,9,1,8,4,2,27,7.4,25,10,1,9,7,20,4,0
361,Kingsley Michael,NGA,MF,Bologna,19,1999,0.8,2,1,0,2,0,0,0,,0,0,0,0,1,3,1,0
362,Nikola Milenković,SRB,DF,Fiorentina,21,1997,36.2,46,25,30,16,0,11,31,35.5,20,39,21,18,29,75,129,1
363,Arkadiusz Milik,POL,FW,Napoli,25,1994,19.4,12,5,4,1,7,3,11,27.3,8,11,1,10,2,14,12,0
364,Sergej Milinković-Savić,SRB,MF,Lazio,24,1995,33.7,60,35,25,24,11,15,79,19.0,64,67,16,51,37,97,60,1
365,Vincenzo Millico,ITA,MF|FW,Torino,18,2000,2.4,1,0,1,0,0,1,3,33.3,2,2,0,2,0,1,1,0
366,Antonio Mirante,ITA,GK,Roma,36,1983,5.0,0,0,0,0,0,0,1,0.0,1,0,0,0,0,0,2,1
367,Simone Missiroli,ITA,MF,SPAL,33,1986,31.1,42,27,18,20,4,13,43,30.2,30,42,27,15,54,96,62,1
368,Henrikh Mkhitaryan,ARM,MF|FW,Roma,30,1989,17.0,32,22,10,17,5,19,45,42.2,26,27,3,24,11,43,6,0
369,Gabriele Moncini,ITA,FW|MF,SPAL,23,1996,1.7,1,0,0,1,0,0,0,,0,2,1,1,1,2,0,0
370,Ilario Monterisi,ITA,DF,Lecce,17,2001,0.0,0,0,0,0,0,0,0,,0,0,0,0,0,0,0,0
371,Raúl Moro,ESP,FW,Lazio,16,2002,0.0,0,0,0,0,0,0,0,,0,0,0,0,0,0,0,0
372,Leonardo Morosini,ITA,FW|DF,Brescia,23,1995,0.3,1,1,1,0,0,0,0,,0,1,0,1,1,2,1,0
373,Victor Moses,NGA,DF,Inter,28,1990,4.7,4,3,1,2,1,2,8,25.0,6,4,0,4,0,4,4,0
374,Mert Müldür,TUR,DF,Sassuolo,20,1999,14.1,47,27,33,8,6,27,42,64.3,15,10,0,10,22,69,42,0
375,Simone Muratore,ITA,MF,Juventus,21,1998,1.8,2,0,0,1,1,1,3,33.3,2,1,0,1,3,5,0,0
376,Alessandro Murgia,ITA,MF,SPAL,22,1996,19.4,27,17,16,8,3,14,34,41.2,20,10,3,7,18,45,15,0
377,Luis Muriel,COL,FW,Atalanta,28,1991,14.0,15,9,3,8,4,3,14,21.4,11,12,0,12,4,19,0,0
378,Jeison Murillo,COL,DF,Sampdoria,27,1992,7.4,18,6,14,4,0,10,19,52.6,9,8,4,4,10,28,28,0
379,Nicola Murru,ITA,DF,Sampdoria,24,1994,25.1,40,22,24,8,8,21,41,51.2,20,22,4,18,27,67,58,0
380,Mateo Musacchio,ARG,DF,Milan,28,1990,16.3,15,8,11,4,0,7,20,35.0,13,10,7,3,22,37,50,0
381,Juan Musso,ARG,GK,Udinese,25,1994,38.0,0,0,0,0,0,0,1,0.0,1,0,0,0,1,1,18,2
382,Radja Nainggolan,BEL,MF,Cagliari,31,1988,23.0,30,18,9,12,9,9,29,31.0,20,25,6,19,13,43,30,0
383,Nahitan Nández,URU,MF|DF,Cagliari,23,1995,32.2,58,38,37,17,4,25,69,36.2,44,30,1,29,25,83,26,0
384,Michel Ndary Adopo,FRA,DF|MF,Torino,19,2000,0.0,0,0,0,0,0,0,0,,0,1,1,0,0,0,0,0
385,Emanuele Ndoj,ALB,MF,Brescia,22,1996,6.2,9,6,2,6,1,3,13,23.1,10,7,0,7,5,14,5,0
386,Ilija Nestorovski,MKD,FW,Udinese,29,1990,13.9,10,7,5,5,0,6,21,28.6,15,13,2,11,4,14,12,0
387,Nicolas Nkoulou,CMR,DF,Torino,29,1990,29.9,34,24,21,11,2,16,22,72.7,6,40,18,22,70,104,138,2
388,Bram Nuytinck,NED,DF,Udinese,29,1990,24.7,46,32,30,13,3,17,27,63.0,10,50,32,18,27,73,96,1
389,Pedro Obiang,EQG,MF,Sassuolo,27,1992,18.6,46,31,21,19,6,19,40,47.5,21,24,10,14,21,67,31,1
390,Stefano Okaka,ITA,FW,Udinese,29,1989,26.8,19,11,6,8,5,7,27,25.9,20,23,2,21,8,27,28,0
391,Christian Oliva,URU,MF,Cagliari,23,1996,5.2,13,7,9,4,0,5,15,33.3,10,5,0,5,7,20,14,0
392,Maximiliano Olivera,URU,MF,Fiorentina,27,1992,0.1,1,0,1,0,0,0,0,,0,0,0,0,0,1,0,0
393,Marco Olivieri,ITA,FW,Juventus,20,1999,0.3,1,1,1,0,0,1,2,50.0,1,0,0,0,0,1,0,0
394,Robin Olsen,SWE,GK,Cagliari,29,1990,16.9,0,0,0,0,0,0,1,0.0,1,0,0,0,0,0,8,0
395,Nicholas Opoku,GHA,DF,Udinese,21,1997,5.3,13,8,8,3,2,6,11,54.5,5,6,4,2,4,17,19,0
396,Riccardo Orsolini,ITA,FW|MF,Bologna,22,1997,29.8,36,22,21,10,5,12,47,25.5,35,23,1,22,16,52,20,0
397,David Ospina,COL,GK,Napoli,30,1988,16.3,0,0,0,0,0,0,0,,0,0,0,0,0,0,2,1
398,Daniele Padelli,ITA,GK,Inter,33,1985,3.0,0,0,0,0,0,0,0,,0,0,0,0,0,0,1,1
399,Marko Pajač,CRO,DF|FW,Genoa,26,1993,8.4,8,4,4,3,1,7,16,43.8,9,6,0,6,8,16,9,0
400,Rodrigo Palacio,ARG,FW,Bologna,37,1982,28.0,19,11,0,9,10,4,27,14.8,23,17,3,14,5,24,38,2
401,Alberto Paloschi,ITA,FW,SPAL,29,1990,4.9,3,0,3,0,0,2,8,25.0,6,3,0,3,0,3,2,0
402,Alberto Paloschi,ITA,FW|MF,Cagliari,29,1990,2.3,0,0,0,0,0,0,1,0.0,1,1,0,1,1,1,3,0
403,Martin Palumbo,NOR,MF,Udinese,17,2002,0.0,0,0,0,0,0,0,0,,0,0,0,0,0,0,0,0
404,Goran Pandev,MKD,FW|MF,Genoa,36,1983,18.7,12,8,2,7,3,3,25,12.0,22,4,1,3,0,12,5,1
405,Andrea Papetti,ITA,DF,Brescia,17,2002,10.2,9,7,8,1,0,4,14,28.6,10,15,11,4,15,24,39,0
406,Lucas Paquetá,BRA,MF|FW,Milan,21,1997,12.3,33,19,12,17,4,14,37,37.8,23,17,2,15,8,41,9,0
407,Marco Parolo,ITA,MF,Lazio,34,1985,18.9,54,26,19,27,8,18,46,39.1,28,44,15,29,26,80,49,0
408,Mario Pašalić,CRO,MF,Atalanta,24,1995,26.9,47,21,17,18,12,16,52,30.8,36,27,7,20,27,74,22,2
409,Javier Pastore,ARG,MF,Roma,30,1989,5.7,14,10,3,5,6,5,12,41.7,7,4,0,4,5,19,5,0
410,Patric,ESP,DF,Lazio,26,1993,18.6,34,20,24,7,3,18,25,72.0,7,19,9,10,15,49,45,0
411,Leonardo Pavoletti,ITA,FW,Cagliari,30,1988,0.5,0,0,0,0,0,0,0,,0,0,0,0,1,1,3,0
412,Nehuén Paz,ARG,DF,Bologna,26,1993,1.3,1,1,0,1,0,0,2,0.0,2,3,3,0,5,6,12,0
413,Nehuén Paz,ARG,DF,Lecce,26,1993,9.4,14,5,11,3,0,10,12,83.3,2,12,6,6,20,34,38,1
414,Giampaolo Pazzini,ITA,FW|MF,Hellas Verona,34,1984,3.4,1,0,0,1,0,0,4,0.0,4,2,0,2,1,2,4,0
415,Pedro,BRA,FW,Fiorentina,22,1997,0.7,1,1,0,0,1,0,0,,0,1,0,1,0,1,0,0
416,João Pedro,ITA,FW|MF,Cagliari,27,1992,35.0,17,11,5,7,5,4,24,16.7,20,35,8,27,9,26,39,0
417,Daouda Peeters,BEL,MF,Juventus,20,1999,0.2,1,0,0,1,0,1,1,100.0,0,0,0,0,0,1,0,0
418,Gianluca Pegolo,ITA,GK,Sassuolo,38,1981,5.0,0,0,0,0,0,0,0,,0,0,0,0,0,0,4,0
419,Lorenzo Pellegrini,ITA,MF,Roma,23,1996,23.3,30,13,9,13,8,12,33,36.4,21,28,0,28,15,45,18,0
420,Luca Pellegrini,ITA,DF,Cagliari,20,1999,21.2,31,15,20,7,4,15,38,39.5,23,19,2,17,21,52,45,2
421,Federico Peluso,ITA,DF,Sassuolo,35,1984,16.8,19,16,8,8,3,8,9,88.9,1,14,9,5,22,41,58,1
422,Gastón Pereiro,URU,MF|FW,Cagliari,24,1995,3.9,2,2,2,0,0,1,4,25.0,3,1,0,1,0,2,1,1
423,Bruno Peres,BRA,DF,Roma,29,1990,11.7,14,10,10,3,1,8,21,38.1,13,12,3,9,15,29,19,2
424,Carles Pérez,ESP,FW|MF,Roma,21,1998,6.3,12,8,4,6,2,3,10,30.0,7,6,1,5,3,15,1,0
425,Mattia Perin,ITA,GK,Genoa,26,1992,21.0,1,1,1,0,0,1,1,100.0,0,1,0,1,0,1,5,1
426,Diego Perotti,ARG,FW|MF,Roma,31,1988,9.7,16,13,5,8,3,5,20,25.0,15,14,0,14,3,19,6,0
427,Matteo Pessina,ITA,MF,Hellas Verona,22,1997,27.7,35,21,9,20,6,12,33,36.4,21,28,8,20,25,60,40,2
428,Andrea Petagna,ITA,FW,SPAL,24,1995,33.7,9,4,2,7,0,3,17,17.6,14,11,5,6,1,10,27,0
429,Jacopo Petriccione,ITA,MF,Lecce,24,1995,23.8,38,20,29,9,0,15,57,26.3,42,20,7,13,28,66,25,2
430,Germán Pezzella,ARG,DF,Fiorentina,28,1991,31.4,36,18,26,9,1,14,32,43.8,18,31,20,11,55,91,134,1
431,Giuseppe Pezzella,ITA,DF,Udinese,21,1997,0.9,0,0,0,0,0,0,0,,0,0,0,0,1,1,4,0
432,Giuseppe Pezzella,ITA,DF,Parma,21,1997,10.5,20,12,17,3,0,11,19,57.9,8,13,9,4,6,26,30,0
433,Krzysztof Piątek,POL,FW,Milan,24,1995,13.1,9,4,0,7,2,3,11,27.3,8,5,2,3,3,12,10,0
434,Stefano Piccinini,ITA,DF,Sassuolo,16,2002,0.1,0,0,0,0,0,0,0,,0,0,0,0,0,0,0,0
435,Roberto Piccoli,ITA,FW,Atalanta,18,2001,0.2,0,0,0,0,0,0,0,,0,1,0,1,0,0,0,0
436,Andrea Pinamonti,ITA,FW,Genoa,20,1999,24.8,19,12,1,7,11,5,25,20.0,20,19,2,17,9,28,25,0
437,Simone Pinna,ITA,DF,Cagliari,21,1997,1.0,1,1,0,1,0,0,0,,0,3,1,2,5,6,4,1
438,Carlo Pinsoglio,ITA,GK,Juventus,29,1990,0.2,0,0,0,0,0,0,0,,0,0,0,0,0,0,0,0
439,Lorenzo Pirola,ITA,DF,Inter,17,2002,0.1,0,0,0,0,0,0,0,,0,0,0,0,1,1,0,0
440,Fabio Pisacane,ITA,DF,Cagliari,33,1986,27.1,32,21,22,10,0,21,37,56.8,16,36,28,8,27,59,110,2
441,Miralem Pjanić,BIH,MF,Juventus,29,1990,25.3,46,21,16,23,7,21,63,33.3,42,29,12,17,32,78,30,0
442,Andrea Poli,ITA,MF,Bologna,29,1989,21.3,44,24,19,21,4,16,52,30.8,36,19,3,16,40,84,11,0
443,Matteo Politano,ITA,FW,Napoli,25,1993,8.3,12,6,8,2,2,5,14,35.7,9,6,0,6,5,17,3,0
444,Matteo Politano,ITA,FW|MF,Inter,25,1993,2.9,0,0,0,0,0,0,2,0.0,2,1,0,1,0,0,1,0
445,Erick Pulgar,CHI,MF,Fiorentina,25,1994,32.8,73,46,25,41,7,22,96,22.9,74,45,15,30,49,122,53,1
446,Ignacio Pussetto,ARG,FW|MF,Udinese,23,1995,3.8,8,4,4,3,1,1,4,25.0,3,3,0,3,4,12,7,0
447,Fabio Quagliarella,ITA,FW,Sampdoria,36,1983,25.3,9,5,0,6,3,2,30,6.7,28,13,0,13,8,17,15,0
448,Adrien Rabiot,FRA,MF,Juventus,24,1995,21.2,47,31,16,19,12,15,41,36.6,26,36,6,30,32,79,19,0
449,Ivan Radovanović,SRB,MF,Genoa,30,1988,14.6,27,14,18,9,0,10,26,38.5,16,17,3,14,8,35,39,0
450,Ionuț Radu,ROU,GK,Genoa,22,1997,17.0,0,0,0,0,0,0,2,0.0,2,0,0,0,1,1,7,1
451,Ștefan Radu,ROU,DF,Lazio,32,1986,25.6,43,25,24,15,4,28,43,65.1,15,19,9,10,34,77,85,0
452,Boris Radunović,SRB,GK,Hellas Verona,23,1996,3.0,0,0,0,0,0,0,0,,0,0,0,0,0,0,1,0
453,Rafael,BRA,GK,Cagliari,37,1982,5.0,0,0,0,0,0,0,0,,0,0,0,0,0,0,3,0
454,Daniele Ragatzu,ITA,MF|FW,Cagliari,27,1991,3.5,3,2,0,2,1,1,3,33.3,2,1,0,1,1,4,5,0
455,Gastón Ramírez,URU,MF|FW,Sampdoria,28,1990,15.5,32,21,7,16,9,8,30,26.7,22,28,2,26,11,43,10,0
456,Aaron Ramsey,WAL,MF,Juventus,28,1990,11.7,20,15,6,8,6,6,24,25.0,18,18,3,15,11,31,12,0
457,Luca Ranieri,ITA,DF,Fiorentina,20,1999,2.6,2,2,2,0,0,2,3,66.7,1,1,0,1,2,4,7,0
458,Andrea Ranocchia,ITA,DF,Inter,31,1988,5.8,17,10,10,7,0,5,8,62.5,3,11,6,5,8,25,18,0
459,Giacomo Raspadori,ITA,MF|FW,Sassuolo,19,2000,2.9,8,6,5,2,1,3,4,75.0,1,5,0,5,1,9,0,0
460,Ante Rebić,CRO,FW|MF,Milan,25,1993,15.5,16,11,4,9,3,7,34,20.6,27,14,1,13,3,19,12,0
461,Arkadiusz Reca,POL,DF,SPAL,24,1995,21.4,38,23,22,10,6,13,39,33.3,26,15,2,13,32,70,48,1
462,Vasco Regini,ITA,DF,Sampdoria,28,1990,1.9,4,2,3,1,0,0,0,,0,4,2,2,1,5,6,0
463,Vasco Regini,ITA,DF,Parma,28,1990,0.6,0,0,0,0,0,0,0,,0,0,0,0,0,0,3,0
464,Pepe Reina,ESP,GK,Milan,36,1982,1.0,0,0,0,0,0,0,0,,0,0,0,0,0,0,0,1
465,Franck Ribéry,FRA,FW,Fiorentina,36,1983,15.7,20,14,7,10,3,4,20,20.0,16,9,0,9,3,23,3,0
466,Davide Riccardi,ITA,DF,Lecce,23,1996,0.2,0,0,0,0,0,0,1,0.0,1,0,0,0,0,0,1,0
467,Emiliano Rigoni,ARG,MF|FW,Sampdoria,26,1993,4.8,5,4,2,1,2,3,10,30.0,7,5,1,4,3,8,1,0
468,Tomás Rincón,VEN,MF,Torino,31,1988,30.0,56,25,23,25,8,23,65,35.4,42,20,3,17,36,92,62,0
469,Andrea Rispoli,ITA,DF,Lecce,30,1988,21.2,24,18,14,9,1,15,30,50.0,15,28,7,21,32,56,62,1
470,Ricardo Rodríguez,SUI,DF,Milan,26,1992,4.3,6,1,2,2,2,2,6,33.3,4,3,2,1,5,11,17,0
471,Marko Rog,CRO,MF,Cagliari,24,1995,25.7,69,47,31,29,9,22,84,26.2,62,40,12,28,22,91,23,0
472,Rogério,BRA,DF,Sassuolo,21,1998,11.3,22,14,12,8,2,16,23,69.6,7,13,3,10,9,31,34,0
473,Filippo Romagna,ITA,DF,Sassuolo,22,1997,16.4,7,6,2,5,0,5,6,83.3,1,24,17,7,10,17,69,0
474,Alessio Romagnoli,ITA,DF,Milan,24,1995,34.3,46,25,28,15,3,16,27,59.3,11,32,18,14,56,102,157,1
475,Cristian Romero,ARG,DF,Genoa,21,1998,28.6,52,35,36,12,4,12,41,29.3,29,59,33,26,75,127,116,2
476,Rômulo,ITA,MF,Brescia,32,1987,19.1,30,19,12,14,4,12,34,35.3,22,18,1,17,8,38,12,1
477,Rômulo,ITA,DF,Genoa,32,1987,0.2,2,1,1,1,0,0,0,,0,0,0,0,0,2,1,0
478,Cristiano Ronaldo,POR,FW,Juventus,34,1985,32.4,14,10,3,3,8,4,20,20.0,16,10,3,7,6,20,21,1
479,Marten de Roon,NED,MF|DF,Atalanta,28,1991,30.2,77,43,36,29,12,34,75,45.3,41,32,8,24,46,123,45,0
480,Antonio Rosati,ITA,GK,Torino,36,1983,1.0,0,0,0,0,0,0,0,,0,0,0,0,0,0,0,1
481,Luca Rossettini,ITA,DF,Lecce,34,1985,25.1,25,14,18,7,0,17,34,50.0,17,31,22,9,35,60,126,1
482,Francesco Rossi,ITA,GK,Atalanta,28,1991,0.1,0,0,0,0,0,0,0,,0,0,0,0,0,0,0,0
483,Nicolò Rovella,ITA,MF,Genoa,17,2001,1.2,0,0,0,0,0,0,1,0.0,1,0,0,0,4,4,0,0
484,Amir Rrahmani,KVX,DF,Hellas Verona,25,1994,35.9,50,31,26,19,5,26,46,56.5,20,50,31,19,30,80,151,1
485,Dion Ruffo Luci,ITA,MF,Bologna,18,2001,0.0,0,0,0,0,0,0,0,,0,0,0,0,0,0,0,0
486,Daniele Rugani,ITA,DF,Juventus,25,1994,7.7,8,6,4,4,0,4,5,80.0,1,4,4,0,11,19,18,0
487,Mário Rui,POR,DF,Napoli,28,1991,21.8,31,17,12,12,7,11,29,37.9,18,24,5,19,21,52,43,0
488,Fabián Ruiz Peña,ESP,MF,Napoli,23,1996,29.8,43,26,19,18,6,24,65,36.9,41,32,4,28,32,75,18,2
489,Stefano Sabelli,ITA,DF,Brescia,26,1993,35.2,83,44,51,28,4,50,106,47.2,56,40,13,27,58,141,107,0
490,Alexis Saelemaekers,BEL,FW|DF,Milan,20,1999,7.6,14,8,5,7,2,6,20,30.0,14,13,1,12,8,22,1,0
491,Jacopo Sala,ITA,DF,SPAL,27,1991,9.5,29,24,17,11,1,17,31,54.8,14,4,0,4,13,42,15,1
492,Bartosz Salamon,POL,DF,SPAL,28,1991,3.8,2,1,2,0,0,1,2,50.0,1,4,4,0,6,8,14,0
493,Eddie Salcedo,ITA,FW|MF,Hellas Verona,17,2001,7.6,3,1,2,0,1,0,5,0.0,5,4,0,4,1,4,2,0
494,Antonio Sanabria,PAR,FW,Genoa,23,1996,15.4,14,11,2,7,5,3,14,21.4,11,13,1,12,5,19,12,1
495,Alexis Sánchez,CHI,FW,Inter,30,1988,10.3,9,7,1,4,4,5,13,38.5,8,7,0,7,3,12,1,0
496,Alex Sandro,BRA,DF,Juventus,28,1991,26.5,44,26,23,14,7,12,33,36.4,21,26,6,20,47,91,46,3
497,Nicola Sansone,ITA,FW|MF,Bologna,27,1991,25.2,34,20,12,18,4,15,59,25.4,44,21,0,21,11,45,9,0
498,Federico Santander,PAR,FW,Bologna,28,1991,8.6,13,8,3,0,10,1,4,25.0,3,3,0,3,7,20,12,0
499,Davide Santon,ITA,DF,Roma,28,1991,6.9,11,6,6,5,0,6,17,35.3,11,2,1,1,11,22,13,0
500,Samir Santos,BRA,DF,Udinese,24,1994,17.2,35,27,24,8,3,12,23,52.2,11,16,6,10,33,68,64,1
501,Riccardo Saponara,ITA,MF|FW,Genoa,27,1991,1.9,4,3,2,2,0,0,2,0.0,2,2,1,1,0,4,2,0
502,Riccardo Saponara,ITA,MF|FW,Lecce,27,1991,10.5,12,8,4,8,0,6,13,46.2,7,2,0,2,5,17,7,0
503,Lasse Schöne,DEN,MF,Genoa,33,1986,27.0,42,26,16,22,4,15,48,31.3,33,22,6,16,37,79,25,2
504,Jerdy Schouten,NED,MF,Bologna,22,1997,12.0,26,16,13,11,2,10,26,38.5,16,19,7,12,26,52,22,0
505,Matteo Scozzarella,ITA,MF,Parma,31,1988,10.2,23,15,8,13,2,14,29,48.3,15,19,14,5,27,50,28,0
506,Ken Sema,SWE,DF|MF,Udinese,25,1993,27.3,59,41,43,15,1,36,68,52.9,32,26,6,20,17,76,41,1
507,Alessandro Semprini,ITA,DF,Brescia,21,1998,7.0,10,4,7,3,0,7,9,77.8,2,10,3,7,9,19,16,0
508,Stefano Sensi,ITA,MF,Inter,23,1995,8.0,18,10,10,7,1,6,22,27.3,16,15,1,14,9,27,4,0
509,Luigi Sepe,ITA,GK,Parma,28,1991,34.0,1,0,1,0,0,1,2,50.0,1,0,0,0,0,1,6,2
510,Yevhen Shakhov,UKR,MF|FW,Lecce,28,1990,12.1,28,16,12,13,3,8,27,29.6,19,11,3,8,14,42,9,1
511,Luca Siligardi,ITA,MF|FW,Parma,31,1988,3.7,6,2,3,2,1,4,8,50.0,4,3,0,3,3,9,5,0
512,André Silva,POR,FW,Milan,23,1995,0.7,2,1,0,0,2,0,1,0.0,1,0,0,0,0,2,0,0
513,Marco Silvestri,ITA,GK,Hellas Verona,28,1991,35.0,1,0,1,0,0,1,2,50.0,1,0,0,0,4,5,11,1
514,Giovanni Simeone,ARG,FW,Cagliari,24,1995,32.5,24,13,9,10,5,5,32,15.6,27,24,7,17,11,35,16,1
515,Wilfried Singo,CIV,DF,Torino,18,2000,1.5,1,0,0,1,0,0,0,,0,0,0,0,1,2,2,0
516,Salvatore Sirigu,ITA,GK,Torino,32,1987,36.0,0,0,0,0,0,0,0,,0,0,0,0,2,2,12,0
517,Łukasz Skorupski,POL,GK,Bologna,28,1991,37.0,1,0,1,0,0,0,1,0.0,1,0,0,0,2,3,15,5
518,Andreas Skov Olsen,DEN,FW|MF,Bologna,19,1999,8.4,11,8,5,5,1,4,12,33.3,8,10,1,9,8,19,5,0
519,Simon Skrabb,FIN,FW|MF,Brescia,24,1995,2.9,7,6,2,4,1,6,12,50.0,6,4,1,3,0,7,3,0
520,Milan Škriniar,SVK,DF,Inter,24,1995,29.2,39,20,24,14,1,14,33,42.4,19,19,11,8,28,67,85,1
521,Chris Smalling,ENG,DF,Roma,29,1989,28.5,25,16,15,9,1,10,13,76.9,3,44,35,9,56,81,126,2
522,Roberto Soriano,ITA,MF,Bologna,28,1991,27.4,43,25,15,21,7,10,46,21.7,36,19,0,19,17,60,23,1
523,Riccardo Sottil,ITA,FW|DF,Fiorentina,20,1999,5.7,6,4,4,2,0,3,10,30.0,7,4,0,4,0,6,0,0
524,Adama Soumaoro,FRA,DF,Genoa,27,1992,7.1,3,2,3,0,0,1,3,33.3,2,12,12,0,11,14,32,0
525,Nikolas Špalek,SVK,MF|FW,Brescia,22,1997,17.5,24,10,6,11,7,7,31,22.6,24,15,1,14,6,30,10,0
526,Leonardo Spinazzola,ITA,DF,Roma,26,1993,17.2,24,12,11,8,5,12,21,57.1,9,13,5,8,20,44,41,0
527,Marco Sportiello,ITA,GK,Atalanta,27,1992,5.8,0,0,0,0,0,0,0,,0,0,0,0,0,0,3,0
528,Mattia Sprocati,ITA,FW|MF,Parma,26,1993,6.6,4,2,3,1,0,0,1,0.0,1,5,1,4,2,6,2,0
529,Mariusz Stępiński,POL,FW|MF,Hellas Verona,24,1995,7.8,5,3,2,1,2,1,2,50.0,1,3,1,2,1,6,7,0
530,Thomas Strakosha,ALB,GK,Lazio,24,1995,38.0,0,0,0,0,0,0,1,0.0,1,0,0,0,0,0,7,2
531,Gabriel Strefezza,BRA,DF|MF,SPAL,22,1997,23.4,64,40,28,26,10,22,54,40.7,32,29,3,26,21,85,17,0
532,Jens Stryger Larsen,DEN,DF,Udinese,28,1991,31.0,27,19,15,9,3,17,30,56.7,13,20,5,15,20,47,52,0
533,Stefano Sturaro,ITA,MF,Genoa,26,1993,13.9,38,22,14,19,5,15,39,38.5,24,16,4,12,10,48,26,1
534,Suso,ESP,FW|MF,Milan,25,1993,15.1,7,3,2,3,2,2,10,20.0,8,5,0,5,8,15,3,0
535,Bosko Sutalo,CRO,DF,Atalanta,19,2000,3.1,3,2,2,1,0,0,2,0.0,2,4,0,4,6,9,6,1
536,Mattias Svanberg,SWE,MF,Bologna,20,1999,11.7,13,8,9,4,0,6,31,19.4,25,15,4,11,13,26,10,0
537,Wojciech Szczęsny,POL,GK,Juventus,29,1990,28.8,0,0,0,0,0,0,0,,0,0,0,0,1,1,10,1
538,Andrea Tabanelli,ITA,MF,Lecce,29,1990,10.7,22,13,10,9,3,8,28,28.6,20,13,2,11,11,33,19,0
539,Panagiotis Tachtsidis,GRE,MF,Lecce,28,1991,22.3,52,27,26,20,6,20,56,35.7,36,27,11,16,35,87,32,2
540,Adrien Tameze,CMR,MF,Atalanta,25,1994,2.3,4,3,1,1,2,1,2,50.0,1,3,1,2,3,7,4,1
541,Łukasz Teodorczyk,POL,FW,Udinese,28,1991,2.5,7,5,1,5,1,3,7,42.9,4,2,0,2,0,7,1,0
542,Hidde ter Avest,NED,DF,Udinese,22,1997,7.6,18,9,13,3,2,14,17,82.4,3,6,1,5,9,27,27,0
543,Pietro Terracciano,ITA,GK,Fiorentina,29,1990,6.9,0,0,0,0,0,0,0,,0,0,0,0,0,0,4,0
544,Aleksa Terzić,SRB,MF,Fiorentina,19,1999,0.1,0,0,0,0,0,0,0,,0,0,0,0,0,0,0,0
545,Demba Thiam,SEN,GK,SPAL,21,1998,2.0,0,0,0,0,0,0,0,,0,0,0,0,1,1,0,0
546,Morten Thorsby,NOR,MF|DF,Sampdoria,23,1996,20.7,53,34,17,23,13,27,52,51.9,25,24,6,18,17,70,34,0
547,Jeremy Toljan,GER,DF,Sassuolo,24,1994,24.3,37,21,24,10,3,18,35,51.4,17,23,12,11,18,55,58,1
548,Rafael Tolói,ITA,DF,Atalanta,28,1990,29.0,56,29,28,23,5,33,76,43.4,43,31,17,14,45,101,80,0
549,Takehiro Tomiyasu,JPN,DF,Bologna,20,1998,28.1,42,24,25,13,4,22,41,53.7,19,34,9,25,49,91,78,1
550,Nenad Tomović,SRB,DF,SPAL,31,1987,19.5,26,19,18,6,2,10,21,47.6,11,32,23,9,30,56,65,1
551,Sandro Tonali,ITA,MF,Brescia,19,2000,33.5,39,25,16,20,3,16,55,29.1,39,36,14,22,41,80,42,0
552,Lorenzo Tonelli,ITA,DF,Sampdoria,29,1990,7.8,13,9,13,0,0,4,10,40.0,6,10,7,3,4,17,23,0
553,Ernesto Torregrossa,VEN,FW,Brescia,27,1992,20.5,17,7,5,10,2,6,22,27.3,16,10,2,8,5,22,22,0
554,Luca Tremolada,ITA,MF,Brescia,27,1991,0.2,0,0,0,0,0,0,0,,0,0,0,0,0,0,0,0
555,Alessandro Tripaldelli,ITA,DF,Sassuolo,20,1999,1.5,4,4,1,3,0,1,3,33.3,2,1,0,1,3,7,3,0
556,William Troost-Ekong,NGA,DF,Udinese,25,1993,28.6,37,19,25,12,0,10,18,55.6,8,41,29,12,31,68,135,2
557,Georgi Tunjov,EST,MF,SPAL,18,2001,3.2,4,4,3,1,0,1,11,9.1,10,3,1,2,1,5,0,0
558,Stefano Turati,ITA,GK,Sassuolo,17,2001,2.0,0,0,0,0,0,0,0,,0,0,0,0,0,0,1,0
559,Gennaro Tutino,ITA,FW|MF,Hellas Verona,22,1996,2.5,0,0,0,0,0,0,0,,0,0,0,0,2,2,1,0
560,Samir Ujkani,KVX,GK,Torino,31,1988,1.0,0,0,0,0,0,0,0,,0,0,0,0,0,0,1,0
561,Cengiz Ünder,TUR,FW,Roma,22,1997,9.7,10,6,4,4,2,2,9,22.2,7,7,2,5,8,18,7,0
562,Mirko Valdifiori,ITA,MF,SPAL,33,1986,15.6,31,15,14,17,0,16,33,48.5,17,8,3,5,4,35,25,0
563,Borja Valero,ESP,MF,Inter,34,1985,10.3,18,7,9,3,6,6,24,25.0,18,12,3,9,8,26,9,0
564,Mattia Valoti,ITA,MF|FW,SPAL,25,1993,17.0,48,30,21,25,2,16,43,37.2,27,27,6,21,16,64,18,0
565,Denis Vavro,SVK,DF,Lazio,23,1996,3.6,3,3,2,1,0,1,3,33.3,2,8,6,2,5,8,10,0
566,Matías Vecino,URU,MF,Inter,27,1991,14.2,31,20,14,11,6,9,36,25.0,27,20,3,17,15,46,26,0
567,Miguel Veloso,POR,MF,Hellas Verona,33,1986,31.2,52,29,20,28,4,18,60,30.0,42,36,12,24,32,84,46,1
568,Lorenzo Venuti,ITA,DF|MF,Fiorentina,24,1995,9.5,20,10,12,6,2,13,19,68.4,6,5,1,4,11,31,15,0
569,Brayan Vera,COL,DF|FW,Lecce,20,1999,1.7,4,1,2,1,1,3,7,42.9,4,1,0,1,1,5,4,0
570,Simone Verdi,ITA,MF|FW,Torino,27,1992,23.0,19,10,4,12,3,9,38,23.7,29,14,0,14,7,26,1,0
571,Jordan Veretout,FRA,MF,Roma,26,1993,29.2,36,18,13,16,7,14,43,32.6,29,35,5,30,18,54,31,1
572,Valerio Verre,ITA,MF|FW,Hellas Verona,25,1994,19.7,25,15,4,11,10,9,23,39.1,14,5,0,5,13,38,9,0
573,Francesco Vicari,ITA,DF,SPAL,24,1994,32.2,27,13,20,6,1,12,25,48.0,13,48,37,11,38,65,145,1
574,Ronaldo Vieira,ENG,MF,Sampdoria,21,1998,20.2,33,19,13,17,3,6,28,21.4,22,14,2,12,21,54,31,0
575,Mauro Vigorito,ITA,GK,Lecce,29,1990,4.7,0,0,0,0,0,0,0,,0,0,0,0,0,0,3,1
576,Gonzalo Villar,ESP,MF,Roma,21,1998,3.3,5,3,4,0,1,2,4,50.0,2,2,0,2,2,7,3,0
577,Luigi Vitale,ITA,DF,Hellas Verona,31,1987,0.5,1,0,0,1,0,0,0,,0,1,0,1,0,1,0,0
578,Mattia Viviani,ITA,MF,Brescia,18,2000,3.8,3,1,0,3,0,1,8,12.5,7,3,3,0,9,12,2,1
579,Dušan Vlahović,SRB,FW,Fiorentina,19,2000,16.7,6,2,1,4,1,4,13,30.8,9,5,2,3,7,13,6,0
580,Stefan de Vrij,NED,DF,Inter,27,1992,31.4,33,18,20,12,1,14,27,51.9,13,34,24,10,52,85,121,1
581,Giacomo Vrioni,ALB,FW,Juventus,20,1998,0.1,0,0,0,0,0,0,0,,0,0,0,0,0,0,0,0
582,Walace,BRA,MF,Udinese,24,1995,12.7,28,9,19,6,3,13,42,31.0,29,14,6,8,33,61,19,0
583,Sebastian Walukiewicz,POL,DF,Cagliari,19,2000,12.9,25,11,17,8,0,14,22,63.6,8,21,14,7,14,39,41,0
584,Jawad El Yamiq,MAR,DF,Genoa,27,1992,2.2,3,2,3,0,0,1,4,25.0,3,3,2,1,1,4,3,0
585,Maya Yoshida,JPN,DF,Sampdoria,30,1988,13.2,4,3,2,2,0,2,6,33.3,4,15,12,3,27,31,72,0
586,Amin Younes,GER,FW|MF,Napoli,25,1993,2.0,3,2,1,2,0,2,4,50.0,2,2,0,2,0,3,1,0
587,Ashley Young,ENG,DF,Inter,34,1985,13.2,11,5,3,5,3,6,19,31.6,13,11,3,8,14,25,24,0
588,Mattia Zaccagni,ITA,MF|FW,Hellas Verona,24,1995,23.5,20,11,10,5,5,3,15,20.0,12,14,3,11,20,40,21,0
589,Luca Zanimacchia,ITA,FW|MF,Juventus,21,1998,1.3,5,1,1,2,2,1,2,50.0,1,1,0,1,0,5,0,0
590,Nicolò Zaniolo,ITA,FW|MF,Roma,20,1999,16.7,15,11,4,7,4,3,24,12.5,21,14,0,14,5,20,5,0
591,Cristián Zapata,COL,DF,Genoa,32,1986,19.1,23,17,16,7,0,8,16,50.0,8,29,17,12,24,47,75,0
592,Duván Zapata,COL,FW,Atalanta,28,1991,22.5,7,3,1,2,4,1,6,16.7,5,18,7,11,2,9,11,0
593,Davide Zappacosta,ITA,DF,Roma,27,1992,5.0,7,3,2,3,2,4,8,50.0,4,3,1,2,6,13,8,1
594,Simone Zaza,ITA,FW,Torino,28,1991,18.2,15,10,6,4,5,3,10,30.0,7,11,0,11,9,24,13,1
595,Marvin Zeegelaar,NED,DF,Udinese,28,1990,6.6,15,9,8,4,3,6,11,54.5,5,9,2,7,5,20,10,0
596,Piotr Zieliński,POL,MF,Napoli,25,1994,32.5,26,16,10,11,5,12,30,40.0,18,28,5,23,21,47,15,0
597,Jaromír Zmrhal,CZE,MF,Brescia,25,1993,12.5,10,4,2,5,3,5,18,27.8,13,8,1,7,4,14,11,0
598,Ervin Zukanović,BIH,DF,SPAL,32,1987,2.3,1,0,0,0,1,1,1,100.0,0,3,1,2,3,4,15,0
599,Szymon Żurkowski,POL,MF,Fiorentina,21,1997,0.1,1,0,0,0,1,0,2,0.0,2,0,0,0,0,1,1,0
600,Filip Đuričić,SRB,MF|FW,Sassuolo,27,1992,18.1,23,14,2,10,11,3,19,15.8,16,20,3,17,8,31,14,0
