Rk,Player,Nation,Pos,Squad,Age,Born,90s,Standard Gls,Standard Sh,Standard SoT,Standard SoT%,Standard Sh/90,Standard SoT/90,Standard G/Sh,Standard G/SoT,Standard Dist,Standard FK,Standard PK,Standard PKatt,Expected xG,Expected npxG,Expected npxG/Sh,Expected G-xG,Expected np:G-xG
1,Ismael Aaneba,FRA,DF,Strasbourg,21,1999,0.1,0,0,0,,0.00,0.00,,,,0,0,0,0.0,0.0,,0.0,0.0
2,Yunis Abdelhamid,MAR,DF,Reims,32,1987,32.1,3,15,5,33.3,0.47,0.16,0.20,0.60,10.5,0,0,0,1.9,1.9,0.13,+1.1,+1.1
3,Mehdi Abeid,ALG,MF,Nantes,27,1992,14.7,0,20,0,0.0,1.36,0.00,0.00,,23.9,1,0,0,1.0,1.0,0.05,-1.0,-1.0
4,Laurent Abergel,FRA,MF,Lorient,27,1993,32.9,3,29,10,34.5,0.88,0.30,0.10,0.30,26.8,0,0,0,1.5,1.5,0.05,+1.5,+1.5
5,Charles Abi,FRA,FW|MF,Saint-Étienne,20,2000,10.1,3,19,4,21.1,1.87,0.39,0.16,0.75,12.5,0,0,0,2.1,2.1,0.11,+0.9,+0.9
6,Matthis Abline,FRA,FW,Rennes,17,2003,0.0,0,0,0,,0.00,0.00,,,,0,0,0,0.0,0.0,,0.0,0.0
7,Pape Abou Cissé,SEN,DF,Saint-Étienne,24,1995,14.0,0,13,3,23.1,0.93,0.21,0.00,0.00,13.0,0,0,0,1.4,1.4,0.11,-1.4,-1.4
8,Yacine Adli,FRA,MF,Bordeaux,20,2000,26.9,2,24,9,37.5,0.89,0.33,0.08,0.22,20.0,1,0,0,1.9,1.9,0.08,+0.1,+0.1
9,Nayef Aguerd,MAR,DF,Rennes,24,1996,35.0,3,28,6,21.4,0.80,0.17,0.11,0.50,10.1,0,0,0,3.2,3.2,0.12,-0.2,-0.2
10,Ruben Aguilar,FRA,DF|MF,Monaco,27,1993,24.7,1,8,3,37.5,0.32,0.12,0.13,0.33,11.0,0,0,0,0.9,0.9,0.11,+0.1,+0.1
11,Matteo Ahlinvi,BEN,MF,Nîmes,21,1999,10.0,2,12,7,58.3,1.20,0.70,0.17,0.29,22.5,0,0,0,1.4,1.4,0.11,+0.6,+0.6
12,Jean-Eudes Aholou,CIV,MF,Strasbourg,26,1994,23.8,2,31,6,19.4,1.30,0.25,0.06,0.33,21.3,0,0,0,2.3,2.1,0.07,-0.3,-0.1
13,Jean-Eudes Aholou,CIV,MF,Monaco,26,1994,0.4,0,2,1,50.0,5.00,2.50,0.00,0.00,16.8,0,0,0,0.1,0.1,0.05,-0.1,-0.1
14,Rayan Aït Nouri,ALG,DF,Angers,19,2001,2.1,0,1,0,0.0,0.48,0.00,0.00,,14.3,0,0,0,0.1,0.1,0.06,-0.1,-0.1
15,Ludovic Ajorque,FRA,FW,Strasbourg,26,1994,33.0,16,66,30,45.5,2.00,0.91,0.18,0.40,15.0,0,4,5,15.7,11.8,0.18,+0.3,+0.2
16,Marley Aké,FRA,FW,Marseille,19,2001,1.6,0,4,0,0.0,2.47,0.00,0.00,,12.7,0,0,0,1.0,1.0,0.26,-1.0,-1.0
17,Sofiane Alakouch,MAR,DF,Nîmes,22,1998,16.7,0,5,0,0.0,0.30,0.00,0.00,,21.4,0,0,0,0.2,0.2,0.04,-0.2,-0.2
18,Mohamed Ali Cho,FRA,FW|MF,Angers,16,2004,3.9,0,10,0,0.0,2.59,0.00,0.00,,13.0,0,0,0,1.9,1.9,0.19,-1.9,-1.9
19,Rachid Alioui,MAR,FW,Angers,28,1992,0.2,0,0,0,,0.00,0.00,,,,0,0,0,0.0,0.0,,0.0,0.0
20,Saturnin Allagbé,BEN,GK,Dijon,26,1993,12.0,0,0,0,,0.00,0.00,,,,0,0,0,0.0,0.0,,0.0,0.0
21,Ibrahim Amadou,FRA,MF,Angers,27,1993,16.7,0,15,5,33.3,0.90,0.30,0.00,0.00,20.3,0,0,0,1.5,1.5,0.10,-1.5,-1.5
22,Romain Amalfitano,FRA,FW|DF,Dijon,30,1989,1.3,0,2,0,0.0,1.55,0.00,0.00,,30.3,0,0,0,0.0,0.0,0.02,0.0,0.0
23,Jordan Amavi,FRA,DF,Marseille,26,1994,9.0,1,4,1,25.0,0.44,0.11,0.25,1.00,11.8,0,0,0,0.2,0.2,0.06,+0.8,+0.8
24,Thierry Ambrose,GLP,FW,Metz,23,1997,8.4,0,19,6,31.6,2.27,0.72,0.00,0.00,20.0,0,0,0,1.0,1.0,0.05,-1.0,-1.0
25,Joachim Andersen,DEN,DF,Lyon,24,1996,2.1,0,5,0,0.0,2.34,0.00,0.00,,21.9,1,0,0,0.3,0.3,0.07,-0.3,-0.3
26,Benjamin André,FRA,MF,Lille,29,1990,32.1,0,19,7,36.8,0.59,0.22,0.00,0.00,15.2,0,0,0,1.6,1.6,0.08,-1.6,-1.6
27,Victorien Angban,CIV,MF,Metz,23,1996,18.6,0,6,1,16.7,0.32,0.05,0.00,0.00,22.1,0,0,0,0.5,0.5,0.08,-0.5,-0.5
28,Houssem Aouar,ALG,MF|FW,Lyon,22,1998,19.8,7,68,25,36.8,3.44,1.26,0.07,0.20,16.6,0,2,2,9.9,8.3,0.12,-2.9,-3.3
29,Adil Aouchiche,FRA,MF|FW,Saint-Étienne,18,2002,19.2,2,26,12,46.2,1.35,0.62,0.08,0.17,20.8,2,0,0,3.4,3.4,0.13,-1.4,-1.4
30,Dennis Appiah,FRA,DF,Nantes,28,1992,17.3,0,6,0,0.0,0.35,0.00,0.00,,18.0,0,0,0,0.3,0.3,0.05,-0.3,-0.3
31,Luiz Araújo,BRA,MF,Lille,24,1996,16.6,4,49,10,20.4,2.95,0.60,0.08,0.40,23.2,1,0,0,3.7,3.7,0.07,+0.3,+0.3
32,Karim Aribi,ALG,FW,Nîmes,26,1994,3.3,0,8,2,25.0,2.45,0.61,0.00,0.00,13.5,0,0,0,0.8,0.8,0.10,-0.8,-0.8
33,Roger Assalé,CIV,FW|MF,Dijon,26,1993,9.2,1,11,3,27.3,1.20,0.33,0.09,0.33,16.8,0,0,0,1.2,1.2,0.11,-0.2,-0.2
34,Youcef Atal,ALG,DF|FW,Nice,24,1996,10.6,1,8,5,62.5,0.75,0.47,0.13,0.20,18.1,0,0,0,0.4,0.4,0.05,+0.6,+0.6
35,Jean-Kévin Augustin,FRA,FW,Nantes,23,1997,0.4,0,0,0,,0.00,0.00,,,,0,0,0,0.0,0.0,,0.0,0.0
36,Ludovic Baal,GUF,DF|MF,Brest,34,1986,3.3,0,0,0,,0.00,0.00,,,,0,0,0,0.0,0.0,,0.0,0.0
37,Loïc Bade,FRA,DF,Lens,20,2000,29.0,0,11,3,27.3,0.38,0.10,0.00,0.00,15.2,0,0,0,1.0,1.0,0.09,-1.0,-1.0
38,Benoît Badiashile,FRA,DF,Monaco,19,2001,31.9,2,24,4,16.7,0.75,0.13,0.08,0.50,14.9,0,0,0,2.3,2.3,0.10,-0.3,-0.3
39,Stéphane Bahoken,CMR,FW,Angers,28,1992,18.0,6,59,23,39.0,3.29,1.28,0.10,0.26,16.1,0,0,1,8.3,7.5,0.13,-2.3,-1.5
40,Stefan Bajic,FRA,GK,Saint-Étienne,18,2001,1.0,0,0,0,,0.00,0.00,,,,0,0,0,0.0,0.0,,0.0,0.0
41,Mitchel Bakker,NED,DF,Paris S-G,20,2000,18.8,0,2,2,100.0,0.11,0.11,0.00,0.00,13.8,0,0,0,0.3,0.3,0.14,-0.3,-0.3
42,Dilane Bakwa,FRA,FW|MF,Bordeaux,17,2002,0.6,0,3,2,66.7,4.82,3.21,0.00,0.00,21.9,0,0,0,0.1,0.1,0.05,-0.1,-0.1
43,Leonardo Balerdi,ARG,DF,Marseille,21,1999,18.2,2,13,4,30.8,0.72,0.22,0.15,0.50,9.1,0,0,0,2.0,2.0,0.15,0.0,0.0
44,Fodé Ballo-Touré,SEN,DF,Monaco,23,1997,7.4,0,2,1,50.0,0.27,0.14,0.00,0.00,13.6,0,0,0,0.1,0.1,0.07,-0.1,-0.1
45,Abdoulaye Bamba,CIV,DF,Angers,30,1990,15.0,0,1,1,100.0,0.07,0.07,0.00,0.00,15.8,0,0,0,0.1,0.1,0.05,-0.1,-0.1
46,Jonathan Bamba,CIV,MF,Lille,24,1996,33.2,6,60,20,33.3,1.81,0.60,0.10,0.30,22.8,1,0,0,4.2,4.2,0.07,+1.8,+1.8
47,Robson Bambu,BRA,DF,Nice,22,1997,11.6,0,2,1,50.0,0.17,0.09,0.00,0.00,11.2,0,0,0,0.1,0.1,0.07,-0.1,-0.1
48,Simon Banza,COD,FW,Lens,23,1996,15.2,5,34,12,35.3,2.23,0.79,0.12,0.33,13.8,0,1,1,6.0,5.2,0.15,-1.0,-1.2
49,Danilo Barbosa,BRA,DF,Nice,24,1996,2.8,0,2,0,0.0,0.72,0.00,0.00,,19.3,1,0,0,0.2,0.2,0.10,-0.2,-0.2
50,Melvin Bard,FRA,DF,Lyon,19,2000,4.8,0,2,1,50.0,0.42,0.21,0.00,0.00,16.2,0,0,0,0.1,0.1,0.05,-0.1,-0.1
51,Toma Bašić,CRO,MF,Bordeaux,23,1996,28.9,4,45,17,37.8,1.56,0.59,0.09,0.24,21.8,7,0,0,4.6,4.6,0.10,-0.6,-0.6
52,Cristian Battocchio,ITA,MF,Brest,28,1992,3.9,0,5,1,20.0,1.27,0.25,0.00,0.00,24.1,1,0,0,0.4,0.4,0.09,-0.4,-0.4
53,Paul Baysse,FRA,DF,Bordeaux,32,1988,29.0,2,11,2,18.2,0.38,0.07,0.18,1.00,10.3,0,0,0,1.5,1.5,0.13,+0.5,+0.5
54,Erwan Belhadji,FRA,MF,Dijon,19,2001,0.3,0,1,0,0.0,3.00,0.00,0.00,,23.7,0,0,0,0.0,0.0,0.03,0.0,0.0
55,Haris Belkebla,ALG,MF,Brest,26,1994,30.3,0,6,0,0.0,0.20,0.00,0.00,,26.3,0,0,0,0.2,0.2,0.03,-0.2,-0.2
56,Jean-Ricner Bellegarde,FRA,MF|FW,Strasbourg,22,1998,23.2,1,23,5,21.7,0.99,0.22,0.04,0.20,17.9,0,0,0,2.1,2.1,0.09,-1.1,-1.1
57,Sami Ben Amar,MAR,MF,Nîmes,22,1998,0.1,0,0,0,,0.00,0.00,,,,0,0,0,0.0,0.0,,0.0,0.0
58,Hatem Ben Arfa,FRA,MF|FW,Bordeaux,33,1987,18.9,2,33,11,33.3,1.74,0.58,0.06,0.18,21.6,5,0,0,2.3,2.3,0.07,-0.3,-0.3
59,Salim Ben Seghir,FRA,DF,Nice,17,2003,0.1,0,0,0,,0.00,0.00,,,,0,0,0,0.0,0.0,,0.0,0.0
60,Wissam Ben Yedder,FRA,FW,Monaco,29,1990,29.0,20,68,21,30.9,2.35,0.72,0.15,0.48,17.7,7,10,12,19.6,10.2,0.15,+0.4,-0.2
61,Samy Benchamma,FRA,DF|MF,Montpellier,20,2000,0.5,0,0,0,,0.00,0.00,,,,0,0,0,0.0,0.0,,0.0,0.0
62,Darío Benedetto,ARG,FW,Marseille,30,1990,17.5,5,37,14,37.8,2.11,0.80,0.11,0.29,15.4,0,1,1,7.6,6.8,0.18,-2.6,-2.8
63,Walter Benítez,ARG,GK,Nice,27,1993,38.0,0,0,0,,0.00,0.00,,,,0,0,0,0.0,0.0,,0.0,0.0
64,Loris Benito,SUI,DF,Bordeaux,28,1992,29.5,0,8,1,12.5,0.27,0.03,0.00,0.00,12.3,0,0,0,0.5,0.5,0.06,-0.5,-0.5
65,Bilal Benkhedim,FRA,FW,Saint-Étienne,19,2001,0.8,0,0,0,,0.00,0.00,,,,0,0,0,0.0,0.0,,0.0,0.0
66,Djamel Benlamri,ALG,DF,Lyon,30,1989,1.7,0,0,0,,0.00,0.00,,,,0,0,0,0.0,0.0,,0.0,0.0
67,Yassine Benrahou,FRA,MF,Nîmes,21,1999,13.8,0,18,4,22.2,1.31,0.29,0.00,0.00,24.0,5,0,0,0.8,0.8,0.04,-0.8,-0.8
68,Yassine Benzia,ALG,MF|FW,Dijon,25,1994,4.5,2,4,0,0.0,0.88,0.00,0.00,,27.2,0,2,2,1.8,0.2,0.05,+0.2,-0.2
69,Valon Berisha,KVX,MF,Reims,27,1993,18.3,0,21,3,14.3,1.15,0.16,0.00,0.00,22.2,3,0,0,1.0,1.0,0.05,-1.0,-1.0
70,Paul Bernardoni,FRA,GK,Angers,23,1997,38.0,0,0,0,,0.00,0.00,,,,0,0,0,0.0,0.0,,0.0,0.0
71,Juan Bernat,ESP,DF,Paris S-G,27,1993,2.2,0,0,0,,0.00,0.00,,,,0,0,0,0.0,0.0,,0.0,0.0
72,Dimitry Bertaud,FRA,GK,Montpellier,22,1998,8.3,0,0,0,,0.00,0.00,,,,0,0,0,0.0,0.0,,0.0,0.0
73,Loïc Bessile,TOG,DF,Bordeaux,21,1999,1.0,0,0,0,,0.00,0.00,,,,0,0,0,0.0,0.0,,0.0,0.0
74,Giulian Biancone,FRA,DF|MF,Monaco,20,2000,1.0,0,1,0,0.0,0.98,0.00,0.00,,17.3,0,0,0,0.0,0.0,0.04,0.0,0.0
75,El Bilal Touré,MLI,FW,Reims,18,2001,13.8,4,19,9,47.4,1.37,0.65,0.21,0.44,11.2,0,0,0,3.1,3.1,0.16,+0.9,+0.9
76,Ludovic Blas,FRA,MF|FW,Nantes,22,1997,31.0,10,71,24,33.8,2.29,0.78,0.14,0.42,19.8,0,0,0,8.1,8.1,0.11,+1.9,+1.9
77,Antonin Bobichon,FRA,MF|FW,Angers,24,1995,10.1,0,22,3,13.6,2.17,0.30,0.00,0.00,24.1,3,0,0,1.0,1.0,0.04,-1.0,-1.0
78,Sacha Boey,FRA,DF,Dijon,19,2000,20.7,0,10,1,10.0,0.48,0.05,0.00,0.00,25.4,0,0,0,0.3,0.3,0.03,-0.3,-0.3
79,Sacha Boey,FRA,DF,Rennes,19,2000,1.4,0,1,0,0.0,0.73,0.00,0.00,,11.9,0,0,0,0.1,0.1,0.08,-0.1,-0.1
80,Quentin Boisgard,FRA,MF|FW,Lorient,23,1997,14.6,2,24,7,29.2,1.64,0.48,0.08,0.29,21.6,3,0,0,2.1,2.1,0.09,-0.1,-0.1
81,Sven Botman,NED,DF,Lille,20,2000,36.8,0,16,5,31.3,0.44,0.14,0.00,0.00,14.9,1,0,0,1.2,1.2,0.08,-1.2,-1.2
82,Denis Bouanga,GAB,MF|FW,Saint-Étienne,25,1994,30.2,7,97,35,36.1,3.21,1.16,0.04,0.11,18.7,4,3,4,12.8,9.6,0.10,-5.8,-5.6
83,Hicham Boudaoui,ALG,MF,Nice,20,1999,19.3,3,16,9,56.3,0.83,0.47,0.19,0.33,19.4,0,0,0,2.2,2.2,0.13,+0.8,+0.8
84,Ryad Boudebouz,ALG,MF|FW,Saint-Étienne,30,1990,7.2,0,11,3,27.3,1.52,0.41,0.00,0.00,24.9,2,0,2,2.1,0.5,0.05,-2.1,-0.5
85,Sofiane Boufal,MAR,FW|MF,Angers,26,1993,8.1,1,13,5,38.5,1.60,0.61,0.08,0.20,16.4,2,0,0,1.7,1.7,0.13,-0.7,-0.7
86,Farid Boulaya,ALG,MF|FW,Metz,27,1993,31.3,6,78,26,33.3,2.49,0.83,0.06,0.19,26.4,26,1,2,5.2,3.7,0.05,+0.8,+1.3
87,Ismaëlben Boura,FRA,DF,Lens,19,2000,9.1,0,2,0,0.0,0.22,0.00,0.00,,19.0,0,0,0,0.1,0.1,0.07,-0.1,-0.1
88,Benjamin Bourigeaud,FRA,MF|FW,Rennes,26,1994,28.4,6,64,24,37.5,2.26,0.85,0.09,0.25,22.2,11,0,0,4.3,4.3,0.07,+1.7,+1.7
89,John Boye,GHA,DF,Metz,33,1987,33.8,1,13,2,15.4,0.38,0.06,0.08,0.50,9.0,0,0,0,2.3,2.3,0.18,-1.3,-1.3
90,Umut Bozok,TUR,MF|FW,Lorient,23,1996,0.7,0,0,0,,0.00,0.00,,,,0,0,0,0.0,0.0,,0.0,0.0
91,Domagoj Bradarić,CRO,DF,Lille,20,1999,14.0,1,4,3,75.0,0.29,0.21,0.25,0.33,20.5,0,0,0,0.2,0.2,0.05,+0.8,+0.8
92,Lilian Brassier,FRA,DF,Brest,20,1999,10.7,1,6,1,16.7,0.56,0.09,0.17,1.00,15.5,0,0,0,0.6,0.6,0.10,+0.4,+0.4
93,Anthony Briançon,FRA,DF,Nîmes,25,1994,13.6,0,5,3,60.0,0.37,0.22,0.00,0.00,16.0,0,0,0,0.4,0.4,0.08,-0.4,-0.4
94,Jimmy Briand,FRA,FW,Bordeaux,34,1985,6.3,1,12,3,25.0,1.89,0.47,0.00,0.00,14.0,0,1,1,1.8,1.0,0.08,-0.8,-1.0
95,Dylan Bronn,TUN,DF,Metz,25,1995,37.9,2,14,4,28.6,0.37,0.11,0.07,0.25,25.0,1,1,2,2.3,0.7,0.05,-0.3,+0.3
96,Lucas Buadés,FRA,MF,Nîmes,22,1997,0.2,0,0,0,,0.00,0.00,,,,0,0,0,0.0,0.0,,0.0,0.0
97,Patrick Burner,MTQ,DF,Nice,24,1996,0.0,0,0,0,,0.00,0.00,,,,0,0,0,0.0,0.0,,0.0,0.0
98,Patrick Burner,MTQ,DF,Nîmes,24,1996,14.6,0,6,1,16.7,0.41,0.07,0.00,0.00,24.0,0,0,0,0.3,0.3,0.05,-0.3,-0.3
99,Marcin Bułka,POL,GK,Paris S-G,20,1999,1.0,0,0,0,,0.00,0.00,,,,0,0,0,0.0,0.0,,0.0,0.0
100,Jimmy Cabot,FRA,FW|MF,Angers,26,1994,10.5,1,10,4,40.0,0.96,0.38,0.10,0.25,19.8,0,0,0,0.8,0.8,0.08,+0.2,+0.2
101,Anthony Caci,FRA,DF,Strasbourg,23,1997,31.1,0,8,0,0.0,0.26,0.00,0.00,,24.3,0,0,0,0.3,0.3,0.04,-0.3,-0.3
102,Mathieu Cafaro,FRA,MF|FW,Reims,23,1997,23.0,4,60,21,35.0,2.60,0.91,0.07,0.19,24.9,10,0,0,2.7,2.7,0.04,+1.3,+1.3
103,Yannick Cahuzac,FRA,MF,Lens,35,1985,25.0,1,8,2,25.0,0.32,0.08,0.13,0.50,9.8,0,0,0,1.4,1.4,0.18,-0.4,-0.4
104,Marc-Aurèle Caillard,FRA,GK,Metz,26,1994,4.0,0,0,0,,0.00,0.00,,,,0,0,0,0.0,0.0,,0.0,0.0
105,Duje Ćaleta-Car,CRO,DF,Marseille,23,1996,31.3,2,10,3,30.0,0.32,0.10,0.20,0.67,9.9,0,0,0,1.2,1.2,0.12,+0.8,+0.8
106,Mahdi Camara,FRA,MF|DF,Saint-Étienne,22,1998,36.6,3,23,9,39.1,0.63,0.25,0.13,0.33,18.7,0,0,0,3.2,3.2,0.14,-0.2,-0.2
107,Eduardo Camavinga,FRA,MF,Rennes,17,2002,26.7,1,26,8,30.8,0.97,0.30,0.04,0.13,18.7,0,0,0,1.8,1.8,0.07,-0.8,-0.8
108,Pierrick Capelle,FRA,MF|DF,Angers,33,1987,22.8,3,29,5,17.2,1.27,0.22,0.10,0.60,21.2,1,0,0,3.0,3.0,0.10,0.0,0.0
109,Maxence Caqueret,FRA,MF,Lyon,20,2000,19.6,0,10,1,10.0,0.51,0.05,0.00,0.00,21.6,0,0,0,0.7,0.7,0.07,-0.7,-0.7
110,Irvin Cardona,FRA,FW,Brest,22,1997,22.5,8,55,18,32.7,2.44,0.80,0.15,0.44,13.2,1,0,0,7.7,7.7,0.14,+0.3,+0.3
111,Lionel Carole,FRA,DF,Strasbourg,29,1991,14.9,0,3,1,33.3,0.20,0.07,0.00,0.00,23.4,0,0,0,0.1,0.1,0.04,-0.1,-0.1
112,Moreto Cassamã,GNB,MF,Reims,22,1998,22.6,1,11,2,18.2,0.49,0.09,0.09,0.50,27.8,0,0,0,0.3,0.3,0.03,+0.7,+0.7
113,Jean-Charles Castelletto,CMR,DF,Nantes,25,1995,21.6,1,8,4,50.0,0.37,0.18,0.13,0.25,6.7,0,0,0,2.0,2.0,0.26,-1.0,-1.0
114,Zeki Çelik,TUR,DF,Lille,23,1997,26.5,3,15,6,40.0,0.57,0.23,0.20,0.50,21.2,0,0,0,0.6,0.6,0.04,+2.4,+2.4
115,Bersant Celina,KVX,MF|FW,Dijon,23,1996,25.5,0,24,5,20.8,0.94,0.20,0.00,0.00,22.5,4,0,0,1.7,1.7,0.07,-1.7,-1.7
116,Fabien Centonze,FRA,DF,Metz,24,1996,35.8,1,24,6,25.0,0.67,0.17,0.04,0.17,22.1,0,0,0,1.2,1.2,0.05,-0.2,-0.2
117,Nassim Chadli,FRA,FW|MF,Nîmes,19,2001,0.3,0,0,0,,0.00,0.00,,,,0,0,0,0.0,0.0,,0.0,0.0
118,Fouad Chafik,MAR,DF,Dijon,33,1986,18.0,1,5,1,20.0,0.28,0.06,0.20,1.00,25.1,0,0,0,0.2,0.2,0.03,+0.8,+0.8
119,Mehdi Chahiri,MAR,FW|MF,Strasbourg,24,1996,8.9,2,21,7,33.3,2.36,0.79,0.10,0.29,19.9,0,0,0,1.6,1.6,0.08,+0.4,+0.4
120,Aníbal Chalá,ECU,DF,Dijon,24,1996,8.3,0,0,0,,0.00,0.00,,,,0,0,0,0.0,0.0,,0.0,0.0
121,Trevoh Chalobah,ENG,DF|MF,Lorient,21,1999,24.9,2,15,3,20.0,0.60,0.12,0.13,0.67,13.9,0,0,0,1.6,1.6,0.10,+0.4,+0.4
122,Gaëtan Charbonnier,FRA,MF|FW,Brest,31,1988,17.4,6,34,12,35.3,1.95,0.69,0.15,0.42,15.3,3,1,1,6.3,5.5,0.16,-0.3,-0.5
123,Brendan Chardonnet,FRA,DF,Brest,25,1994,30.2,3,21,9,42.9,0.70,0.30,0.14,0.33,13.5,0,0,0,2.3,2.3,0.11,+0.7,+0.7
124,Xavier Chavalerin,FRA,MF,Reims,29,1991,28.3,0,22,6,27.3,0.78,0.21,0.00,0.00,21.4,0,0,0,1.2,1.2,0.06,-1.2,-1.2
125,Pape Cheikh Diop,SEN,MF,Dijon,22,1997,12.1,0,6,0,0.0,0.50,0.00,0.00,,21.0,0,0,0,0.3,0.3,0.05,-0.3,-0.3
126,Rayan Cherki,FRA,FW|MF,Lyon,16,2003,7.8,1,18,5,27.8,2.32,0.64,0.06,0.20,18.0,0,0,0,1.0,1.0,0.06,0.0,0.0
127,Pedro Chirivella,ESP,MF,Nantes,23,1997,25.3,0,8,1,12.5,0.32,0.04,0.00,0.00,21.1,0,0,0,0.4,0.4,0.04,-0.4,-0.4
128,Joris Chotard,FRA,MF,Montpellier,18,2001,12.9,0,8,2,25.0,0.62,0.15,0.00,0.00,17.7,0,0,0,0.5,0.5,0.07,-0.5,-0.5
129,Mounir Chouiar,FRA,FW|MF,Dijon,21,1999,14.3,0,23,5,21.7,1.61,0.35,0.00,0.00,21.3,4,0,1,2.0,1.2,0.05,-2.0,-1.2
130,Sébastien Cibois,FRA,GK,Brest,22,1998,3.0,0,0,0,,0.00,0.00,,,,0,0,0,0.0,0.0,,0.0,0.0
131,Alexis Claude-Maurice,FRA,MF|FW,Nice,22,1998,21.2,4,34,15,44.1,1.60,0.71,0.12,0.27,18.9,3,0,0,3.8,3.8,0.12,+0.2,+0.2
132,Jonathan Clauss,FRA,DF,Lens,27,1992,28.0,3,34,13,38.2,1.21,0.46,0.09,0.23,22.6,3,0,0,1.7,1.7,0.05,+1.3,+1.3
133,Marcus Coco,FRA,MF|FW,Nantes,24,1996,16.4,0,13,2,15.4,0.79,0.12,0.00,0.00,15.7,0,0,0,0.8,0.8,0.06,-0.8,-0.8
134,Racine Coly,SEN,MF,Nice,24,1995,0.2,0,0,0,,0.00,0.00,,,,0,0,0,0.0,0.0,,0.0,0.0
135,Daniel Congré,FRA,DF,Montpellier,35,1985,36.6,2,13,3,23.1,0.36,0.08,0.15,0.67,8.5,0,0,0,1.3,1.3,0.10,+0.7,+0.7
136,Sébastien Corchia,FRA,DF,Nantes,29,1990,23.0,0,21,7,33.3,0.91,0.30,0.00,0.00,24.1,5,0,0,0.9,0.9,0.04,-0.9,-0.9
137,Maxwel Cornet,CIV,DF|FW,Lyon,23,1996,27.2,2,21,11,52.4,0.77,0.40,0.10,0.18,17.6,2,0,0,2.1,2.1,0.10,-0.1,-0.1
138,David Pereira da Costa,POR,MF|FW,Lens,19,2001,1.8,1,2,1,50.0,1.14,0.57,0.50,1.00,19.4,0,0,0,0.4,0.4,0.22,+0.6,+0.6
139,Charles Costes,FRA,MF,Dijon,17,2002,0.0,0,0,0,,0.00,0.00,,,,0,0,0,0.0,0.0,,0.0,0.0
140,Benoît Costil,FRA,GK,Bordeaux,33,1987,38.0,0,0,0,,0.00,0.00,,,,0,0,0,0.0,0.0,,0.0,0.0
141,Kalifa Coulibaly,MLI,FW,Nantes,28,1991,10.9,3,18,4,22.2,1.65,0.37,0.11,0.50,13.1,0,1,1,2.6,1.8,0.10,+0.4,+0.2
142,Lassana Coulibaly,MLI,MF,Angers,24,1996,18.7,1,14,4,28.6,0.75,0.21,0.07,0.25,23.2,0,0,0,1.2,1.2,0.08,-0.2,-0.2
143,Senou Coulibaly,MLI,DF,Dijon,25,1994,21.5,2,5,3,60.0,0.23,0.14,0.40,0.67,8.9,0,0,0,0.8,0.8,0.17,+1.2,+1.2
144,Nicolas Cozza,FRA,DF,Montpellier,21,1999,15.2,0,1,0,0.0,0.07,0.00,0.00,,6.4,0,0,0,0.3,0.3,0.26,-0.3,-0.3
145,Andrés Cubas,PAR,MF,Nîmes,24,1996,24.9,1,11,5,45.5,0.44,0.20,0.09,0.20,23.7,0,0,0,0.4,0.4,0.04,+0.6,+0.6
146,Mickaël Cuisance,FRA,MF,Marseille,20,1999,11.4,2,9,3,33.3,0.79,0.26,0.22,0.67,18.1,1,0,0,0.8,0.8,0.09,+1.2,+1.2
147,Damien Da Silva,FRA,DF,Rennes,32,1988,29.6,4,23,11,47.8,0.78,0.37,0.17,0.36,13.3,0,0,0,2.1,2.1,0.09,+1.9,+1.9
148,Colin Dagba,FRA,DF,Paris S-G,21,1998,15.1,1,7,1,14.3,0.46,0.07,0.14,1.00,20.0,0,0,0,0.7,0.7,0.10,+0.3,+0.3
149,Flavius Daniliuc,AUT,DF,Nice,19,2001,16.4,1,9,2,22.2,0.55,0.12,0.11,0.50,17.7,0,0,0,0.6,0.6,0.07,+0.4,+0.4
150,Dante,BRA,DF,Nice,36,1983,8.6,2,7,2,28.6,0.81,0.23,0.29,1.00,12.3,1,0,0,0.9,0.9,0.12,+1.1,+1.1
151,Jonathan David,CAN,FW,Lille,20,2000,26.2,13,55,33,60.0,2.10,1.26,0.24,0.39,15.2,0,0,0,9.1,9.1,0.17,+3.9,+3.9
152,Mattia De Sciglio,ITA,DF,Lyon,27,1992,16.3,0,3,1,33.3,0.18,0.06,0.00,0.00,25.6,0,0,0,0.1,0.1,0.03,-0.1,-0.1
153,Thibault De Smet,BEL,DF,Reims,22,1998,5.5,0,0,0,,0.00,0.00,,,,0,0,0,0.0,0.0,,0.0,0.0
154,Lucas Deaux,FRA,MF|DF,Nîmes,31,1988,19.5,1,13,4,30.8,0.67,0.21,0.08,0.25,18.9,0,0,0,1.2,1.2,0.09,-0.2,-0.2
155,Mathieu Debuchy,FRA,DF,Saint-Étienne,35,1985,23.4,2,26,7,26.9,1.11,0.30,0.08,0.29,13.5,0,0,0,2.7,2.7,0.10,-0.7,-0.7
156,Romain Del Castillo,FRA,MF|FW,Rennes,24,1996,7.2,0,16,5,31.3,2.21,0.69,0.00,0.00,19.7,1,0,0,1.1,1.1,0.07,-1.1,-1.1
157,Thomas Delaine,FRA,DF|FW,Metz,28,1992,19.8,3,18,10,55.6,0.91,0.51,0.17,0.30,21.1,0,0,0,1.7,1.7,0.09,+1.3,+1.3
158,Jonathan Delaplace,FRA,DF,Lorient,34,1986,10.1,0,5,0,0.0,0.50,0.00,0.00,,21.3,0,0,0,0.2,0.2,0.04,-0.2,-0.2
159,Sacha Delaye,FRA,MF,Montpellier,18,2002,0.1,0,0,0,,0.00,0.00,,,,0,0,0,0.0,0.0,,0.0,0.0
160,Andy Delort,ALG,FW,Montpellier,28,1991,27.6,15,90,35,38.9,3.26,1.27,0.17,0.43,16.7,2,0,1,12.8,12.0,0.14,+2.2,+3.0
161,Moussa Dembélé,FRA,FW,Lyon,24,1996,7.5,1,30,9,30.0,3.99,1.20,0.03,0.11,13.5,1,0,0,5.3,5.3,0.18,-4.3,-4.3
162,Jason Denayer,BEL,DF,Lyon,25,1995,29.0,1,5,1,20.0,0.17,0.03,0.20,1.00,18.5,0,0,0,0.5,0.5,0.09,+0.5,+0.5
163,Kevin Denkey,TOG,FW,Nîmes,19,2000,5.8,1,18,8,44.4,3.09,1.37,0.06,0.13,14.6,0,0,0,2.1,2.1,0.12,-1.1,-1.1
164,Clément Depres,FRA,FW,Nîmes,25,1994,0.2,0,0,0,,0.00,0.00,,,,0,0,0,0.0,0.0,,0.0,0.0
165,Ángel Di María,ARG,FW|MF,Paris S-G,32,1988,20.6,4,60,17,28.3,2.91,0.83,0.07,0.24,21.5,6,0,0,4.7,4.7,0.08,-0.7,-0.7
166,Boulaye Dia,SEN,FW|MF,Reims,23,1996,32.6,14,58,22,37.9,1.78,0.68,0.16,0.41,16.2,0,5,5,12.5,8.6,0.15,+1.5,+0.4
167,Abdou Diallo,SEN,DF,Paris S-G,24,1996,16.6,0,4,0,0.0,0.24,0.00,0.00,,14.6,0,0,0,0.2,0.2,0.05,-0.2,-0.2
168,Habib Diallo,SEN,FW,Strasbourg,25,1995,25.8,9,52,20,38.5,2.02,0.78,0.15,0.40,16.8,0,1,1,7.6,6.8,0.13,+1.4,+1.2
169,Habib Diallo,SEN,FW|MF,Metz,25,1995,1.6,0,2,0,0.0,1.26,0.00,0.00,,9.2,0,0,0,0.4,0.4,0.20,-0.4,-0.4
170,Ibrahima Diallo,FRA,MF,Brest,21,1999,4.9,0,1,0,0.0,0.20,0.00,0.00,,36.5,0,0,0,0.0,0.0,0.02,0.0,0.0
171,Stéphane Diarra,FRA,MF|FW,Lorient,21,1998,2.2,0,2,2,100.0,0.91,0.91,0.00,0.00,23.6,0,0,0,0.1,0.1,0.05,-0.1,-0.1
172,Krépin Diatta,SEN,MF|DF,Monaco,21,1999,4.3,1,3,1,33.3,0.69,0.23,0.33,1.00,16.0,0,0,0,0.4,0.4,0.14,+0.6,+0.6
173,Bamba Dieng,SEN,FW|DF,Marseille,20,2000,1.4,0,1,0,0.0,0.70,0.00,0.00,,4.3,0,0,0,0.2,0.2,0.25,-0.2,-0.2
174,Junior Dina Ebimbe,FRA,FW|MF,Dijon,19,2000,23.8,1,45,13,28.9,1.89,0.55,0.02,0.08,18.3,0,0,0,3.4,3.4,0.08,-2.4,-2.4
175,Tristan Dingomé,CMR,MF,Reims,29,1991,0.2,0,0,0,,0.00,0.00,,,,0,0,0,0.0,0.0,,0.0,0.0
176,Sinaly Diomande,CIV,DF,Lyon,19,2001,12.6,0,16,3,18.8,1.27,0.24,0.00,0.00,15.4,0,0,0,1.3,1.3,0.08,-1.3,-1.3
177,Lois Diony,FRA,FW,Angers,27,1992,19.4,5,28,13,46.4,1.44,0.67,0.14,0.31,15.3,0,1,1,4.0,3.3,0.12,+1.0,+0.7
178,Sofiane Diop,FRA,MF|FW,Monaco,20,2000,22.5,7,44,17,38.6,1.96,0.76,0.16,0.41,19.8,1,0,0,4.8,4.8,0.11,+2.2,+2.2
179,Andy Diouf,FRA,FW,Rennes,17,2003,0.1,0,0,0,,0.00,0.00,,,,0,0,0,0.0,0.0,,0.0,0.0
180,Yehvann Diouf,FRA,GK,Reims,20,1999,1.5,0,0,0,,0.00,0.00,,,,0,0,0,0.0,0.0,,0.0,0.0
181,Assane Dioussé,SEN,DF,Saint-Étienne,22,1997,0.0,0,0,0,,0.00,0.00,,,,0,0,0,0.0,0.0,,0.0,0.0
182,Axel Disasi,FRA,DF,Monaco,22,1998,22.3,3,18,6,33.3,0.81,0.27,0.17,0.50,11.6,0,0,0,2.4,2.4,0.14,+0.6,+0.6
183,Tiago Djaló,POR,DF,Lille,20,2000,9.7,0,2,0,0.0,0.21,0.00,0.00,,28.5,0,0,0,0.1,0.1,0.03,-0.1,-0.1
184,Alexander Djiku,GHA,DF|MF,Strasbourg,25,1994,28.4,0,16,3,18.8,0.56,0.11,0.00,0.00,17.1,1,0,0,2.0,2.0,0.14,-2.0,-2.0
185,Mihai Dobre,ROU,FW,Dijon,21,1998,5.9,0,9,1,11.1,1.53,0.17,0.00,0.00,16.8,0,0,0,0.5,0.5,0.05,-0.5,-0.5
186,Jeremy Doku,BEL,MF|FW,Rennes,18,2002,25.7,2,36,7,19.4,1.40,0.27,0.06,0.29,18.2,0,0,0,2.8,2.8,0.08,-0.8,-0.8
187,Kasper Dolberg,DEN,FW,Nice,22,1997,21.4,6,35,16,45.7,1.63,0.75,0.11,0.25,13.5,1,2,2,8.4,6.8,0.19,-2.4,-2.8
188,Keagan Dolly,RSA,MF,Montpellier,27,1993,5.0,0,5,0,0.0,1.00,0.00,0.00,,26.6,0,0,0,0.1,0.1,0.03,-0.1,-0.1
189,Anastasios Donis,GRE,MF,Reims,23,1996,1.1,0,1,0,0.0,0.93,0.00,0.00,,29.3,0,0,0,0.0,0.0,0.03,0.0,0.0
190,Cheick Doucouré,MLI,MF,Lens,20,2000,29.2,2,35,5,14.3,1.20,0.17,0.06,0.40,25.8,0,0,0,1.3,1.3,0.04,+0.7,+0.7
191,Fodé Doucouré,MLI,DF,Reims,19,2001,3.7,0,3,2,66.7,0.81,0.54,0.00,0.00,22.6,0,0,0,0.3,0.3,0.10,-0.3,-0.3
192,Mahamadou Doucouré,MLI,FW|MF,Nîmes,20,2000,0.5,0,0,0,,0.00,0.00,,,,0,0,0,0.0,0.0,,0.0,0.0
193,Moussa Doumbia,MLI,MF|FW,Reims,25,1994,10.0,0,15,3,20.0,1.50,0.30,0.00,0.00,22.8,0,0,0,0.6,0.6,0.04,-0.6,-0.6
194,Souleyman Doumbia,CIV,DF,Angers,23,1996,24.7,0,7,2,28.6,0.28,0.08,0.00,0.00,21.3,0,0,0,0.6,0.6,0.09,-0.6,-0.6
195,Mouhamadou Drammeh,FRA,MF,Reims,21,1999,1.9,0,1,0,0.0,0.52,0.00,0.00,,30.0,0,0,0,0.0,0.0,0.03,0.0,0.0
196,Julian Draxler,GER,MF|FW,Paris S-G,26,1993,11.8,4,11,4,36.4,0.93,0.34,0.36,1.00,17.0,0,0,0,1.6,1.6,0.15,+2.4,+2.4
197,Matthieu Dreyer,FRA,GK,Lorient,31,1989,15.0,0,0,0,,0.00,0.00,,,,0,0,0,0.0,0.0,,0.0,0.0
198,Leo Dubois,FRA,DF,Lyon,25,1994,32.3,2,20,3,15.0,0.62,0.09,0.10,0.67,21.1,0,0,0,1.1,1.1,0.06,+0.9,+0.9
199,Haris Duljević,BIH,MF|FW,Nîmes,26,1993,8.6,0,15,5,33.3,1.75,0.58,0.00,0.00,22.1,0,0,0,1.2,1.2,0.08,-1.2,-1.2
200,Jean-Kevin Duverne,HAI,DF,Brest,23,1997,22.5,1,10,1,10.0,0.44,0.04,0.10,1.00,13.2,0,0,0,0.6,0.6,0.06,+0.4,+0.4
201,Enzo Ebosse,CMR,DF,Angers,21,1999,2.9,0,0,0,,0.00,0.00,,,,0,0,0,0.0,0.0,,0.0,0.0
202,Bruno Ecuele Manga,GAB,DF,Dijon,32,1988,38.0,2,31,8,25.8,0.82,0.21,0.06,0.25,11.2,0,0,0,2.4,2.4,0.08,-0.4,-0.4
203,Hugo Ekitike,FRA,FW|MF,Reims,18,2002,1.0,0,3,1,33.3,3.07,1.02,0.00,0.00,14.4,0,0,0,0.2,0.2,0.06,-0.2,-0.2
204,Niclas Eliasson,SWE,MF|FW,Nîmes,24,1995,20.0,4,25,10,40.0,1.25,0.50,0.16,0.40,16.8,6,0,0,3.6,3.6,0.15,+0.4,+0.4
205,Renaud Emond,BEL,FW|MF,Nantes,28,1991,3.9,2,8,4,50.0,2.03,1.02,0.25,0.50,9.0,0,0,0,1.5,1.5,0.19,+0.5,+0.5
206,Yoann Etienne,FRA,DF,Lorient,23,1997,1.0,0,0,0,,0.00,0.00,,,,0,0,0,0.0,0.0,,0.0,0.0
207,Fábio,BRA,DF,Nantes,30,1990,16.7,0,7,1,14.3,0.42,0.06,0.00,0.00,21.5,0,0,0,0.3,0.3,0.04,-0.3,-0.3
208,Cesc Fàbregas,ESP,MF|FW,Monaco,33,1987,9.7,2,8,2,25.0,0.82,0.21,0.00,0.00,20.1,1,2,2,3.2,1.6,0.20,-1.2,-1.6
209,Bandiougou Fadiga,FRA,FW|MF,Paris S-G,19,2001,0.7,0,1,1,100.0,1.43,1.43,0.00,0.00,31.1,0,0,0,0.0,0.0,0.03,0.0,0.0
210,Bandiougou Fadiga,FRA,MF|FW,Brest,19,2001,0.5,0,0,0,,0.00,0.00,,,,0,0,0,0.0,0.0,,0.0,0.0
211,Wout Faes,BEL,DF,Reims,22,1998,32.2,1,11,1,9.1,0.34,0.03,0.09,1.00,10.8,0,0,0,1.2,1.2,0.11,-0.2,-0.2
212,Romain Faivre,FRA,MF|FW,Brest,22,1998,32.1,6,62,22,35.5,1.93,0.68,0.08,0.23,20.6,8,1,1,6.2,5.4,0.09,-0.2,-0.4
213,Wuilker Faríñez,VEN,GK,Lens,22,1998,1.2,0,0,0,,0.00,0.00,,,,0,0,0,0.0,0.0,,0.0,0.0
214,Noah Fatar,FRA,FW|MF,Angers,18,2002,0.2,0,0,0,,0.00,0.00,,,,0,0,0,0.0,0.0,,0.0,0.0
215,Julien Faussurier,FRA,DF,Brest,33,1987,10.6,0,5,2,40.0,0.47,0.19,0.00,0.00,14.6,0,0,0,0.4,0.4,0.08,-0.4,-0.4
216,Zinedine Ferhat,ALG,FW|MF,Nîmes,27,1993,32.9,6,61,22,36.1,1.86,0.67,0.08,0.23,20.0,5,1,1,5.9,5.1,0.08,+0.1,-0.1
217,Jordan Ferri,FRA,MF,Montpellier,28,1992,28.6,0,4,2,50.0,0.14,0.07,0.00,0.00,23.6,0,0,0,0.1,0.1,0.03,-0.1,-0.1
218,Alexis Flips,FRA,MF|FW,Reims,20,2000,0.5,1,2,1,50.0,4.19,2.09,0.50,1.00,33.1,0,0,0,0.0,0.0,0.02,+1.0,+1.0
219,Alessandro Florenzi,ITA,DF,Paris S-G,29,1991,17.1,2,21,8,38.1,1.23,0.47,0.10,0.25,18.9,0,0,0,2.2,2.2,0.10,-0.2,-0.2
220,Mamadou Fofana,MLI,MF|DF,Metz,22,1998,11.9,0,3,0,0.0,0.25,0.00,0.00,,12.6,0,0,0,0.4,0.4,0.14,-0.4,-0.4
221,Seko Fofana,CIV,MF,Lens,25,1995,25.7,2,40,12,30.0,1.56,0.47,0.05,0.17,20.3,0,0,0,2.9,2.9,0.07,-0.9,-0.9
222,Wesley Fofana,FRA,DF,Saint-Étienne,19,2000,3.5,0,1,0,0.0,0.29,0.00,0.00,,13.1,0,0,0,0.1,0.1,0.05,-0.1,-0.1
223,Youssouf Fofana,FRA,MF,Monaco,21,1999,31.9,0,36,4,11.1,1.13,0.13,0.00,0.00,25.5,1,0,0,1.5,1.5,0.04,-1.5,-1.5
224,Thomas Foket,BEL,DF,Reims,25,1994,36.9,0,6,3,50.0,0.16,0.08,0.00,0.00,22.4,0,0,0,0.2,0.2,0.03,-0.2,-0.2
225,Lamine Fomba,FRA,MF,Nîmes,22,1998,24.2,1,24,6,25.0,0.99,0.25,0.04,0.17,17.2,0,0,0,2.6,2.6,0.11,-1.6,-1.6
226,Thomas Fontaine,MAD,DF,Lorient,29,1991,3.6,0,2,1,50.0,0.56,0.28,0.00,0.00,19.2,0,0,0,0.2,0.2,0.09,-0.2,-0.2
227,José Fonte,POR,DF,Lille,36,1983,35.4,3,27,10,37.0,0.76,0.28,0.11,0.30,12.7,0,0,0,2.1,2.1,0.08,+0.9,+0.9
228,Steven Fortes,CPV,DF,Lens,28,1992,15.9,0,5,1,20.0,0.31,0.06,0.00,0.00,17.4,0,0,0,0.4,0.4,0.07,-0.4,-0.4
229,Yassin Fortune,FRA,FW,Angers,21,1999,0.2,0,0,0,,0.00,0.00,,,,0,0,0,0.0,0.0,,0.0,0.0
230,Angelo Fulgini,FRA,MF,Angers,23,1996,30.3,7,65,28,43.1,2.15,0.92,0.09,0.21,20.4,7,1,1,5.4,4.6,0.07,+1.6,+1.4
231,Baptiste Gabard,FRA,MF,Saint-Étienne,20,2000,1.5,0,0,0,,0.00,0.00,,,,0,0,0,0.0,0.0,,0.0,0.0
232,Idrissa Gana Gueye,SEN,MF,Paris S-G,30,1989,17.6,2,19,7,36.8,1.08,0.40,0.11,0.29,23.4,0,0,0,0.8,0.8,0.04,+1.2,+1.2
233,Ignatius Ganago,CMR,FW,Lens,21,1999,14.5,7,40,18,45.0,2.76,1.24,0.18,0.39,13.4,0,0,0,7.8,7.8,0.19,-0.8,-0.8
234,Yann Gboho,FRA,MF|FW,Rennes,19,2001,3.4,0,9,3,33.3,2.67,0.89,0.00,0.00,13.6,0,0,0,0.9,0.9,0.10,-0.9,-0.9
235,Valère Germain,FRA,FW|MF,Marseille,30,1990,9.5,3,9,4,44.4,0.95,0.42,0.33,0.75,10.1,0,0,0,2.2,2.2,0.24,+0.8,+0.8
236,Willem Geubbels,FRA,MF|FW,Monaco,18,2001,3.3,1,6,2,33.3,1.84,0.61,0.17,0.50,11.3,0,0,0,1.2,1.2,0.20,-0.2,-0.2
237,Andrei Girotto,BRA,DF|MF,Nantes,28,1992,29.6,1,29,6,20.7,0.98,0.20,0.03,0.17,21.3,5,0,0,1.5,1.5,0.05,-0.5,-0.5
238,Aleksandr Golovin,RUS,MF|FW,Monaco,24,1996,11.9,5,27,12,44.4,2.27,1.01,0.19,0.42,19.2,1,0,0,2.9,2.9,0.11,+2.1,+2.1
239,Alfred Gomis,SEN,GK,Dijon,26,1993,5.0,0,0,0,,0.00,0.00,,,,0,0,0,0.0,0.0,,0.0,0.0
240,Alfred Gomis,SEN,GK,Rennes,26,1993,22.0,0,0,0,,0.00,0.00,,,,0,0,0,0.0,0.0,,0.0,0.0
241,Vagner Gonçalves,CPV,FW|MF,Metz,24,1996,10.7,4,19,4,21.1,1.77,0.37,0.11,0.50,17.3,0,2,2,4.7,3.1,0.16,-0.7,-1.1
242,Álvaro González,ESP,DF,Marseille,30,1990,31.5,2,16,3,18.8,0.51,0.10,0.13,0.67,10.6,0,0,0,1.3,1.3,0.08,+0.7,+0.7
243,Amine Gouiri,ALG,FW|MF,Nice,20,2000,30.5,12,76,29,38.2,2.49,0.95,0.11,0.28,16.5,7,4,4,14.4,11.5,0.15,-2.4,-3.5
244,Lucas Gourna-Douath,FRA,MF,Saint-Étienne,16,2003,14.7,0,5,1,20.0,0.34,0.07,0.00,0.00,18.3,0,0,0,0.5,0.5,0.11,-0.5,-0.5
245,Jonathan Gradit,FRA,DF,Lens,27,1992,31.4,0,2,0,0.0,0.06,0.00,0.00,,30.3,0,0,0,0.0,0.0,0.02,0.0,0.0
246,Andrew Gravillon,GLP,DF,Lorient,22,1998,25.2,2,14,4,28.6,0.55,0.16,0.14,0.50,16.3,1,0,0,1.6,1.6,0.11,+0.4,+0.4
247,Adrian Grbić,AUT,FW,Lorient,23,1996,10.7,4,31,11,35.5,2.90,1.03,0.03,0.09,19.2,4,3,3,6.5,4.1,0.13,-2.5,-3.1
248,Etienne Green,ENG,GK,Saint-Étienne,20,2000,8.0,0,0,0,,0.00,0.00,,,,0,0,0,0.0,0.0,,0.0,0.0
249,Clément Grenier,FRA,MF|FW,Rennes,29,1991,12.0,4,26,8,30.8,2.17,0.67,0.12,0.38,24.5,8,1,1,2.6,1.8,0.07,+1.4,+1.2
250,Evann Guessand,FRA,FW,Nice,19,2001,0.3,0,1,1,100.0,3.10,3.10,0.00,0.00,9.8,0,0,0,0.1,0.1,0.06,-0.1,-0.1
251,Kelyan Guessoum,FRA,DF,Nîmes,21,1999,12.5,0,6,1,16.7,0.48,0.08,0.00,0.00,11.6,0,0,0,0.5,0.5,0.08,-0.5,-0.5
252,Lamine Gueye,SEN,FW|MF,Metz,22,1998,16.2,3,41,16,39.0,2.54,0.99,0.07,0.19,16.7,0,0,0,4.6,4.6,0.11,-1.6,-1.6
253,Pape Gueye,SEN,MF,Marseille,21,1999,22.9,2,17,4,23.5,0.74,0.17,0.12,0.50,23.8,0,0,0,1.2,1.2,0.07,+0.8,+0.8
254,Frederic Guilbert,FRA,DF,Strasbourg,25,1994,12.4,1,15,4,26.7,1.21,0.32,0.07,0.25,26.5,4,0,0,0.5,0.5,0.04,+0.5,+0.5
255,Bruno Guimarães,BRA,MF,Lyon,22,1997,19.5,3,25,12,48.0,1.28,0.62,0.08,0.17,23.7,0,1,1,2.6,1.8,0.07,+0.4,+0.2
256,Serhou Guirassy,GUI,FW,Rennes,24,1996,19.6,10,51,24,47.1,2.60,1.22,0.18,0.38,16.2,4,1,1,9.2,8.4,0.17,+0.8,+0.6
257,Malo Gusto,FRA,DF|MF,Lyon,17,2003,0.0,0,0,0,,0.00,0.00,,,,0,0,0,0.0,0.0,,0.0,0.0
258,Massadio Haïdara,MLI,DF,Lens,27,1992,23.7,2,12,4,33.3,0.51,0.17,0.17,0.50,12.2,0,0,0,2.1,2.1,0.18,-0.1,-0.1
259,Pierre-Yves Hamel,FRA,FW,Lorient,26,1994,9.4,4,23,9,39.1,2.44,0.95,0.13,0.33,15.7,0,1,1,3.1,2.3,0.10,+0.9,+0.7
260,Romain Hamouma,FRA,FW|MF,Saint-Étienne,33,1987,19.7,6,33,17,51.5,1.68,0.86,0.18,0.35,15.7,2,0,0,4.8,4.7,0.14,+1.2,+1.3
261,Dalbert Henrique,BRA,DF,Rennes,26,1993,4.1,0,3,0,0.0,0.72,0.00,0.00,,28.0,0,0,0,0.1,0.1,0.03,-0.1,-0.1
262,Luis Henrique,BRA,FW|DF,Marseille,18,2001,7.5,0,6,4,66.7,0.80,0.53,0.00,0.00,22.2,0,0,0,0.3,0.3,0.04,-0.3,-0.3
263,Christophe Hérelle,MTQ,DF,Brest,27,1992,15.3,0,6,0,0.0,0.39,0.00,0.00,,8.4,0,0,0,0.9,0.9,0.15,-0.9,-0.9
264,Jérôme Hergault,FRA,DF|MF,Lorient,34,1986,18.1,2,4,2,50.0,0.22,0.11,0.50,1.00,17.1,0,0,0,0.4,0.4,0.10,+1.6,+1.6
265,Ander Herrera,ESP,MF,Paris S-G,30,1989,20.6,1,21,4,19.0,1.02,0.19,0.05,0.25,19.2,1,0,0,1.4,1.4,0.07,-0.4,-0.4
266,Vitorino Hilton,BRA,DF,Montpellier,42,1977,23.5,0,12,3,25.0,0.51,0.13,0.00,0.00,9.1,0,0,0,1.2,1.2,0.10,-1.2,-1.2
267,Franck Honorat,FRA,MF|FW,Brest,23,1996,27.3,8,41,24,58.5,1.50,0.88,0.20,0.33,18.7,1,0,0,4.2,4.2,0.11,+3.8,+3.8
268,Fraser Hornby,SCO,FW|MF,Reims,20,1999,0.4,0,2,1,50.0,5.14,2.57,0.00,0.00,11.9,0,0,0,0.2,0.2,0.12,-0.2,-0.2
269,Adrien Hunou,FRA,FW|MF,Rennes,26,1994,6.5,4,21,10,47.6,3.21,1.53,0.19,0.40,12.8,0,0,0,4.6,4.6,0.22,-0.6,-0.6
270,Didier Ibrahim Ndong,GAB,MF,Dijon,26,1994,29.0,0,6,1,16.7,0.21,0.03,0.00,0.00,26.9,0,0,0,0.2,0.2,0.03,-0.2,-0.2
271,Mauro Icardi,ARG,FW,Paris S-G,27,1993,12.0,7,38,13,34.2,3.17,1.08,0.16,0.46,9.8,0,1,1,8.6,7.8,0.21,-1.6,-1.8
272,Jonathan Ikone,FRA,MF|FW,Lille,22,1998,24.2,4,46,11,23.9,1.90,0.45,0.07,0.27,20.0,2,1,1,4.3,3.5,0.08,-0.3,-0.5
273,Yun Il-lok,KOR,MF|FW,Montpellier,28,1992,3.5,0,6,0,0.0,1.73,0.00,0.00,,18.4,0,0,0,0.6,0.6,0.09,-0.6,-0.6
274,Corentin Jean,FRA,FW|MF,Lens,25,1995,6.4,1,21,10,47.6,3.26,1.55,0.05,0.10,19.7,4,0,0,1.7,1.7,0.08,-0.7,-0.7
275,Jesé,ESP,FW,Paris S-G,27,1993,0.3,0,0,0,,0.00,0.00,,,,0,0,0,0.0,0.0,,0.0,0.0
276,Stevan Jovetić,MNE,FW|MF,Monaco,30,1989,8.9,6,44,20,45.5,4.94,2.24,0.14,0.30,19.2,5,0,1,5.5,4.3,0.10,+0.5,+1.7
277,Abdoul Kader Bamba,FRA,FW|MF,Nantes,26,1994,10.2,3,14,6,42.9,1.37,0.59,0.21,0.50,19.9,1,0,1,2.4,1.6,0.11,+0.6,+1.4
278,Tino Kadewere,ZIM,FW,Lyon,24,1996,22.3,10,59,23,39.0,2.64,1.03,0.17,0.43,12.8,0,0,0,9.9,9.9,0.17,+0.1,+0.1
279,Gaël Kakuta,COD,MF|FW,Lens,29,1991,26.6,11,43,8,18.6,1.62,0.30,0.09,0.50,27.7,9,7,9,11.1,4.0,0.09,-0.1,0.0
280,Arnaud Kalimuendo,FRA,FW,Paris S-G,18,2002,0.8,0,2,1,50.0,2.47,1.23,0.00,0.00,18.9,0,0,0,0.2,0.2,0.09,-0.2,-0.2
281,Arnaud Kalimuendo,FRA,FW|MF,Lens,18,2002,13.5,7,32,17,53.1,2.36,1.26,0.22,0.41,13.9,0,0,0,5.8,5.8,0.19,+1.2,+1.2
282,Samuel Kalu,NGA,FW|MF,Bordeaux,22,1997,10.7,4,25,8,32.0,2.33,0.75,0.16,0.50,17.4,1,0,0,1.8,1.8,0.07,+2.2,+2.2
283,Aboubakar Kamara,MTN,FW|MF,Dijon,25,1995,6.2,1,11,3,27.3,1.78,0.48,0.09,0.33,18.9,0,0,0,1.2,1.2,0.11,-0.2,-0.2
284,Bingourou Kamara,SEN,GK,Strasbourg,23,1996,8.0,0,0,0,,0.00,0.00,,,,0,0,0,0.0,0.0,,0.0,0.0
285,Boubacar Kamara,FRA,MF,Marseille,20,1999,32.2,0,19,7,36.8,0.59,0.22,0.00,0.00,23.8,0,0,0,0.8,0.8,0.04,-0.8,-0.8
286,Hassane Kamara,CIV,DF|FW,Nice,26,1994,32.9,2,27,4,14.8,0.82,0.12,0.07,0.50,21.6,0,0,0,1.4,1.4,0.05,+0.6,+0.6
287,Wilfried Kanga,CIV,FW,Angers,22,1998,1.5,0,1,1,100.0,0.68,0.68,0.00,0.00,17.8,0,0,0,0.2,0.2,0.24,-0.2,-0.2
288,Eiji Kawashima,JPN,GK,Strasbourg,37,1983,24.0,0,1,0,0.0,0.04,0.00,0.00,,73.6,1,0,0,0.0,0.0,0.01,0.0,0.0
289,Moise Kean,ITA,FW,Paris S-G,20,2000,18.9,13,52,24,46.2,2.76,1.27,0.25,0.54,12.1,0,0,0,10.2,10.2,0.20,+2.8,+2.8
290,Thilo Kehrer,GER,DF,Paris S-G,23,1996,18.0,0,7,0,0.0,0.39,0.00,0.00,,13.4,0,0,0,0.8,0.8,0.12,-0.8,-0.8
291,Habib Keita,MLI,MF,Lyon,18,2002,0.1,0,1,0,0.0,15.00,0.00,0.00,,9.5,0,0,0,0.5,0.5,0.48,-0.5,-0.5
292,Saîf-Eddine Khaoui,TUN,FW|DF,Marseille,25,1995,6.7,2,11,6,54.5,1.63,0.89,0.18,0.33,18.4,0,0,0,0.9,0.9,0.08,+1.1,+1.1
293,Wahbi Khazri,TUN,FW,Saint-Étienne,29,1991,13.1,7,29,10,34.5,2.21,0.76,0.14,0.40,22.9,4,3,3,4.8,2.4,0.08,+2.2,+1.6
294,Presnel Kimpembe,FRA,DF,Paris S-G,24,1995,25.6,0,5,1,20.0,0.20,0.04,0.00,0.00,18.2,0,0,0,0.3,0.3,0.05,-0.3,-0.3
295,Randal Kolo Muani,FRA,FW,Nantes,21,1998,33.7,9,60,25,41.7,1.78,0.74,0.15,0.36,13.6,0,0,0,9.5,9.5,0.16,-0.5,-0.5
296,Timothée Kolodziejczak,FRA,DF,Saint-Étienne,28,1991,22.6,0,10,2,20.0,0.44,0.09,0.00,0.00,9.7,0,0,0,0.8,0.8,0.08,-0.8,-0.8
297,Ghislain Konan,CIV,DF,Reims,24,1995,29.0,2,8,4,50.0,0.28,0.14,0.25,0.50,23.8,0,0,0,0.3,0.3,0.04,+1.7,+1.7
298,Moussa Konaté,SEN,FW,Dijon,27,1993,13.3,5,33,8,24.2,2.48,0.60,0.12,0.50,13.6,0,1,2,5.2,3.7,0.11,-0.2,+0.3
299,Lamine Koné,CIV,DF,Strasbourg,31,1989,11.6,1,8,1,12.5,0.69,0.09,0.13,1.00,12.8,0,0,0,0.8,0.8,0.10,+0.2,+0.2
300,Moussa Koné,SEN,FW,Nîmes,23,1996,19.5,9,31,16,51.6,1.59,0.82,0.29,0.56,15.3,0,0,0,6.4,6.4,0.21,+2.6,+2.6
301,Laurent Koscielny,FRA,DF,Bordeaux,34,1985,24.6,0,6,1,16.7,0.24,0.04,0.00,0.00,8.4,0,0,0,1.6,1.6,0.29,-1.6,-1.6
302,Boubakar Kouyaté,MLI,DF,Metz,23,1997,21.8,1,13,4,30.8,0.60,0.18,0.08,0.25,8.9,0,0,0,2.0,2.0,0.16,-1.0,-1.0
303,Jean-Philippe Krasso,CIV,FW,Saint-Étienne,23,1997,2.5,0,4,3,75.0,1.61,1.21,0.00,0.00,11.8,0,0,0,0.3,0.3,0.07,-0.3,-0.3
304,Layvin Kurzawa,FRA,DF,Paris S-G,27,1992,14.2,1,11,2,18.2,0.77,0.14,0.09,0.50,16.3,1,0,0,1.0,1.0,0.09,0.0,0.0
305,Dereck Kutesa,SUI,MF|FW,Reims,22,1997,7.6,1,10,4,40.0,1.31,0.52,0.10,0.25,16.9,0,0,0,1.0,1.0,0.10,0.0,0.0
306,Enock Kwateng,FRA,DF,Bordeaux,23,1997,11.5,1,4,2,50.0,0.35,0.17,0.25,0.50,11.2,0,0,0,0.5,0.5,0.13,+0.5,+0.5
307,Gaëtan Laborde,FRA,FW|MF,Montpellier,26,1994,36.2,16,99,40,40.4,2.74,1.11,0.16,0.40,12.9,0,0,0,11.4,11.2,0.12,+4.6,+4.8
308,Tom Lacoux,FRA,MF,Bordeaux,18,2002,5.8,0,3,0,0.0,0.52,0.00,0.00,,25.2,0,0,0,0.1,0.1,0.03,-0.1,-0.1
309,Alban Lafont,FRA,GK,Nantes,21,1999,38.0,0,0,0,,0.00,0.00,,,,0,0,0,0.0,0.0,,0.0,0.0
310,Kenny Lala,FRA,DF,Strasbourg,28,1991,20.4,3,8,2,25.0,0.39,0.10,0.00,0.00,30.6,3,3,3,2.7,0.4,0.05,+0.3,-0.4
311,Loïck Landre,FRA,DF,Nîmes,28,1992,18.1,1,9,2,22.2,0.50,0.11,0.11,0.50,9.3,0,0,0,2.1,2.1,0.23,-1.1,-1.1
312,Julien Laporte,FRA,DF,Lorient,26,1993,29.5,0,8,1,12.5,0.27,0.03,0.00,0.00,13.5,0,0,0,0.8,0.8,0.10,-0.8,-0.8
313,Gautier Larsonneur,FRA,GK,Brest,23,1997,35.0,0,0,0,,0.00,0.00,,,,0,0,0,0.0,0.0,,0.0,0.0
314,Paul Lasne,FRA,MF,Brest,31,1989,18.7,0,5,1,20.0,0.27,0.05,0.00,0.00,16.7,0,0,0,0.8,0.8,0.15,-0.8,-0.8
315,Armand Lauriente,FRA,MF|FW,Lorient,21,1998,18.0,3,59,20,33.9,3.27,1.11,0.05,0.15,23.8,14,0,0,3.7,3.7,0.06,-0.7,-0.7
316,Wesley Lautoa,NCL,MF|DF,Dijon,32,1987,17.9,0,9,3,33.3,0.50,0.17,0.00,0.00,25.4,0,0,0,0.6,0.6,0.07,-0.6,-0.6
317,Jérémy Le Douaron,FRA,FW|MF,Brest,22,1998,9.1,1,13,7,53.8,1.43,0.77,0.08,0.14,12.3,0,0,0,2.2,2.2,0.17,-1.2,-1.2
318,Enzo Le Fée,FRA,MF,Lorient,20,2000,20.2,0,31,5,16.1,1.54,0.25,0.00,0.00,26.4,5,0,0,1.2,1.2,0.04,-1.2,-1.2
319,Vincent Le Goff,FRA,DF,Lorient,30,1989,25.6,0,8,4,50.0,0.31,0.16,0.00,0.00,19.8,0,0,0,0.3,0.3,0.04,-0.3,-0.3
320,Damien Le Tallec,FRA,MF|DF,Montpellier,30,1990,13.6,0,13,3,23.1,0.95,0.22,0.00,0.00,11.0,0,0,0,1.5,1.5,0.12,-1.5,-1.5
321,James Lea Siliki,CMR,MF,Rennes,24,1996,2.8,0,6,1,16.7,2.12,0.35,0.00,0.00,23.3,0,0,0,0.2,0.2,0.04,-0.2,-0.2
322,Jean-Louis Leca,FRA,GK,Lens,34,1985,36.8,0,0,0,,0.00,0.00,,,,0,0,0,0.0,0.0,,0.0,0.0
323,Benjamin Lecomte,FRA,GK,Monaco,29,1991,28.0,0,0,0,,0.00,0.00,,,,0,0,0,0.0,0.0,,0.0,0.0
324,Pierre Lees-Melou,FRA,MF,Nice,27,1993,22.9,4,42,12,28.6,1.83,0.52,0.07,0.25,21.8,0,1,1,4.7,3.9,0.10,-0.7,-0.9
325,Fabien Lemoine,FRA,MF,Lorient,33,1987,21.5,1,16,2,12.5,0.74,0.09,0.06,0.50,23.0,1,0,0,0.9,0.9,0.05,+0.1,+0.1
326,Aaron Leya Iseka,BEL,FW,Metz,22,1997,11.2,4,17,6,35.3,1.52,0.54,0.12,0.33,15.5,0,2,3,4.8,2.5,0.14,-0.8,-0.5
327,Yanis Lhery,FRA,MF,Saint-Étienne,17,2003,0.3,0,1,0,0.0,3.00,0.00,0.00,,26.0,0,0,0,0.0,0.0,0.05,0.0,0.0
328,Dimitri Liénard,FRA,MF,Strasbourg,32,1988,20.3,2,28,8,28.6,1.38,0.39,0.04,0.13,28.1,8,1,2,2.8,1.1,0.04,-0.8,-0.1
329,Isaac Lihadji,FRA,MF|FW,Lille,18,2002,2.2,0,4,2,50.0,1.84,0.92,0.00,0.00,13.5,0,0,0,0.7,0.7,0.18,-0.7,-0.7
330,Pol Lirola,ESP,DF|FW,Marseille,22,1997,17.3,2,10,4,40.0,0.58,0.23,0.20,0.50,14.5,0,0,0,1.3,1.3,0.13,+0.7,+0.7
331,Anthony Lopes,POR,GK,Lyon,29,1990,38.0,0,0,0,,0.00,0.00,,,,0,0,0,0.0,0.0,,0.0,0.0
332,Rony Lopes,POR,FW|MF,Nice,24,1995,19.8,3,41,16,39.0,2.07,0.81,0.07,0.19,19.1,3,0,0,2.9,2.9,0.07,+0.1,+0.1
333,Maxime Lopez,FRA,FW|MF,Marseille,22,1997,1.5,0,0,0,,0.00,0.00,,,,0,0,0,0.0,0.0,,0.0,0.0
334,Dion Lopy,SEN,MF,Reims,18,2002,2.8,0,3,0,0.0,1.05,0.00,0.00,,20.9,0,0,0,0.2,0.2,0.05,-0.2,-0.2
335,Jordan Lotomba,SUI,DF|MF,Nice,21,1998,23.6,1,8,2,25.0,0.34,0.08,0.13,0.50,20.8,0,0,0,0.3,0.3,0.04,+0.7,+0.7
336,Adrien Louveau,FRA,MF,Lens,20,2000,0.1,0,0,0,,0.00,0.00,,,,0,0,0,0.0,0.0,,0.0,0.0
337,Imran Louza,MAR,MF,Nantes,21,1999,26.4,7,31,9,29.0,1.17,0.34,0.06,0.22,28.6,4,5,5,5.8,1.9,0.06,+1.2,+0.1
338,Jean Lucas,BRA,MF,Lyon,22,1998,1.9,0,5,0,0.0,2.62,0.00,0.00,,26.9,0,0,0,0.2,0.2,0.03,-0.2,-0.2
339,Jean Lucas,BRA,MF|FW,Brest,22,1998,11.2,0,20,5,25.0,1.78,0.45,0.00,0.00,25.4,5,0,0,1.2,1.2,0.06,-1.2,-1.2
340,Florentino Luís,POR,MF,Monaco,20,1999,2.7,0,1,0,0.0,0.37,0.00,0.00,,12.5,0,0,0,0.1,0.1,0.05,-0.1,-0.1
341,Yann M'Vila,FRA,MF,Saint-Étienne,30,1990,0.2,0,0,0,,0.00,0.00,,,,0,0,0,0.0,0.0,,0.0,0.0
342,Yvann Macon,FRA,DF,Saint-Étienne,21,1998,6.0,1,2,2,100.0,0.33,0.33,0.50,0.50,27.5,0,0,0,0.1,0.1,0.03,+0.9,+0.9
343,Hugo Magnetti,FRA,MF,Brest,22,1998,6.7,0,9,1,11.1,1.34,0.15,0.00,0.00,27.1,0,0,0,0.3,0.3,0.03,-0.3,-0.3
344,Hicham Mahou,FRA,FW,Nice,21,1999,0.4,0,0,0,,0.00,0.00,,,,0,0,0,0.0,0.0,,0.0,0.0
345,Habib Maïga,CIV,MF,Metz,24,1996,29.9,1,26,5,19.2,0.87,0.17,0.04,0.20,19.7,1,0,0,2.1,2.1,0.08,-1.1,-1.1
346,Mike Maignan,FRA,GK,Lille,25,1995,38.0,0,0,0,,0.00,0.00,,,,0,0,0,0.0,0.0,,0.0,0.0
347,Josh Maja,NGA,FW,Bordeaux,21,1998,8.9,2,19,9,47.4,2.13,1.01,0.11,0.22,15.1,0,0,0,2.4,2.4,0.12,-0.4,-0.4
348,Radosław Majecki,POL,GK,Monaco,20,1999,1.0,0,0,0,,0.00,0.00,,,,0,0,0,0.0,0.0,,0.0,0.0
349,Abdul Majeed Waris,GHA,FW|MF,Strasbourg,28,1991,6.1,1,9,2,22.2,1.47,0.33,0.00,0.00,18.9,0,1,1,1.9,1.1,0.13,-0.9,-1.1
350,Marco Majouga,CTA,FW|MF,Nîmes,19,2001,1.4,0,5,1,20.0,3.63,0.73,0.00,0.00,25.0,0,0,0,0.2,0.2,0.03,-0.2,-0.2
351,Hianga Mananga Mbock,FRA,MF|FW,Brest,20,1999,5.1,0,4,1,25.0,0.79,0.20,0.00,0.00,25.3,1,0,0,0.2,0.2,0.04,-0.2,-0.2
352,Vincent Manceau,FRA,DF,Angers,31,1989,25.7,0,6,2,33.3,0.23,0.08,0.00,0.00,22.6,0,0,0,0.2,0.2,0.03,-0.2,-0.2
353,Steve Mandanda,FRA,GK,Marseille,35,1985,37.0,0,0,0,,0.00,0.00,,,,0,0,0,0.0,0.0,,0.0,0.0
354,Reinildo Mandava,MOZ,DF,Lille,26,1994,24.2,0,4,0,0.0,0.17,0.00,0.00,,24.4,0,0,0,0.1,0.1,0.03,-0.1,-0.1
355,Thomas Mangani,FRA,MF,Angers,33,1987,29.9,3,21,4,19.0,0.70,0.13,0.00,0.00,25.8,3,3,3,3.3,0.9,0.04,-0.3,-0.9
356,Vito Mannone,ITA,GK,Monaco,32,1988,9.0,0,0,0,,0.00,0.00,,,,0,0,0,0.0,0.0,,0.0,0.0
357,Myziane Maolida,COM,FW|MF,Nice,21,1999,12.0,3,19,4,21.1,1.59,0.33,0.16,0.75,17.2,0,0,0,2.2,2.2,0.12,+0.8,+0.8
358,Faitout Maouassa,FRA,DF,Rennes,22,1998,13.0,0,27,7,25.9,2.08,0.54,0.00,0.00,25.7,5,0,0,1.0,1.0,0.04,-1.0,-1.0
359,Sekou Mara,FRA,FW|MF,Bordeaux,18,2002,2.5,1,4,4,100.0,1.57,1.57,0.25,0.25,15.4,0,0,0,0.5,0.5,0.13,+0.5,+0.5
360,Fernando Marçal,BRA,DF,Lyon,31,1989,0.9,0,0,0,,0.00,0.00,,,,0,0,0,0.0,0.0,,0.0,0.0
361,Marcelo,BRA,DF,Lyon,33,1987,32.3,3,24,7,29.2,0.74,0.22,0.13,0.43,12.3,1,0,0,1.8,1.8,0.07,+1.2,+1.2
362,Dario Maresic,AUT,DF,Reims,20,1999,5.7,0,0,0,,0.00,0.00,,,,0,0,0,0.0,0.0,,0.0,0.0
363,Jordan Marié,FRA,MF,Dijon,28,1991,15.9,0,10,1,10.0,0.63,0.06,0.00,0.00,22.7,0,0,0,0.9,0.9,0.09,-0.9,-0.9
364,Guillermo Maripán,CHI,DF,Monaco,26,1994,23.2,5,15,6,40.0,0.65,0.26,0.33,0.83,11.0,0,0,0,2.2,2.2,0.15,+2.8,+2.8
365,Marquinhos,BRA,DF,Paris S-G,26,1994,23.6,3,15,8,53.3,0.63,0.34,0.20,0.38,9.3,0,0,0,2.2,2.2,0.15,+0.8,+0.8
366,Jonas Martin,FRA,MF,Rennes,30,1990,5.4,0,0,0,,0.00,0.00,,,,0,0,0,0.0,0.0,,0.0,0.0
367,Pablo Martinez,FRA,DF,Nîmes,31,1989,6.0,0,0,0,,0.00,0.00,,,,0,0,0,0.0,0.0,,0.0,0.0
368,Gelson Martins,POR,MF|FW,Monaco,25,1995,17.2,3,25,10,40.0,1.45,0.58,0.12,0.30,15.4,0,0,0,2.7,2.7,0.11,+0.3,+0.3
369,Sylvain Marveaux,FRA,MF|FW,Lorient,34,1986,2.2,0,5,1,20.0,2.25,0.45,0.00,0.00,17.3,0,0,0,0.9,0.9,0.19,-0.9,-0.9
370,Pape Matar Sarr,SEN,MF,Metz,17,2002,17.7,3,31,8,25.8,1.75,0.45,0.10,0.38,27.7,1,0,0,1.1,1.1,0.04,+1.9,+1.9
371,Eliot Matazo,BEL,MF,Monaco,18,2002,3.5,1,3,2,66.7,0.86,0.57,0.33,0.50,10.2,0,0,0,0.8,0.8,0.26,+0.2,+0.2
372,Chrislain Matsima,FRA,DF|FW,Monaco,18,2002,3.9,0,4,0,0.0,1.02,0.00,0.00,,18.8,0,0,0,0.2,0.2,0.05,-0.2,-0.2
373,Tony Mauricio,FRA,MF,Lens,26,1994,5.6,0,13,2,15.4,2.33,0.36,0.00,0.00,27.4,0,0,0,0.4,0.4,0.03,-0.4,-0.4
374,Stephy Mavididi,ENG,FW|MF,Montpellier,22,1998,22.6,9,30,17,56.7,1.33,0.75,0.30,0.53,13.9,0,0,0,5.6,5.6,0.20,+3.4,+3.4
375,Youssef Maziz,FRA,MF|FW,Metz,22,1998,2.9,0,6,0,0.0,2.10,0.00,0.00,,22.4,0,0,0,0.3,0.3,0.04,-0.3,-0.3
376,Kylian Mbappé,FRA,FW,Paris S-G,21,1998,26.4,27,98,47,48.0,3.71,1.78,0.21,0.45,15.4,2,6,6,22.1,17.4,0.18,+4.9,+3.6
377,Nathanael Mbuku,FRA,MF|FW,Reims,18,2002,24.6,4,39,18,46.2,1.59,0.73,0.10,0.22,18.2,0,0,0,2.6,2.6,0.07,+1.4,+1.4
378,Facundo Medina,ARG,DF,Lens,21,1999,22.3,2,9,4,44.4,0.40,0.18,0.22,0.50,12.1,0,0,0,1.2,1.2,0.13,+0.8,+0.8
379,Farid El Melali,ALG,FW|MF,Angers,23,1997,4.6,1,13,5,38.5,2.83,1.09,0.08,0.20,18.5,0,0,0,1.2,1.2,0.09,-0.2,-0.2
380,Birger Meling,NOR,DF,Nîmes,25,1994,25.9,2,13,6,46.2,0.50,0.23,0.15,0.33,17.0,0,0,0,0.6,0.6,0.05,+1.4,+1.4
381,Memphis,NED,FW,Lyon,26,1994,32.5,20,102,44,43.1,3.14,1.35,0.12,0.27,21.1,14,8,8,16.6,10.3,0.10,+3.4,+1.7
382,Houboulang Mendes,GNB,DF,Lorient,22,1998,14.4,0,4,0,0.0,0.28,0.00,0.00,,26.3,0,0,0,0.1,0.1,0.03,-0.1,-0.1
383,Pedro Mendes,POR,DF,Montpellier,29,1990,18.1,2,7,2,28.6,0.39,0.11,0.29,1.00,14.5,0,0,0,1.3,1.3,0.19,+0.7,+0.7
384,Thiago Mendes,BRA,MF,Lyon,28,1992,24.9,0,23,7,30.4,0.92,0.28,0.00,0.00,22.9,0,0,0,1.0,1.0,0.04,-1.0,-1.0
385,Batista Mendy,FRA,MF,Nantes,20,2000,0.8,0,0,0,,0.00,0.00,,,,0,0,0,0.0,0.0,,0.0,0.0
386,Edouard Mendy,SEN,GK,Rennes,28,1992,1.0,0,0,0,,0.00,0.00,,,,0,0,0,0.0,0.0,,0.0,0.0
387,Mexer,MOZ,DF,Bordeaux,31,1988,7.9,0,1,0,0.0,0.13,0.00,0.00,,10.7,0,0,0,0.1,0.1,0.13,-0.1,-0.1
388,Clément Michelin,FRA,DF,Lens,23,1997,12.8,0,11,2,18.2,0.86,0.16,0.00,0.00,28.9,5,0,0,0.4,0.4,0.04,-0.4,-0.4
389,Edouard Michut,FRA,MF,Paris S-G,17,2003,0.0,0,0,0,,0.00,0.00,,,,0,0,0,0.0,0.0,,0.0,0.0
390,Florian Miguel,FRA,DF,Nîmes,23,1996,17.1,0,8,3,37.5,0.47,0.18,0.00,0.00,11.1,0,0,0,0.8,0.8,0.10,-0.8,-0.8
391,Arkadiusz Milik,POL,FW,Marseille,26,1994,13.6,9,43,18,41.9,3.17,1.33,0.14,0.33,18.1,1,3,3,7.4,5.1,0.12,+1.6,+0.9
392,Enzo Millot,FRA,MF,Monaco,18,2002,0.5,0,2,1,50.0,4.39,2.20,0.00,0.00,11.9,0,0,0,0.2,0.2,0.09,-0.2,-0.2
393,Stefan Mitrović,SRB,DF,Strasbourg,30,1990,30.9,2,12,4,33.3,0.39,0.13,0.17,0.50,9.0,0,0,0,1.3,1.3,0.11,+0.7,+0.7
394,Anthony Modeste,FRA,FW|MF,Saint-Étienne,32,1988,3.3,0,9,1,11.1,2.76,0.31,0.00,0.00,16.8,0,0,0,0.7,0.7,0.08,-0.7,-0.7
395,Terem Moffi,NGA,FW,Lorient,21,1999,23.0,14,55,24,43.6,2.39,1.04,0.24,0.54,15.0,0,1,1,10.3,9.5,0.17,+3.7,+3.5
396,Dion Moise Sahi,CIV,FW|MF,Strasbourg,18,2001,1.0,1,4,1,25.0,3.83,0.96,0.25,1.00,19.7,0,0,0,0.6,0.6,0.14,+0.4,+0.4
397,Florent Mollet,FRA,MF,Montpellier,28,1991,26.2,3,51,16,31.4,1.95,0.61,0.06,0.19,20.8,9,0,0,4.2,4.2,0.08,-1.2,-1.2
398,Thomas Monconduit,FRA,MF,Lorient,29,1991,12.8,2,22,4,18.2,1.72,0.31,0.09,0.50,27.5,2,0,0,1.2,1.2,0.05,+0.8,+0.8
399,Kévin Monnet-Paquet,FRA,MF|FW,Saint-Étienne,31,1988,6.3,0,6,0,0.0,0.96,0.00,0.00,,13.3,0,0,0,0.3,0.3,0.05,-0.3,-0.3
400,Jérémy Morel,MAD,DF,Lorient,36,1984,27.7,0,6,1,16.7,0.22,0.04,0.00,0.00,11.7,0,0,0,0.4,0.4,0.07,-0.4,-0.4
401,Aimen Moueffek,FRA,DF|MF,Saint-Étienne,19,2001,8.3,0,1,0,0.0,0.12,0.00,0.00,,15.4,0,0,0,0.1,0.1,0.07,-0.1,-0.1
402,Harold Moukoudi,CMR,DF,Saint-Étienne,22,1997,25.3,3,13,4,30.8,0.51,0.16,0.23,0.75,8.0,0,0,0,2.2,2.2,0.17,+0.8,+0.8
403,Jessy Moulin,FRA,GK,Saint-Étienne,34,1986,29.0,0,0,0,,0.00,0.00,,,,0,0,0,0.0,0.0,,0.0,0.0
404,Steve Mounié,BEN,FW,Brest,25,1994,29.8,9,78,33,42.3,2.62,1.11,0.10,0.24,12.9,0,1,2,12.1,10.5,0.13,-3.1,-2.5
405,Samuel Moutoussamy,COD,FW,Nantes,23,1996,0.9,0,2,0,0.0,2.20,0.00,0.00,,24.5,0,0,0,0.1,0.1,0.04,-0.1,-0.1
406,Loris Mouyokolo,FRA,DF,Lorient,19,2001,0.2,0,0,0,,0.00,0.00,,,,0,0,0,0.0,0.0,,0.0,0.0
407,Marshall Munetsi,ZIM,MF|DF,Reims,24,1996,21.4,1,12,3,25.0,0.56,0.14,0.08,0.33,20.0,0,0,0,1.0,1.0,0.08,0.0,0.0
408,Kévin N'Doram,FRA,MF,Metz,24,1996,3.4,0,0,0,,0.00,0.00,,,,0,0,0,0.0,0.0,,0.0,0.0
409,Stanley N'Soki,FRA,DF,Nice,21,1999,13.8,0,7,0,0.0,0.51,0.00,0.00,,9.7,0,0,0,0.7,0.7,0.10,-0.7,-0.7
410,Yuto Nagatomo,JPN,DF,Marseille,33,1986,17.7,0,4,0,0.0,0.23,0.00,0.00,,27.6,0,0,0,0.1,0.1,0.03,-0.1,-0.1
411,Kenny Nagera,FRA,FW,Paris S-G,18,2002,0.0,0,0,0,,0.00,0.00,,,,0,0,0,0.0,0.0,,0.0,0.0
412,Paul Nardi,FRA,GK,Lorient,26,1994,23.0,0,0,0,,0.00,0.00,,,,0,0,0,0.0,0.0,,0.0,0.0
413,Keylor Navas,CRC,GK,Paris S-G,33,1986,28.0,0,0,0,,0.00,0.00,,,,0,0,0,0.0,0.0,,0.0,0.0
414,Papa Ndiaga Yade,SEN,FW|MF,Metz,20,2000,11.1,3,28,6,21.4,2.52,0.54,0.11,0.50,23.4,1,0,0,1.4,1.4,0.05,+1.6,+1.6
415,Bridge Ndilu,FRA,FW|MF,Nantes,20,2000,0.5,0,2,0,0.0,4.29,0.00,0.00,,17.2,0,0,0,0.1,0.1,0.06,-0.1,-0.1
416,Dan Ndoye,SUI,FW|MF,Nice,19,2000,6.1,1,12,4,33.3,1.96,0.65,0.08,0.25,16.3,0,0,0,0.7,0.7,0.06,+0.3,+0.3
417,Neymar,BRA,MF|FW,Paris S-G,28,1992,15.7,9,64,16,25.0,4.07,1.02,0.06,0.25,19.7,18,5,6,13.1,8.4,0.14,-4.1,-4.4
418,Yvan Neyou,CMR,MF,Saint-Étienne,23,1997,27.1,1,29,7,24.1,1.07,0.26,0.03,0.14,26.2,1,0,0,1.3,1.3,0.04,-0.3,-0.3
419,Muzinga Ngonda,COD,DF,Dijon,25,1994,25.6,2,11,4,36.4,0.43,0.16,0.18,0.50,26.1,0,0,0,0.3,0.3,0.03,+1.7,+1.7
420,Ahmad Ngouyamsa,CMR,DF,Dijon,19,2000,1.7,0,0,0,,0.00,0.00,,,,0,0,0,0.0,0.0,,0.0,0.0
421,Opa Nguette,SEN,FW|MF,Metz,26,1994,12.6,3,17,7,41.2,1.35,0.56,0.18,0.43,16.4,0,0,1,3.3,2.6,0.15,-0.3,+0.4
422,Ibrahima Niane,SEN,FW,Metz,21,1999,7.4,6,22,8,36.4,2.99,1.09,0.23,0.63,15.7,1,1,1,3.5,2.7,0.12,+2.5,+2.3
423,M'Baye Niang,SEN,FW,Rennes,25,1994,4.7,1,11,2,18.2,2.35,0.43,0.09,0.50,13.2,0,0,0,1.0,1.0,0.09,0.0,0.0
424,Casimir Ninga,CHA,FW,Angers,27,1993,0.3,0,0,0,,0.00,0.00,,,,0,0,0,0.0,0.0,,0.0,0.0
425,Arnaud Nordin,FRA,MF|FW,Saint-Étienne,22,1998,19.7,4,44,13,29.5,2.24,0.66,0.09,0.31,17.6,0,0,0,3.9,3.9,0.09,+0.1,+0.1
426,Olivier Ntcham,CMR,MF,Marseille,24,1996,1.3,0,1,0,0.0,0.75,0.00,0.00,,22.7,1,0,0,0.1,0.1,0.08,-0.1,-0.1
427,Gerzino Nyamsi,FRA,DF,Rennes,23,1997,9.7,1,5,1,20.0,0.52,0.10,0.20,1.00,10.0,0,0,0,0.5,0.5,0.10,+0.5,+0.5
428,Steven Nzonzi,FRA,MF,Rennes,31,1988,32.3,1,20,4,20.0,0.62,0.12,0.05,0.25,16.7,0,0,0,1.7,1.7,0.08,-0.7,-0.7
429,Jonas Omlin,SUI,GK,Montpellier,26,1994,29.7,0,0,0,,0.00,0.00,,,,0,0,0,0.0,0.0,,0.0,0.0
430,Henry Onyekuru,NGA,FW,Monaco,23,1997,1.6,0,2,1,50.0,1.29,0.64,0.00,0.00,11.1,0,0,0,0.2,0.2,0.08,-0.2,-0.2
431,Otávio,BRA,MF,Bordeaux,26,1994,17.3,1,6,2,33.3,0.35,0.12,0.17,0.50,28.9,0,0,0,0.4,0.4,0.07,+0.6,+0.6
432,Remi Oudin,FRA,FW|MF,Bordeaux,23,1996,26.9,4,55,16,29.1,2.05,0.60,0.07,0.25,17.2,1,0,0,3.9,3.9,0.07,+0.1,+0.1
433,Alexandre Oukidja,ALG,GK,Metz,32,1988,34.0,0,0,0,,0.00,0.00,,,,0,0,0,0.0,0.0,,0.0,0.0
434,Zinédine Ould Khaled,FRA,MF,Angers,20,2000,0.4,0,0,0,,0.00,0.00,,,,0,0,0,0.0,0.0,,0.0,0.0
435,Ambroise Oyongo,CMR,DF,Montpellier,29,1991,6.2,1,1,1,100.0,0.16,0.16,1.00,1.00,10.6,0,0,0,0.3,0.3,0.30,+0.7,+0.7
436,Pablo,BRA,DF,Bordeaux,29,1991,12.0,1,9,1,11.1,0.75,0.08,0.11,1.00,9.4,0,0,0,1.1,1.1,0.12,-0.1,-0.1
437,Vincent Pajot,FRA,MF,Metz,29,1990,10.2,0,6,2,33.3,0.59,0.20,0.00,0.00,11.4,0,0,0,0.6,0.6,0.10,-0.6,-0.6
438,Nicolas Pallois,FRA,DF,Nantes,32,1987,30.8,2,14,4,28.6,0.45,0.13,0.14,0.50,13.9,0,0,0,1.9,1.9,0.13,+0.1,+0.1
439,Jonathan Panzo,ENG,DF,Dijon,19,2000,20.0,0,5,2,40.0,0.25,0.10,0.00,0.00,14.4,0,0,0,0.3,0.3,0.06,-0.3,-0.3
440,Lucas Paquetá,BRA,MF,Lyon,22,1997,25.3,9,55,22,40.0,2.18,0.87,0.16,0.41,18.6,4,0,0,7.0,7.0,0.13,+2.0,+2.0
441,Gaëtan Paquiez,FRA,DF,Nîmes,26,1994,11.6,0,5,0,0.0,0.43,0.00,0.00,,29.9,0,0,0,0.1,0.1,0.02,-0.1,-0.1
442,Rubén Pardo,ESP,MF,Bordeaux,27,1992,0.3,0,0,0,,0.00,0.00,,,,0,0,0,0.0,0.0,,0.0,0.0
443,Leandro Paredes,ARG,MF,Paris S-G,26,1994,14.5,1,24,6,25.0,1.66,0.41,0.04,0.17,27.0,3,0,0,1.1,1.1,0.05,-0.1,-0.1
444,Mateo Pavlović,BIH,DF,Angers,30,1990,12.3,0,4,0,0.0,0.33,0.00,0.00,,10.0,0,0,0,0.4,0.4,0.09,-0.4,-0.4
445,Strahinja Pavlović,SRB,DF,Monaco,19,2001,0.0,0,0,0,,0.00,0.00,,,,0,0,0,0.0,0.0,,0.0,0.0
446,Dimitri Payet,FRA,FW|MF,Marseille,33,1987,26.9,7,44,17,38.6,1.64,0.63,0.16,0.41,22.7,8,0,1,5.9,5.1,0.12,+1.1,+1.9
447,Yohann Pelé,FRA,GK,Marseille,37,1982,1.0,0,0,0,,0.00,0.00,,,,0,0,0,0.0,0.0,,0.0,0.0
448,Pietro Pellegri,ITA,FW|MF,Monaco,19,2001,2.6,1,9,3,33.3,3.52,1.17,0.11,0.33,11.9,0,0,0,2.1,2.1,0.23,-1.1,-1.1
449,Andy Pelmard,FRA,DF,Nice,20,2000,13.4,0,2,1,50.0,0.15,0.07,0.00,0.00,15.7,0,0,0,0.1,0.1,0.06,-0.1,-0.1
450,Timothee Pembele,FRA,DF,Paris S-G,17,2002,4.3,1,4,2,50.0,0.94,0.47,0.25,0.50,11.4,0,0,0,0.9,0.9,0.22,+0.1,+0.1
451,Danilo Pereira,POR,MF|DF,Paris S-G,28,1991,15.9,2,17,5,29.4,1.07,0.31,0.12,0.40,14.7,0,0,0,1.5,1.5,0.09,+0.5,+0.5
452,Mathias Pereira Lage,POR,FW|MF,Angers,23,1996,16.3,4,28,10,35.7,1.72,0.61,0.14,0.40,21.7,2,0,0,2.1,2.1,0.08,+1.9,+1.9
453,Manuel Perez,FRA,MF|FW,Lens,29,1991,1.4,0,1,0,0.0,0.70,0.00,0.00,,26.0,1,0,0,0.1,0.1,0.06,-0.1,-0.1
454,Romain Perraud,FRA,DF,Brest,22,1997,34.9,3,45,12,26.7,1.29,0.34,0.07,0.25,21.9,6,0,0,2.7,2.7,0.06,+0.3,+0.3
455,Lucas Perrin,FRA,DF,Marseille,21,1998,3.4,1,3,1,33.3,0.88,0.29,0.33,1.00,12.1,0,0,0,0.4,0.4,0.13,+0.6,+0.6
456,Rayan Philippe,FRA,FW,Dijon,19,2000,1.0,0,3,2,66.7,2.90,1.94,0.00,0.00,16.8,0,0,0,0.5,0.5,0.16,-0.5,-0.5
457,Romain Philippoteaux,FRA,FW|MF,Nîmes,32,1988,2.4,1,2,2,100.0,0.84,0.84,0.50,0.50,13.1,0,0,0,0.4,0.4,0.20,+0.6,+0.6
458,Romain Philippoteaux,FRA,MF|FW,Brest,32,1988,6.5,1,10,2,20.0,1.55,0.31,0.10,0.50,19.9,0,0,0,0.7,0.7,0.07,+0.3,+0.3
459,Jérémy Pied,FRA,DF,Lille,31,1989,3.5,0,1,1,100.0,0.28,0.28,0.00,0.00,22.0,0,0,0,0.0,0.0,0.04,0.0,0.0
460,Ronaël Pierre-Gabriel,FRA,DF,Brest,22,1998,25.6,1,8,2,25.0,0.31,0.08,0.13,0.50,17.8,0,0,0,0.5,0.5,0.06,+0.5,+0.5
461,Maxime Poundjé,FRA,DF,Bordeaux,27,1992,5.5,0,1,0,0.0,0.18,0.00,0.00,,24.9,0,0,0,0.0,0.0,0.05,0.0,0.0
462,Sanjin Prcić,BIH,MF,Strasbourg,26,1993,3.9,0,7,2,28.6,1.78,0.51,0.00,0.00,27.4,0,0,0,0.2,0.2,0.03,-0.2,-0.2
463,Nicolas de Préville,FRA,FW|MF,Bordeaux,29,1991,17.9,1,38,11,28.9,2.12,0.61,0.03,0.09,16.8,3,0,0,3.8,3.8,0.10,-2.8,-2.8
464,Anthony Racioppi,SUI,GK,Dijon,21,1998,21.0,0,0,0,,0.00,0.00,,,,0,0,0,0.0,0.0,,0.0,0.0
465,Nemanja Radonjić,SRB,FW,Marseille,24,1996,4.4,2,12,7,58.3,2.73,1.59,0.17,0.29,16.4,0,0,0,1.6,1.6,0.13,+0.4,+0.4
466,Aleksandar Radovanović,SRB,DF,Lens,26,1993,1.0,0,0,0,,0.00,0.00,,,,0,0,0,0.0,0.0,,0.0,0.0
467,Rafinha,BRA,MF|FW,Paris S-G,27,1993,15.1,0,24,8,33.3,1.59,0.53,0.00,0.00,18.8,0,0,0,1.4,1.4,0.06,-1.4,-1.4
468,Predrag Rajković,SRB,GK,Reims,24,1995,36.5,0,0,0,,0.00,0.00,,,,0,0,0,0.0,0.0,,0.0,0.0
469,Raphinha,BRA,FW|MF,Rennes,23,1996,4.5,1,11,3,27.3,2.45,0.67,0.09,0.33,19.2,3,0,0,0.9,0.9,0.08,+0.1,+0.1
470,Jeff Reine-Adélaïde,FRA,MF|FW,Nice,22,1998,11.8,1,15,5,33.3,1.28,0.43,0.07,0.20,21.0,0,0,0,1.7,1.7,0.11,-0.7,-0.7
471,Jeff Reine-Adélaïde,FRA,FW,Lyon,22,1998,0.3,0,1,1,100.0,3.75,3.75,0.00,0.00,17.3,0,0,0,0.0,0.0,0.05,0.0,0.0
472,Panagiotis Retsos,GRE,DF,Saint-Étienne,21,1998,3.0,0,1,0,0.0,0.33,0.00,0.00,,13.1,0,0,0,0.1,0.1,0.05,-0.1,-0.1
473,Baptiste Reynet,FRA,GK,Nîmes,29,1990,38.0,0,2,1,50.0,0.05,0.03,0.00,0.00,10.5,0,0,0,0.1,0.1,0.05,-0.1,-0.1
474,Sergio Rico,ESP,GK,Paris S-G,26,1993,9.0,0,0,0,,0.00,0.00,,,,0,0,0,0.0,0.0,,0.0,0.0
475,Renaud Ripart,FRA,MF|FW,Nîmes,27,1993,33.9,11,61,19,31.1,1.80,0.56,0.08,0.26,18.5,0,6,7,10.7,5.2,0.09,+0.3,-0.2
476,Mihailo Ristić,SRB,DF,Montpellier,24,1995,24.8,0,20,6,30.0,0.81,0.24,0.00,0.00,22.6,0,0,0,0.7,0.7,0.04,-0.7,-0.7
477,Maxence Rivera,FRA,MF|FW,Saint-Étienne,18,2002,2.7,0,2,1,50.0,0.75,0.38,0.00,0.00,21.4,0,0,0,0.1,0.1,0.05,-0.1,-0.1
478,Christopher Rocchia,FRA,DF|FW,Marseille,22,1998,0.2,0,0,0,,0.00,0.00,,,,0,0,0,0.0,0.0,,0.0,0.0
479,Valentin Rongier,FRA,MF,Marseille,25,1994,21.0,1,17,6,35.3,0.81,0.29,0.06,0.17,24.7,0,0,0,0.7,0.7,0.04,+0.3,+0.3
480,Nolan Roux,FRA,FW,Nîmes,32,1988,7.2,0,10,1,10.0,1.38,0.14,0.00,0.00,22.3,0,0,0,0.4,0.4,0.04,-0.4,-0.4
481,Daniele Rugani,ITA,DF,Rennes,26,1994,1.0,0,1,1,100.0,1.00,1.00,0.00,0.00,9.2,0,0,0,0.1,0.1,0.13,-0.1,-0.1
482,Kays Ruiz,MAR,FW|MF,Paris S-G,17,2002,2.1,0,2,0,0.0,0.97,0.00,0.00,,23.3,0,0,0,0.1,0.1,0.03,-0.1,-0.1
483,Georginio Rutter,FRA,FW|MF,Rennes,18,2002,0.5,0,0,0,,0.00,0.00,,,,0,0,0,0.0,0.0,,0.0,0.0
484,Roli Pereira de Sa,FRA,FW|MF,Nantes,23,1996,0.6,0,4,0,0.0,6.43,0.00,0.00,,24.8,0,0,0,0.1,0.1,0.04,-0.1,-0.1
485,Idriss Saadi,ALG,MF|FW,Strasbourg,28,1992,1.4,0,6,3,50.0,4.32,2.16,0.00,0.00,11.0,0,0,0,1.7,1.7,0.28,-1.7,-1.7
486,Youssouf Sabaly,SEN,DF,Bordeaux,27,1993,32.3,1,13,2,15.4,0.40,0.06,0.08,0.50,21.9,0,0,0,0.6,0.6,0.05,+0.4,+0.4
487,Mathys Saban,FRA,FW,Saint-Étienne,18,2002,0.1,0,0,0,,0.00,0.00,,,,0,0,0,0.0,0.0,,0.0,0.0
488,Hiroki Sakai,JPN,DF,Marseille,30,1990,26.5,0,3,1,33.3,0.11,0.04,0.00,0.00,7.9,0,0,0,0.6,0.6,0.21,-0.6,-0.6
489,Moïse Sakava,CMR,MF,Reims,19,2000,0.1,0,1,0,0.0,11.25,0.00,0.00,,25.8,0,0,0,0.0,0.0,0.03,0.0,0.0
490,William Saliba,FRA,DF,Nice,19,2001,20.0,1,6,1,16.7,0.30,0.05,0.17,1.00,9.8,0,0,0,0.8,0.8,0.14,+0.2,+0.2
491,Romain Salin,FRA,GK,Rennes,36,1984,15.0,0,0,0,,0.00,0.00,,,,0,0,0,0.0,0.0,,0.0,0.0
492,Mama Samba Baldé,GNB,FW,Dijon,24,1995,24.0,7,58,19,32.8,2.42,0.79,0.12,0.37,15.2,0,0,0,8.1,8.1,0.14,-1.1,-1.1
493,Junior Sambia,FRA,DF|MF,Montpellier,23,1996,27.2,1,18,7,38.9,0.66,0.26,0.06,0.14,22.5,5,0,0,1.0,1.0,0.06,0.0,0.0
494,Frédéric Sammaritano,FRA,FW|MF,Dijon,34,1986,12.6,0,10,2,20.0,0.80,0.16,0.00,0.00,18.7,1,0,0,1.3,1.3,0.13,-1.3,-1.3
495,Renato Sanches,POR,MF,Lille,22,1997,14.1,1,21,3,14.3,1.49,0.21,0.05,0.33,24.1,2,0,0,2.4,2.4,0.12,-1.4,-1.4
496,Morgan Sanson,FRA,MF,Marseille,25,1994,9.2,2,11,3,27.3,1.20,0.33,0.18,0.67,20.3,0,0,0,0.9,0.9,0.09,+1.1,+1.1
497,Baptiste Santamaria,FRA,MF,Angers,25,1995,3.0,0,4,3,75.0,1.33,1.00,0.00,0.00,27.9,0,0,0,0.1,0.1,0.03,-0.1,-0.1
498,Pablo Sarabia,ESP,FW|MF,Paris S-G,28,1992,14.7,6,37,19,51.4,2.52,1.30,0.16,0.32,14.6,2,0,0,5.3,5.3,0.14,+0.7,+0.7
499,Bouna Sarr,SEN,DF,Marseille,28,1992,0.8,0,1,0,0.0,1.18,0.00,0.00,,27.8,0,0,0,0.0,0.0,0.03,0.0,0.0
500,Sidy Sarr,SEN,MF,Nîmes,24,1996,5.1,0,9,1,11.1,1.75,0.19,0.00,0.00,23.3,1,0,0,0.5,0.5,0.05,-0.5,-0.5
501,Téji Savanier,FRA,MF,Montpellier,28,1991,24.1,5,52,17,32.7,2.16,0.71,0.06,0.18,26.4,11,2,4,5.9,2.8,0.05,-0.9,+0.2
502,Aurélien Scheidler,FRA,FW,Dijon,22,1998,3.8,1,8,2,25.0,2.11,0.53,0.13,0.50,17.6,0,0,0,0.7,0.7,0.09,+0.3,+0.3
503,Morgan Schneiderlin,FRA,MF,Nice,30,1989,24.4,0,10,3,30.0,0.41,0.12,0.00,0.00,18.0,0,0,0,0.7,0.7,0.07,-0.7,-0.7
504,Malik Sellouki,FRA,FW|MF,Nice,20,2000,0.7,1,4,1,25.0,5.45,1.36,0.25,1.00,18.8,1,0,0,0.2,0.2,0.06,+0.8,+0.8
505,Matz Sels,BEL,GK,Strasbourg,28,1992,6.0,0,0,0,,0.00,0.00,,,,0,0,0,0.0,0.0,,0.0,0.0
506,Jean Seri,CIV,MF,Bordeaux,29,1991,7.9,0,4,0,0.0,0.51,0.00,0.00,,24.1,2,0,0,0.2,0.2,0.04,-0.2,-0.2
507,Mahame Siby,MLI,MF,Strasbourg,24,1996,0.2,0,0,0,,0.00,0.00,,,,0,0,0,0.0,0.0,,0.0,0.0
508,Abdoulaye Sidibé,FRA,MF,Saint-Étienne,18,2002,0.1,0,0,0,,0.00,0.00,,,,0,0,0,0.0,0.0,,0.0,0.0
509,Djibril Sidibé,FRA,DF,Monaco,28,1992,22.0,0,5,1,20.0,0.23,0.05,0.00,0.00,30.6,3,0,0,0.2,0.2,0.04,-0.2,-0.2
510,Kaj Sierhuis,NED,FW|MF,Reims,22,1998,7.2,0,14,3,21.4,1.93,0.41,0.00,0.00,16.4,1,0,0,0.9,0.9,0.07,-0.9,-0.9
511,Caio Henrique Oliveira Silva,BRA,DF,Monaco,23,1997,26.3,0,5,1,20.0,0.19,0.04,0.00,0.00,15.9,0,0,0,0.5,0.5,0.10,-0.5,-0.5
512,Florent da Silva,FRA,FW,Lyon,17,2003,0.0,0,0,0,,0.00,0.00,,,,0,0,0,0.0,0.0,,0.0,0.0
513,Gabriel Silva,BRA,DF,Saint-Étienne,29,1991,3.9,0,0,0,,0.00,0.00,,,,0,0,0,0.0,0.0,,0.0,0.0
514,Mohamed Simakan,FRA,DF,Strasbourg,20,2000,17.9,1,14,4,28.6,0.78,0.22,0.07,0.25,14.8,0,0,0,1.3,1.3,0.10,-0.3,-0.3
515,Moses Simon,NGA,FW|MF,Nantes,25,1995,25.8,6,37,17,45.9,1.43,0.66,0.14,0.29,14.5,1,1,1,7.7,7.0,0.19,-1.7,-2.0
516,Xavi Simons,NED,MF,Paris S-G,17,2003,0.0,0,1,0,0.0,45.00,0.00,0.00,,23.4,0,0,0,0.0,0.0,0.03,0.0,0.0
517,Issouf Sissokho,MLI,MF|DF,Bordeaux,18,2002,0.9,1,2,1,50.0,2.31,1.15,0.50,1.00,26.4,0,0,0,0.1,0.1,0.03,+0.9,+0.9
518,Ibrahima Sissoko,MLI,MF,Strasbourg,22,1997,28.7,0,25,3,12.0,0.87,0.10,0.00,0.00,19.4,0,0,0,2.0,2.0,0.08,-2.0,-2.0
519,Nelson Sissoko,FRA,DF,Saint-Étienne,23,1997,5.3,0,1,0,0.0,0.19,0.00,0.00,,35.6,0,0,0,0.0,0.0,0.02,0.0,0.0
520,Jacques Siwe,FRA,FW,Dijon,19,2001,1.9,0,3,0,0.0,1.60,0.00,0.00,,18.0,0,0,0,0.2,0.2,0.06,-0.2,-0.2
521,Petar Škuletić,SRB,FW|MF,Montpellier,30,1990,2.6,2,11,5,45.5,4.23,1.92,0.18,0.40,15.3,0,0,0,1.4,1.4,0.13,+0.6,+0.6
522,Islam Slimani,ALG,FW,Lyon,32,1988,6.4,3,18,7,38.9,2.80,1.09,0.17,0.43,11.2,0,0,0,3.7,3.7,0.20,-0.7,-0.7
523,Brandon Soppy,FRA,DF,Rennes,18,2002,6.2,0,5,1,20.0,0.81,0.16,0.00,0.00,25.5,0,0,0,0.2,0.2,0.03,-0.2,-0.2
524,Florian Sotoca,FRA,FW,Lens,29,1990,26.8,8,69,17,24.6,2.57,0.63,0.09,0.35,13.9,0,2,2,10.2,8.6,0.13,-2.2,-2.6
525,Cheick Souaré,FRA,MF,Marseille,17,2002,0.1,0,0,0,,0.00,0.00,,,,0,0,0,0.0,0.0,,0.0,0.0
526,Rayan Souici,FRA,DF,Saint-Étienne,22,1998,0.1,0,0,0,,0.00,0.00,,,,0,0,0,0.0,0.0,,0.0,0.0
527,Adama Soumaoro,FRA,DF,Lille,28,1992,1.6,0,2,0,0.0,1.24,0.00,0.00,,17.8,0,0,0,0.1,0.1,0.07,-0.1,-0.1
528,Boubakary Soumaré,FRA,MF,Lille,21,1999,21.3,0,8,3,37.5,0.38,0.14,0.00,0.00,25.7,0,0,0,0.3,0.3,0.04,-0.3,-0.3
529,Yaya Soumaré,MLI,FW,Lyon,20,2000,0.0,0,0,0,,0.00,0.00,,,,0,0,0,0.0,0.0,,0.0,0.0
530,Arnaud Souquet,FRA,DF,Montpellier,28,1992,13.6,1,6,2,33.3,0.44,0.15,0.17,0.50,23.0,0,0,0,0.2,0.2,0.04,+0.8,+0.8
531,Ansou Sow,SEN,MF,Lens,20,2000,0.1,0,0,0,,0.00,0.00,,,,0,0,0,0.0,0.0,,0.0,0.0
532,Saidou Sow,GUI,DF,Saint-Étienne,18,2002,11.1,0,2,1,50.0,0.18,0.09,0.00,0.00,9.0,0,0,0,0.2,0.2,0.10,-0.2,-0.2
533,Kevin Strootman,NED,MF|FW,Marseille,30,1990,2.6,0,0,0,,0.00,0.00,,,,0,0,0,0.0,0.0,,0.0,0.0
534,Abdoulaye Sylla,GUI,DF,Nantes,20,2000,0.1,0,0,0,,0.00,0.00,,,,0,0,0,0.0,0.0,,0.0,0.0
535,Issiaga Sylla,GUI,DF|MF,Lens,26,1994,12.4,1,10,2,20.0,0.81,0.16,0.10,0.50,10.4,0,0,0,1.6,1.6,0.16,-0.6,-0.6
536,Eddy Sylvestre,FRA,FW|MF,Nice,20,1999,1.1,0,0,0,,0.00,0.00,,,,0,0,0,0.0,0.0,,0.0,0.0
537,Waniss Taibi,FRA,MF,Angers,18,2002,0.4,0,0,0,,0.00,0.00,,,,0,0,0,0.0,0.0,,0.0,0.0
538,Flavien Tait,FRA,MF|FW,Rennes,27,1993,15.2,1,25,8,32.0,1.64,0.53,0.04,0.13,19.8,0,0,0,1.9,1.9,0.08,-0.9,-0.9
539,Heriberto Tavares,POR,FW|MF,Brest,23,1997,0.5,0,1,1,100.0,2.09,2.09,0.00,0.00,9.9,0,0,0,0.3,0.3,0.29,-0.3,-0.3
540,Warren Tchimbembé,CGO,MF|FW,Metz,22,1998,5.5,0,6,1,16.7,1.09,0.18,0.00,0.00,19.8,0,0,0,0.3,0.3,0.06,-0.3,-0.3
541,Aurélien Tchouaméni,FRA,MF,Monaco,20,2000,34.0,2,53,11,20.8,1.56,0.32,0.04,0.18,18.4,0,0,0,4.1,4.1,0.08,-2.1,-2.1
542,Martin Terrier,FRA,FW|MF,Rennes,23,1997,27.1,9,46,17,37.0,1.70,0.63,0.17,0.47,16.1,0,1,1,5.3,4.6,0.10,+3.7,+3.4
543,Kenny Tete,NED,DF,Lyon,24,1995,0.2,0,0,0,,0.00,0.00,,,,0,0,0,0.0,0.0,,0.0,0.0
544,Florian Thauvin,FRA,FW|MF,Marseille,27,1993,30.4,8,69,18,26.1,2.27,0.59,0.12,0.44,18.8,6,0,2,9.0,7.4,0.11,-1.0,+0.6
545,Sada Thioub,SEN,FW|MF,Angers,25,1995,14.0,1,23,6,26.1,1.65,0.43,0.04,0.17,19.0,0,0,0,1.1,1.1,0.05,-0.1,-0.1
546,Romain Thomas,FRA,DF,Angers,32,1988,33.6,4,14,6,42.9,0.42,0.18,0.29,0.67,9.3,0,0,0,2.6,2.6,0.19,+1.4,+1.4
547,Adrien Thomasson,FRA,MF|FW,Strasbourg,26,1993,29.2,5,47,15,31.9,1.61,0.51,0.11,0.33,16.6,0,0,0,6.2,6.2,0.13,-1.2,-1.2
548,Khéphren Thuram,FRA,MF,Nice,19,2001,16.6,2,10,4,40.0,0.60,0.24,0.20,0.50,17.6,0,0,0,1.0,1.0,0.10,+1.0,+1.0
549,Cheikh Tidiane Sabaly,SEN,FW,Metz,21,1999,0.1,0,1,0,0.0,7.50,0.00,0.00,,24.4,0,0,0,0.0,0.0,0.03,0.0,0.0
550,Jean-Clair Todibo,FRA,DF,Nice,20,1999,14.8,1,7,1,14.3,0.47,0.07,0.14,1.00,11.3,0,0,0,0.7,0.7,0.10,+0.3,+0.3
551,Karl Toko Ekambi,CMR,FW,Lyon,27,1992,31.2,14,90,39,43.3,2.88,1.25,0.16,0.36,13.6,0,0,0,17.3,17.3,0.19,-3.3,-3.3
552,Tyron Tormin,FRA,FW|MF,Saint-Étienne,19,2001,0.2,0,1,0,0.0,4.29,0.00,0.00,,22.8,0,0,0,0.0,0.0,0.03,0.0,0.0
553,Abdoulaye Touré,GUI,MF,Nantes,26,1994,18.7,2,26,4,15.4,1.39,0.21,0.04,0.25,24.2,0,1,1,2.6,1.8,0.07,-0.6,-0.8
554,Amadou Traore,FRA,FW|MF,Bordeaux,18,2002,3.4,0,3,1,33.3,0.89,0.30,0.00,0.00,18.0,0,0,0,0.2,0.2,0.07,-0.2,-0.2
555,Boubacar Traoré,MLI,MF,Metz,18,2001,0.6,1,2,1,50.0,3.33,1.67,0.50,1.00,32.9,0,0,0,0.0,0.0,0.02,+1.0,+1.0
556,Charles Traore,MLI,DF,Nantes,28,1992,18.9,1,3,2,66.7,0.16,0.11,0.33,0.50,23.3,0,0,0,0.2,0.2,0.05,+0.8,+0.8
557,Cheick Traoré,MLI,DF,Lens,25,1995,0.4,0,0,0,,0.00,0.00,,,,0,0,0,0.0,0.0,,0.0,0.0
558,Hamari Traoré,MLI,DF,Rennes,28,1992,33.3,1,23,5,21.7,0.69,0.15,0.04,0.20,20.0,0,0,0,1.2,1.2,0.05,-0.2,-0.2
559,Ismaël Traoré,CIV,DF,Angers,33,1986,33.3,3,13,5,38.5,0.39,0.15,0.23,0.60,9.8,0,0,0,1.5,1.5,0.12,+1.5,+1.5
560,Miguel Trauco,PER,DF,Saint-Étienne,27,1992,22.6,0,6,1,16.7,0.27,0.04,0.00,0.00,24.9,0,0,0,0.2,0.2,0.03,-0.2,-0.2
561,Alexis Trouillet,FRA,MF|FW,Nice,19,2000,1.2,0,2,0,0.0,1.65,0.00,0.00,,22.2,0,0,0,0.1,0.1,0.04,-0.1,-0.1
562,Adrien Truffert,FRA,DF|MF,Rennes,18,2001,21.7,1,24,3,12.5,1.11,0.14,0.04,0.33,20.5,0,0,0,1.1,1.1,0.05,-0.1,-0.1
563,Marvin Tshibuabua,FRA,DF,Saint-Étienne,18,2002,0.5,0,2,0,0.0,4.19,0.00,0.00,,11.5,0,0,0,0.2,0.2,0.08,-0.2,-0.2
564,Matthieu Udol,FRA,DF,Metz,24,1996,19.2,0,13,4,30.8,0.68,0.21,0.00,0.00,21.5,0,0,0,0.6,0.6,0.05,-0.6,-0.6
565,Naomichi Ueda,JPN,DF,Nîmes,25,1994,7.9,0,2,1,50.0,0.25,0.13,0.00,0.00,9.9,0,0,0,0.2,0.2,0.10,-0.2,-0.2
566,Lesley Ugochukwu,FRA,MF,Rennes,16,2004,0.7,0,2,0,0.0,2.77,0.00,0.00,,16.8,0,0,0,0.1,0.1,0.07,-0.1,-0.1
567,Hwang Ui-jo,KOR,FW|MF,Bordeaux,27,1992,27.8,12,73,27,37.0,2.62,0.97,0.12,0.33,14.8,0,3,3,12.6,10.3,0.14,-0.6,-1.3
568,Antoine Valerio,FRA,MF,Nîmes,20,1999,0.8,0,0,0,,0.00,0.00,,,,0,0,0,0.0,0.0,,0.0,0.0
569,Marco Verratti,ITA,MF,Paris S-G,27,1992,16.6,0,10,4,40.0,0.60,0.24,0.00,0.00,16.8,0,0,0,1.3,1.3,0.13,-1.3,-1.3
570,Clément Vidal,FRA,DF,Montpellier,20,2000,1.0,0,0,0,,0.00,0.00,,,,0,0,0,0.0,0.0,,0.0,0.0
571,Kevin Volland,GER,FW|MF,Monaco,28,1992,30.8,16,56,30,53.6,1.82,0.98,0.29,0.53,12.6,2,0,0,11.6,11.6,0.21,+4.4,+4.4
572,Franklin Wadja,CMR,MF|FW,Lorient,25,1995,0.4,0,1,0,0.0,2.73,0.00,0.00,,32.4,0,0,0,0.0,0.0,0.02,0.0,0.0
573,Elye Wahi,FRA,FW,Montpellier,17,2003,6.2,3,12,7,58.3,1.95,1.14,0.25,0.43,9.3,0,0,0,2.5,2.5,0.20,+0.5,+0.5
574,Timothy Weah,USA,FW|MF,Lille,20,2000,9.8,3,24,9,37.5,2.46,0.92,0.13,0.33,16.6,0,0,0,3.0,3.0,0.12,0.0,0.0
575,Yoane Wissa,COD,MF|FW,Lorient,23,1996,29.7,10,52,19,36.5,1.75,0.64,0.12,0.32,16.9,0,4,5,12.1,8.8,0.17,-2.1,-2.8
576,Xeka,POR,MF,Lille,25,1994,13.3,1,18,5,27.8,1.35,0.37,0.06,0.20,22.3,0,0,0,0.9,0.9,0.05,+0.1,+0.1
577,Yusuf Yazıcı,TUR,FW|MF,Lille,23,1997,12.1,7,44,21,47.7,3.65,1.74,0.16,0.33,19.5,4,0,0,4.2,4.2,0.10,+2.8,+2.8
578,Burak Yılmaz,TUR,FW,Lille,35,1985,22.8,16,62,29,46.8,2.72,1.27,0.19,0.41,20.2,11,4,4,10.0,6.8,0.11,+6.0,+5.2
579,Wilitty Younoussa,CMR,MF,Dijon,18,2001,0.9,0,2,0,0.0,2.34,0.00,0.00,,27.8,0,0,0,0.1,0.1,0.03,-0.1,-0.1
580,Zaydou Youssouf,FRA,MF,Saint-Étienne,21,1999,13.7,1,15,4,26.7,1.10,0.29,0.07,0.25,22.8,2,0,0,1.4,1.4,0.09,-0.4,-0.4
581,Arthur Zagre,FRA,DF|MF,Dijon,18,2001,1.4,0,0,0,,0.00,0.00,,,,0,0,0,0.0,0.0,,0.0,0.0
582,Arber Zeneli,KVX,MF|FW,Reims,25,1995,14.3,3,21,10,47.6,1.47,0.70,0.14,0.30,20.4,1,0,0,1.5,1.5,0.07,+1.5,+1.5
583,Mehdi Zerkane,ALG,MF|FW,Bordeaux,21,1999,13.2,1,15,7,46.7,1.14,0.53,0.07,0.14,17.0,0,0,0,1.6,1.6,0.11,-0.6,-0.6
584,Kévin Zohi,MLI,FW|MF,Strasbourg,23,1996,4.8,2,15,8,53.3,3.10,1.65,0.13,0.25,17.5,0,0,0,0.9,0.9,0.06,+1.1,+1.1
